2025-11-30T16:37:54.376+03:00  INFO 15376 --- [auction] [main] com.project.auction.AuctionApplication   : Starting AuctionApplication using Java 17.0.16 with PID 15376 (C:\progect\auction\auction\server\target\classes started by User in C:\progect\auction\auction\server)
2025-11-30T16:37:54.376+03:00  INFO 15376 --- [auction] [main] com.project.auction.AuctionApplication   : No active profile set, falling back to 1 default profile: "default"
2025-11-30T16:37:54.880+03:00  INFO 15376 --- [auction] [main] .s.d.r.c.RepositoryConfigurationDelegate : Bootstrapping Spring Data JPA repositories in DEFAULT mode.
2025-11-30T16:37:54.927+03:00  INFO 15376 --- [auction] [main] .s.d.r.c.RepositoryConfigurationDelegate : Finished Spring Data repository scanning in 43 ms. Found 1 JPA repository interface.
2025-11-30T16:37:55.388+03:00  INFO 15376 --- [auction] [main] o.s.boot.tomcat.TomcatWebServer          : Tomcat initialized with port 8080 (http)
2025-11-30T16:37:55.408+03:00  INFO 15376 --- [auction] [main] o.apache.catalina.core.StandardService   : Starting service [Tomcat]
2025-11-30T16:37:55.409+03:00  INFO 15376 --- [auction] [main] o.apache.catalina.core.StandardEngine    : Starting Servlet engine: [Apache Tomcat/11.0.14]
2025-11-30T16:37:55.460+03:00  INFO 15376 --- [auction] [main] b.w.c.s.WebApplicationContextInitializer : Root WebApplicationContext: initialization completed in 1038 ms
2025-11-30T16:37:55.542+03:00  INFO 15376 --- [auction] [main] com.zaxxer.hikari.HikariDataSource       : HikariPool-1 - Starting...
2025-11-30T16:37:55.640+03:00  INFO 15376 --- [auction] [main] com.zaxxer.hikari.pool.HikariPool        : HikariPool-1 - Added connection org.postgresql.jdbc.PgConnection@72028a45
2025-11-30T16:37:55.640+03:00  INFO 15376 --- [auction] [main] com.zaxxer.hikari.HikariDataSource       : HikariPool-1 - Start completed.
2025-11-30T16:37:55.661+03:00  INFO 15376 --- [auction] [main] o.hibernate.jpa.internal.util.LogHelper  : HHH000204: Processing PersistenceUnitInfo [name: default]
2025-11-30T16:37:55.694+03:00  INFO 15376 --- [auction] [main] org.hibernate.Version                    : HHH000412: Hibernate ORM core version 7.1.8.Final
2025-11-30T16:37:56.075+03:00  INFO 15376 --- [auction] [main] o.s.o.j.p.SpringPersistenceUnitInfo      : No LoadTimeWeaver setup: ignoring JPA class transformer
2025-11-30T16:37:56.694+03:00  INFO 15376 --- [auction] [main] org.hibernate.orm.connections.pooling    : HHH10001005: Database info:
	Database JDBC URL [jdbc:postgresql://localhost:5432/auction]
	Database driver: PostgreSQL JDBC Driver
	Database dialect: PostgreSQLDialect
	Database version: 18.1
	Default catalog/schema: auction/public
	Autocommit mode: undefined/unknown
	Isolation level: READ_COMMITTED [default READ_COMMITTED]
	JDBC fetch size: none
	Pool: DatasourceConnectionProviderImpl
	Minimum pool size: undefined/unknown
	Maximum pool size: undefined/unknown
2025-11-30T16:37:57.443+03:00  INFO 15376 --- [auction] [main] o.h.e.t.j.p.i.JtaPlatformInitiator       : HHH000489: No JTA platform available (set 'hibernate.transaction.jta.platform' to enable JTA platform integration)
2025-11-30T16:37:57.443+03:00  INFO 15376 --- [auction] [main] j.LocalContainerEntityManagerFactoryBean : Initialized JPA EntityManagerFactory for persistence unit 'default'
2025-11-30T16:37:57.511+03:00  INFO 15376 --- [auction] [main] o.s.d.j.r.query.QueryEnhancerFactories   : Hibernate is in classpath; If applicable, HQL parser will be used.
2025-11-30T16:37:57.744+03:00  INFO 15376 --- [auction] [main] r$InitializeUserDetailsManagerConfigurer : Global AuthenticationManager configured with UserDetailsService bean with name userDetailsServiceImpl
2025-11-30T16:37:57.777+03:00  WARN 15376 --- [auction] [main] JpaBaseConfiguration$JpaWebConfiguration : spring.jpa.open-in-view is enabled by default. Therefore, database queries may be performed during view rendering. Explicitly configure spring.jpa.open-in-view to disable this warning
2025-11-30T16:37:57.926+03:00 DEBUG 15376 --- [auction] [main] o.s.s.web.DefaultSecurityFilterChain     : Will secure any request with filters: DisableEncodeUrlFilter, WebAsyncManagerIntegrationFilter, SecurityContextHolderFilter, HeaderWriterFilter, CorsFilter, LogoutFilter, AuthTokenFilter, RequestCacheAwareFilter, SecurityContextHolderAwareRequestFilter, AnonymousAuthenticationFilter, SessionManagementFilter, ExceptionTranslationFilter, AuthorizationFilter
2025-11-30T16:37:57.977+03:00  INFO 15376 --- [auction] [main] o.s.b.w.a.WelcomePageHandlerMapping      : Adding welcome page: class path resource [static/index.html]
2025-11-30T16:37:58.192+03:00  INFO 15376 --- [auction] [main] o.s.boot.tomcat.TomcatWebServer          : Tomcat started on port 8080 (http) with context path '/'
2025-11-30T16:37:58.209+03:00  INFO 15376 --- [auction] [main] com.project.auction.AuctionApplication   : Started AuctionApplication in 4.251 seconds (process running for 4.533)
2025-11-30T16:38:03.088+03:00  INFO 15376 --- [auction] [http-nio-8080-exec-1] o.a.c.c.C.[Tomcat].[localhost].[/]       : Initializing Spring DispatcherServlet 'dispatcherServlet'
2025-11-30T16:38:03.088+03:00  INFO 15376 --- [auction] [http-nio-8080-exec-1] o.s.web.servlet.DispatcherServlet        : Initializing Servlet 'dispatcherServlet'
2025-11-30T16:38:03.088+03:00  INFO 15376 --- [auction] [http-nio-8080-exec-1] o.s.web.servlet.DispatcherServlet        : Completed initialization in 0 ms
2025-11-30T16:38:03.088+03:00 TRACE 15376 --- [auction] [http-nio-8080-exec-1] o.s.security.web.FilterChainProxy        : Trying to match request against DefaultSecurityFilterChain defined as 'filterChain' in [class path resource [com/project/auction/config/WebSecurityConfig.class]] matching [any request] and having filters [DisableEncodeUrl, WebAsyncManagerIntegration, SecurityContextHolder, HeaderWriter, Cors, Logout, AuthToken, RequestCacheAware, SecurityContextHolderAwareRequest, AnonymousAuthentication, SessionManagement, ExceptionTranslation, Authorization] (1/1)
2025-11-30T16:38:03.103+03:00 DEBUG 15376 --- [auction] [http-nio-8080-exec-1] o.s.security.web.FilterChainProxy        : Securing OPTIONS /api/auth/signup
2025-11-30T16:38:03.104+03:00 TRACE 15376 --- [auction] [http-nio-8080-exec-1] o.s.security.web.FilterChainProxy        : Invoking DisableEncodeUrlFilter (1/13)
2025-11-30T16:38:03.107+03:00 TRACE 15376 --- [auction] [http-nio-8080-exec-1] o.s.security.web.FilterChainProxy        : Invoking WebAsyncManagerIntegrationFilter (2/13)
2025-11-30T16:38:03.110+03:00 TRACE 15376 --- [auction] [http-nio-8080-exec-1] o.s.security.web.FilterChainProxy        : Invoking SecurityContextHolderFilter (3/13)
2025-11-30T16:38:03.112+03:00 TRACE 15376 --- [auction] [http-nio-8080-exec-1] o.s.security.web.FilterChainProxy        : Invoking HeaderWriterFilter (4/13)
2025-11-30T16:38:03.115+03:00 TRACE 15376 --- [auction] [http-nio-8080-exec-1] o.s.security.web.FilterChainProxy        : Invoking CorsFilter (5/13)
2025-11-30T16:38:03.130+03:00 TRACE 15376 --- [auction] [http-nio-8080-exec-1] o.s.s.w.header.writers.HstsHeaderWriter  : Not injecting HSTS header since it did not match request to [Is Secure]
2025-11-30T16:38:03.142+03:00 TRACE 15376 --- [auction] [http-nio-8080-exec-3] o.s.security.web.FilterChainProxy        : Trying to match request against DefaultSecurityFilterChain defined as 'filterChain' in [class path resource [com/project/auction/config/WebSecurityConfig.class]] matching [any request] and having filters [DisableEncodeUrl, WebAsyncManagerIntegration, SecurityContextHolder, HeaderWriter, Cors, Logout, AuthToken, RequestCacheAware, SecurityContextHolderAwareRequest, AnonymousAuthentication, SessionManagement, ExceptionTranslation, Authorization] (1/1)
2025-11-30T16:38:03.144+03:00 DEBUG 15376 --- [auction] [http-nio-8080-exec-3] o.s.security.web.FilterChainProxy        : Securing POST /api/auth/signup
2025-11-30T16:38:03.144+03:00 TRACE 15376 --- [auction] [http-nio-8080-exec-3] o.s.security.web.FilterChainProxy        : Invoking DisableEncodeUrlFilter (1/13)
2025-11-30T16:38:03.144+03:00 TRACE 15376 --- [auction] [http-nio-8080-exec-3] o.s.security.web.FilterChainProxy        : Invoking WebAsyncManagerIntegrationFilter (2/13)
2025-11-30T16:38:03.145+03:00 TRACE 15376 --- [auction] [http-nio-8080-exec-3] o.s.security.web.FilterChainProxy        : Invoking SecurityContextHolderFilter (3/13)
2025-11-30T16:38:03.145+03:00 TRACE 15376 --- [auction] [http-nio-8080-exec-3] o.s.security.web.FilterChainProxy        : Invoking HeaderWriterFilter (4/13)
2025-11-30T16:38:03.145+03:00 TRACE 15376 --- [auction] [http-nio-8080-exec-3] o.s.security.web.FilterChainProxy        : Invoking CorsFilter (5/13)
2025-11-30T16:38:03.145+03:00 TRACE 15376 --- [auction] [http-nio-8080-exec-3] o.s.security.web.FilterChainProxy        : Invoking LogoutFilter (6/13)
2025-11-30T16:38:03.145+03:00 TRACE 15376 --- [auction] [http-nio-8080-exec-3] o.s.s.w.a.logout.LogoutFilter            : Did not match request to Or [PathPattern [GET /logout], PathPattern [POST /logout], PathPattern [PUT /logout], PathPattern [DELETE /logout]]
2025-11-30T16:38:03.145+03:00 TRACE 15376 --- [auction] [http-nio-8080-exec-3] o.s.security.web.FilterChainProxy        : Invoking AuthTokenFilter (7/13)
2025-11-30T16:38:03.151+03:00 TRACE 15376 --- [auction] [http-nio-8080-exec-3] o.s.security.web.FilterChainProxy        : Invoking RequestCacheAwareFilter (8/13)
2025-11-30T16:38:03.151+03:00 TRACE 15376 --- [auction] [http-nio-8080-exec-3] o.s.security.web.FilterChainProxy        : Invoking SecurityContextHolderAwareRequestFilter (9/13)
2025-11-30T16:38:03.151+03:00 TRACE 15376 --- [auction] [http-nio-8080-exec-3] o.s.security.web.FilterChainProxy        : Invoking AnonymousAuthenticationFilter (10/13)
2025-11-30T16:38:03.151+03:00 TRACE 15376 --- [auction] [http-nio-8080-exec-3] o.s.security.web.FilterChainProxy        : Invoking SessionManagementFilter (11/13)
2025-11-30T16:38:03.151+03:00 TRACE 15376 --- [auction] [http-nio-8080-exec-3] .s.s.w.c.SupplierDeferredSecurityContext : Created SecurityContextImpl [Null authentication]
2025-11-30T16:38:03.151+03:00 TRACE 15376 --- [auction] [http-nio-8080-exec-3] o.s.s.w.a.AnonymousAuthenticationFilter  : Set SecurityContextHolder to AnonymousAuthenticationToken [Principal=anonymousUser, Credentials=[PROTECTED], Authenticated=true, Details=WebAuthenticationDetails [RemoteIpAddress=0:0:0:0:0:0:0:1, SessionId=null], Granted Authorities=[ROLE_ANONYMOUS]]
2025-11-30T16:38:03.151+03:00 TRACE 15376 --- [auction] [http-nio-8080-exec-3] o.s.security.web.FilterChainProxy        : Invoking ExceptionTranslationFilter (12/13)
2025-11-30T16:38:03.155+03:00 TRACE 15376 --- [auction] [http-nio-8080-exec-3] o.s.security.web.FilterChainProxy        : Invoking AuthorizationFilter (13/13)
2025-11-30T16:38:03.155+03:00 TRACE 15376 --- [auction] [http-nio-8080-exec-3] estMatcherDelegatingAuthorizationManager : Authorizing POST /api/auth/signup
2025-11-30T16:38:03.155+03:00 TRACE 15376 --- [auction] [http-nio-8080-exec-3] estMatcherDelegatingAuthorizationManager : Checking authorization on POST /api/auth/signup using org.springframework.security.authorization.SingleResultAuthorizationManager@316974f4
2025-11-30T16:38:03.155+03:00 DEBUG 15376 --- [auction] [http-nio-8080-exec-3] o.s.security.web.FilterChainProxy        : Secured POST /api/auth/signup
2025-11-30T16:38:03.241+03:00 TRACE 15376 --- [auction] [http-nio-8080-exec-3] o.s.s.w.header.writers.HstsHeaderWriter  : Not injecting HSTS header since it did not match request to [Is Secure]
2025-11-30T16:38:03.241+03:00 ERROR 15376 --- [auction] [http-nio-8080-exec-3] o.a.c.c.C.[.[.[/].[dispatcherServlet]    : Servlet.service() for servlet [dispatcherServlet] in context with path [] threw exception [Request processing failed: org.springframework.data.core.PropertyReferenceException: No property 'user' found for type 'Long'; Traversed path: User.id] with root cause

org.springframework.data.core.PropertyReferenceException: No property 'user' found for type 'Long'; Traversed path: User.id
	at org.springframework.data.core.SimplePropertyPath.<init>(SimplePropertyPath.java:93) ~[spring-data-commons-4.0.0.jar:4.0.0]
	at org.springframework.data.core.SimplePropertyPath.create(SimplePropertyPath.java:360) ~[spring-data-commons-4.0.0.jar:4.0.0]
	at org.springframework.data.core.SimplePropertyPath.create(SimplePropertyPath.java:335) ~[spring-data-commons-4.0.0.jar:4.0.0]
	at org.springframework.data.core.SimplePropertyPath.create(SimplePropertyPath.java:319) ~[spring-data-commons-4.0.0.jar:4.0.0]
	at org.springframework.data.core.SimplePropertyPath.lambda$from$0(SimplePropertyPath.java:291) ~[spring-data-commons-4.0.0.jar:4.0.0]
	at org.springframework.util.ConcurrentReferenceHashMap$6.execute(ConcurrentReferenceHashMap.java:380) ~[spring-core-7.0.1.jar:7.0.1]
	at org.springframework.util.ConcurrentReferenceHashMap$Segment.doTask(ConcurrentReferenceHashMap.java:667) ~[spring-core-7.0.1.jar:7.0.1]
	at org.springframework.util.ConcurrentReferenceHashMap.doTask(ConcurrentReferenceHashMap.java:551) ~[spring-core-7.0.1.jar:7.0.1]
	at org.springframework.util.ConcurrentReferenceHashMap.computeIfAbsent(ConcurrentReferenceHashMap.java:374) ~[spring-core-7.0.1.jar:7.0.1]
	at org.springframework.data.core.SimplePropertyPath.from(SimplePropertyPath.java:270) ~[spring-data-commons-4.0.0.jar:4.0.0]
	at org.springframework.data.core.PropertyPath.from(PropertyPath.java:210) ~[spring-data-commons-4.0.0.jar:4.0.0]
	at org.springframework.data.core.PropertyPath.from(PropertyPath.java:193) ~[spring-data-commons-4.0.0.jar:4.0.0]
	at org.springframework.data.jpa.repository.query.JpaQueryCreator.doSelect(JpaQueryCreator.java:348) ~[spring-data-jpa-4.0.0.jar:4.0.0]
	at org.springframework.data.jpa.repository.query.JpaQueryCreator.buildQuery(JpaQueryCreator.java:230) ~[spring-data-jpa-4.0.0.jar:4.0.0]
	at org.springframework.data.jpa.repository.query.JpaQueryCreator.createQuery(JpaQueryCreator.java:213) ~[spring-data-jpa-4.0.0.jar:4.0.0]
	at org.springframework.data.jpa.repository.query.JpaQueryCreator.complete(JpaQueryCreator.java:207) ~[spring-data-jpa-4.0.0.jar:4.0.0]
	at org.springframework.data.jpa.repository.query.JpaQueryCreator.complete(JpaQueryCreator.java:1) ~[spring-data-jpa-4.0.0.jar:4.0.0]
	at org.springframework.data.repository.query.parser.AbstractQueryCreator.createQuery(AbstractQueryCreator.java:96) ~[spring-data-commons-4.0.0.jar:4.0.0]
	at org.springframework.data.jpa.repository.query.JpaQueryCreator.createQuery(JpaQueryCreator.java:1) ~[spring-data-jpa-4.0.0.jar:4.0.0]
	at org.springframework.data.jpa.repository.query.PartTreeJpaQuery$QueryPreparer$CacheableJpqlQueryCreator.<init>(PartTreeJpaQuery.java:331) ~[spring-data-jpa-4.0.0.jar:4.0.0]
	at org.springframework.data.jpa.repository.query.PartTreeJpaQuery$QueryPreparer.createCreator(PartTreeJpaQuery.java:311) ~[spring-data-jpa-4.0.0.jar:4.0.0]
	at org.springframework.data.jpa.repository.query.PartTreeJpaQuery$QueryPreparer.createQuery(PartTreeJpaQuery.java:227) ~[spring-data-jpa-4.0.0.jar:4.0.0]
	at org.springframework.data.jpa.repository.query.PartTreeJpaQuery.doCreateQuery(PartTreeJpaQuery.java:122) ~[spring-data-jpa-4.0.0.jar:4.0.0]
	at org.springframework.data.jpa.repository.query.AbstractJpaQuery.createQuery(AbstractJpaQuery.java:264) ~[spring-data-jpa-4.0.0.jar:4.0.0]
	at org.springframework.data.jpa.repository.query.JpaQueryExecution$ExistsExecution.doExecute(JpaQueryExecution.java:440) ~[spring-data-jpa-4.0.0.jar:4.0.0]
	at org.springframework.data.jpa.repository.query.JpaQueryExecution.execute(JpaQueryExecution.java:99) ~[spring-data-jpa-4.0.0.jar:4.0.0]
	at org.springframework.data.jpa.repository.query.AbstractJpaQuery.doExecute(AbstractJpaQuery.java:164) ~[spring-data-jpa-4.0.0.jar:4.0.0]
	at org.springframework.data.jpa.repository.query.AbstractJpaQuery.execute(AbstractJpaQuery.java:154) ~[spring-data-jpa-4.0.0.jar:4.0.0]
	at org.springframework.data.repository.core.support.RepositoryMethodInvoker.doInvoke(RepositoryMethodInvoker.java:169) ~[spring-data-commons-4.0.0.jar:4.0.0]
	at org.springframework.data.repository.core.support.RepositoryMethodInvoker.invoke(RepositoryMethodInvoker.java:158) ~[spring-data-commons-4.0.0.jar:4.0.0]
	at org.springframework.data.repository.core.support.QueryExecutorMethodInterceptor.doInvoke(QueryExecutorMethodInterceptor.java:167) ~[spring-data-commons-4.0.0.jar:4.0.0]
	at org.springframework.data.repository.core.support.QueryExecutorMethodInterceptor.invoke(QueryExecutorMethodInterceptor.java:146) ~[spring-data-commons-4.0.0.jar:4.0.0]
	at org.springframework.aop.framework.ReflectiveMethodInvocation.proceed(ReflectiveMethodInvocation.java:179) ~[spring-aop-7.0.1.jar:7.0.1]
	at org.springframework.data.projection.DefaultMethodInvokingMethodInterceptor.invoke(DefaultMethodInvokingMethodInterceptor.java:69) ~[spring-data-commons-4.0.0.jar:4.0.0]
	at org.springframework.aop.framework.ReflectiveMethodInvocation.proceed(ReflectiveMethodInvocation.java:179) ~[spring-aop-7.0.1.jar:7.0.1]
	at org.springframework.transaction.interceptor.TransactionAspectSupport.invokeWithinTransaction(TransactionAspectSupport.java:370) ~[spring-tx-7.0.1.jar:7.0.1]
	at org.springframework.transaction.interceptor.TransactionInterceptor.invoke(TransactionInterceptor.java:118) ~[spring-tx-7.0.1.jar:7.0.1]
	at org.springframework.aop.framework.ReflectiveMethodInvocation.proceed(ReflectiveMethodInvocation.java:179) ~[spring-aop-7.0.1.jar:7.0.1]
	at org.springframework.dao.support.PersistenceExceptionTranslationInterceptor.invoke(PersistenceExceptionTranslationInterceptor.java:135) ~[spring-tx-7.0.1.jar:7.0.1]
	at org.springframework.aop.framework.ReflectiveMethodInvocation.proceed(ReflectiveMethodInvocation.java:179) ~[spring-aop-7.0.1.jar:7.0.1]
	at org.springframework.data.jpa.repository.support.CrudMethodMetadataPostProcessor$CrudMethodMetadataPopulatingMethodInterceptor.invoke(CrudMethodMetadataPostProcessor.java:137) ~[spring-data-jpa-4.0.0.jar:4.0.0]
	at org.springframework.aop.framework.ReflectiveMethodInvocation.proceed(ReflectiveMethodInvocation.java:179) ~[spring-aop-7.0.1.jar:7.0.1]
	at org.springframework.aop.framework.JdkDynamicAopProxy.invoke(JdkDynamicAopProxy.java:222) ~[spring-aop-7.0.1.jar:7.0.1]
	at jdk.proxy2/jdk.proxy2.$Proxy129.existsByEmail(Unknown Source) ~[na:na]
	at com.project.auction.controller.AuthController.registerUser(AuthController.java:61) ~[classes/:na]
	at java.base/jdk.internal.reflect.NativeMethodAccessorImpl.invoke0(Native Method) ~[na:na]
	at java.base/jdk.internal.reflect.NativeMethodAccessorImpl.invoke(NativeMethodAccessorImpl.java:77) ~[na:na]
	at java.base/jdk.internal.reflect.DelegatingMethodAccessorImpl.invoke(DelegatingMethodAccessorImpl.java:43) ~[na:na]
	at java.base/java.lang.reflect.Method.invoke(Method.java:569) ~[na:na]
	at org.springframework.web.method.support.InvocableHandlerMethod.doInvoke(InvocableHandlerMethod.java:258) ~[spring-web-7.0.1.jar:7.0.1]
	at org.springframework.web.method.support.InvocableHandlerMethod.invokeForRequest(InvocableHandlerMethod.java:190) ~[spring-web-7.0.1.jar:7.0.1]
	at org.springframework.web.servlet.mvc.method.annotation.ServletInvocableHandlerMethod.invokeAndHandle(ServletInvocableHandlerMethod.java:117) ~[spring-webmvc-7.0.1.jar:7.0.1]
	at org.springframework.web.servlet.mvc.method.annotation.RequestMappingHandlerAdapter.invokeHandlerMethod(RequestMappingHandlerAdapter.java:934) ~[spring-webmvc-7.0.1.jar:7.0.1]
	at org.springframework.web.servlet.mvc.method.annotation.RequestMappingHandlerAdapter.handleInternal(RequestMappingHandlerAdapter.java:853) ~[spring-webmvc-7.0.1.jar:7.0.1]
	at org.springframework.web.servlet.mvc.method.AbstractHandlerMethodAdapter.handle(AbstractHandlerMethodAdapter.java:86) ~[spring-webmvc-7.0.1.jar:7.0.1]
	at org.springframework.web.servlet.DispatcherServlet.doDispatch(DispatcherServlet.java:963) ~[spring-webmvc-7.0.1.jar:7.0.1]
	at org.springframework.web.servlet.DispatcherServlet.doService(DispatcherServlet.java:866) ~[spring-webmvc-7.0.1.jar:7.0.1]
	at org.springframework.web.servlet.FrameworkServlet.processRequest(FrameworkServlet.java:1003) ~[spring-webmvc-7.0.1.jar:7.0.1]
	at org.springframework.web.servlet.FrameworkServlet.doPost(FrameworkServlet.java:903) ~[spring-webmvc-7.0.1.jar:7.0.1]
	at jakarta.servlet.http.HttpServlet.service(HttpServlet.java:649) ~[tomcat-embed-core-11.0.14.jar:6.1]
	at org.springframework.web.servlet.FrameworkServlet.service(FrameworkServlet.java:874) ~[spring-webmvc-7.0.1.jar:7.0.1]
	at jakarta.servlet.http.HttpServlet.service(HttpServlet.java:710) ~[tomcat-embed-core-11.0.14.jar:6.1]
	at org.apache.catalina.core.ApplicationFilterChain.doFilter(ApplicationFilterChain.java:128) ~[tomcat-embed-core-11.0.14.jar:11.0.14]
	at org.apache.tomcat.websocket.server.WsFilter.doFilter(WsFilter.java:53) ~[tomcat-embed-websocket-11.0.14.jar:11.0.14]
	at org.apache.catalina.core.ApplicationFilterChain.doFilter(ApplicationFilterChain.java:107) ~[tomcat-embed-core-11.0.14.jar:11.0.14]
	at org.springframework.web.filter.OncePerRequestFilter.doFilter(OncePerRequestFilter.java:110) ~[spring-web-7.0.1.jar:7.0.1]
	at org.apache.catalina.core.ApplicationFilterChain.doFilter(ApplicationFilterChain.java:107) ~[tomcat-embed-core-11.0.14.jar:11.0.14]
	at org.springframework.web.filter.CompositeFilter$VirtualFilterChain.doFilter(CompositeFilter.java:108) ~[spring-web-7.0.1.jar:7.0.1]
	at org.springframework.security.web.FilterChainProxy.lambda$doFilterInternal$3(FilterChainProxy.java:235) ~[spring-security-web-7.0.0.jar:7.0.0]
	at org.springframework.security.web.FilterChainProxy$VirtualFilterChain.doFilter(FilterChainProxy.java:371) ~[spring-security-web-7.0.0.jar:7.0.0]
	at org.springframework.security.web.access.intercept.AuthorizationFilter.doFilter(AuthorizationFilter.java:101) ~[spring-security-web-7.0.0.jar:7.0.0]
	at org.springframework.security.web.FilterChainProxy$VirtualFilterChain.doFilter(FilterChainProxy.java:380) ~[spring-security-web-7.0.0.jar:7.0.0]
	at org.springframework.security.web.access.ExceptionTranslationFilter.doFilter(ExceptionTranslationFilter.java:126) ~[spring-security-web-7.0.0.jar:7.0.0]
	at org.springframework.security.web.access.ExceptionTranslationFilter.doFilter(ExceptionTranslationFilter.java:120) ~[spring-security-web-7.0.0.jar:7.0.0]
	at org.springframework.security.web.FilterChainProxy$VirtualFilterChain.doFilter(FilterChainProxy.java:380) ~[spring-security-web-7.0.0.jar:7.0.0]
	at org.springframework.security.web.session.SessionManagementFilter.doFilter(SessionManagementFilter.java:132) ~[spring-security-web-7.0.0.jar:7.0.0]
	at org.springframework.security.web.session.SessionManagementFilter.doFilter(SessionManagementFilter.java:86) ~[spring-security-web-7.0.0.jar:7.0.0]
	at org.springframework.security.web.FilterChainProxy$VirtualFilterChain.doFilter(FilterChainProxy.java:380) ~[spring-security-web-7.0.0.jar:7.0.0]
	at org.springframework.security.web.authentication.AnonymousAuthenticationFilter.doFilter(AnonymousAuthenticationFilter.java:100) ~[spring-security-web-7.0.0.jar:7.0.0]
	at org.springframework.security.web.FilterChainProxy$VirtualFilterChain.doFilter(FilterChainProxy.java:380) ~[spring-security-web-7.0.0.jar:7.0.0]
	at org.springframework.security.web.servletapi.SecurityContextHolderAwareRequestFilter.doFilter(SecurityContextHolderAwareRequestFilter.java:181) ~[spring-security-web-7.0.0.jar:7.0.0]
	at org.springframework.security.web.FilterChainProxy$VirtualFilterChain.doFilter(FilterChainProxy.java:380) ~[spring-security-web-7.0.0.jar:7.0.0]
	at org.springframework.security.web.savedrequest.RequestCacheAwareFilter.doFilter(RequestCacheAwareFilter.java:63) ~[spring-security-web-7.0.0.jar:7.0.0]
	at org.springframework.security.web.FilterChainProxy$VirtualFilterChain.doFilter(FilterChainProxy.java:380) ~[spring-security-web-7.0.0.jar:7.0.0]
	at com.project.auction.config.jwt.AuthTokenFilter.doFilterInternal(AuthTokenFilter.java:46) ~[classes/:na]
	at org.springframework.web.filter.OncePerRequestFilter.doFilter(OncePerRequestFilter.java:116) ~[spring-web-7.0.1.jar:7.0.1]
	at org.springframework.security.web.FilterChainProxy$VirtualFilterChain.doFilter(FilterChainProxy.java:380) ~[spring-security-web-7.0.0.jar:7.0.0]
	at org.springframework.security.web.authentication.logout.LogoutFilter.doFilter(LogoutFilter.java:110) ~[spring-security-web-7.0.0.jar:7.0.0]
	at org.springframework.security.web.authentication.logout.LogoutFilter.doFilter(LogoutFilter.java:96) ~[spring-security-web-7.0.0.jar:7.0.0]
	at org.springframework.security.web.FilterChainProxy$VirtualFilterChain.doFilter(FilterChainProxy.java:380) ~[spring-security-web-7.0.0.jar:7.0.0]
	at org.springframework.web.filter.CorsFilter.doFilterInternal(CorsFilter.java:91) ~[spring-web-7.0.1.jar:7.0.1]
	at org.springframework.web.filter.OncePerRequestFilter.doFilter(OncePerRequestFilter.java:116) ~[spring-web-7.0.1.jar:7.0.1]
	at org.springframework.security.web.FilterChainProxy$VirtualFilterChain.doFilter(FilterChainProxy.java:380) ~[spring-security-web-7.0.0.jar:7.0.0]
	at org.springframework.security.web.header.HeaderWriterFilter.doHeadersAfter(HeaderWriterFilter.java:90) ~[spring-security-web-7.0.0.jar:7.0.0]
	at org.springframework.security.web.header.HeaderWriterFilter.doFilterInternal(HeaderWriterFilter.java:75) ~[spring-security-web-7.0.0.jar:7.0.0]
	at org.springframework.web.filter.OncePerRequestFilter.doFilter(OncePerRequestFilter.java:116) ~[spring-web-7.0.1.jar:7.0.1]
	at org.springframework.security.web.FilterChainProxy$VirtualFilterChain.doFilter(FilterChainProxy.java:380) ~[spring-security-web-7.0.0.jar:7.0.0]
	at org.springframework.security.web.context.SecurityContextHolderFilter.doFilter(SecurityContextHolderFilter.java:82) ~[spring-security-web-7.0.0.jar:7.0.0]
	at org.springframework.security.web.context.SecurityContextHolderFilter.doFilter(SecurityContextHolderFilter.java:69) ~[spring-security-web-7.0.0.jar:7.0.0]
	at org.springframework.security.web.FilterChainProxy$VirtualFilterChain.doFilter(FilterChainProxy.java:380) ~[spring-security-web-7.0.0.jar:7.0.0]
	at org.springframework.security.web.context.request.async.WebAsyncManagerIntegrationFilter.doFilterInternal(WebAsyncManagerIntegrationFilter.java:62) ~[spring-security-web-7.0.0.jar:7.0.0]
	at org.springframework.web.filter.OncePerRequestFilter.doFilter(OncePerRequestFilter.java:116) ~[spring-web-7.0.1.jar:7.0.1]
	at org.springframework.security.web.FilterChainProxy$VirtualFilterChain.doFilter(FilterChainProxy.java:380) ~[spring-security-web-7.0.0.jar:7.0.0]
	at org.springframework.security.web.session.DisableEncodeUrlFilter.doFilterInternal(DisableEncodeUrlFilter.java:42) ~[spring-security-web-7.0.0.jar:7.0.0]
	at org.springframework.web.filter.OncePerRequestFilter.doFilter(OncePerRequestFilter.java:116) ~[spring-web-7.0.1.jar:7.0.1]
	at org.springframework.security.web.FilterChainProxy$VirtualFilterChain.doFilter(FilterChainProxy.java:380) ~[spring-security-web-7.0.0.jar:7.0.0]
	at org.springframework.security.web.FilterChainProxy.doFilterInternal(FilterChainProxy.java:237) ~[spring-security-web-7.0.0.jar:7.0.0]
	at org.springframework.security.web.FilterChainProxy.doFilter(FilterChainProxy.java:195) ~[spring-security-web-7.0.0.jar:7.0.0]
	at org.springframework.web.filter.CompositeFilter$VirtualFilterChain.doFilter(CompositeFilter.java:113) ~[spring-web-7.0.1.jar:7.0.1]
	at org.springframework.web.filter.ServletRequestPathFilter.doFilter(ServletRequestPathFilter.java:52) ~[spring-web-7.0.1.jar:7.0.1]
	at org.springframework.web.filter.CompositeFilter$VirtualFilterChain.doFilter(CompositeFilter.java:113) ~[spring-web-7.0.1.jar:7.0.1]
	at org.springframework.web.filter.CompositeFilter.doFilter(CompositeFilter.java:74) ~[spring-web-7.0.1.jar:7.0.1]
	at org.springframework.security.config.annotation.web.configuration.WebSecurityConfiguration$CompositeFilterChainProxy.doFilter(WebSecurityConfiguration.java:317) ~[spring-security-config-7.0.0.jar:7.0.0]
	at org.springframework.web.filter.DelegatingFilterProxy.invokeDelegate(DelegatingFilterProxy.java:355) ~[spring-web-7.0.1.jar:7.0.1]
	at org.springframework.web.filter.DelegatingFilterProxy.doFilter(DelegatingFilterProxy.java:272) ~[spring-web-7.0.1.jar:7.0.1]
	at org.apache.catalina.core.ApplicationFilterChain.doFilter(ApplicationFilterChain.java:107) ~[tomcat-embed-core-11.0.14.jar:11.0.14]
	at org.springframework.web.filter.RequestContextFilter.doFilterInternal(RequestContextFilter.java:100) ~[spring-web-7.0.1.jar:7.0.1]
	at org.springframework.web.filter.OncePerRequestFilter.doFilter(OncePerRequestFilter.java:116) ~[spring-web-7.0.1.jar:7.0.1]
	at org.apache.catalina.core.ApplicationFilterChain.doFilter(ApplicationFilterChain.java:107) ~[tomcat-embed-core-11.0.14.jar:11.0.14]
	at org.springframework.web.filter.FormContentFilter.doFilterInternal(FormContentFilter.java:93) ~[spring-web-7.0.1.jar:7.0.1]
	at org.springframework.web.filter.OncePerRequestFilter.doFilter(OncePerRequestFilter.java:116) ~[spring-web-7.0.1.jar:7.0.1]
	at org.apache.catalina.core.ApplicationFilterChain.doFilter(ApplicationFilterChain.java:107) ~[tomcat-embed-core-11.0.14.jar:11.0.14]
	at org.springframework.web.filter.CharacterEncodingFilter.doFilterInternal(CharacterEncodingFilter.java:199) ~[spring-web-7.0.1.jar:7.0.1]
	at org.springframework.web.filter.OncePerRequestFilter.doFilter(OncePerRequestFilter.java:116) ~[spring-web-7.0.1.jar:7.0.1]
	at org.apache.catalina.core.ApplicationFilterChain.doFilter(ApplicationFilterChain.java:107) ~[tomcat-embed-core-11.0.14.jar:11.0.14]
	at org.apache.catalina.core.StandardWrapperValve.invoke(StandardWrapperValve.java:165) ~[tomcat-embed-core-11.0.14.jar:11.0.14]
	at org.apache.catalina.core.StandardContextValve.invoke(StandardContextValve.java:77) ~[tomcat-embed-core-11.0.14.jar:11.0.14]
	at org.apache.catalina.authenticator.AuthenticatorBase.invoke(AuthenticatorBase.java:482) ~[tomcat-embed-core-11.0.14.jar:11.0.14]
	at org.apache.catalina.core.StandardHostValve.invoke(StandardHostValve.java:113) ~[tomcat-embed-core-11.0.14.jar:11.0.14]
	at org.apache.catalina.valves.ErrorReportValve.invoke(ErrorReportValve.java:83) ~[tomcat-embed-core-11.0.14.jar:11.0.14]
	at org.apache.catalina.core.StandardEngineValve.invoke(StandardEngineValve.java:72) ~[tomcat-embed-core-11.0.14.jar:11.0.14]
	at org.apache.catalina.connector.CoyoteAdapter.service(CoyoteAdapter.java:341) ~[tomcat-embed-core-11.0.14.jar:11.0.14]
	at org.apache.coyote.http11.Http11Processor.service(Http11Processor.java:397) ~[tomcat-embed-core-11.0.14.jar:11.0.14]
	at org.apache.coyote.AbstractProcessorLight.process(AbstractProcessorLight.java:63) ~[tomcat-embed-core-11.0.14.jar:11.0.14]
	at org.apache.coyote.AbstractProtocol$ConnectionHandler.process(AbstractProtocol.java:903) ~[tomcat-embed-core-11.0.14.jar:11.0.14]
	at org.apache.tomcat.util.net.NioEndpoint$SocketProcessor.doRun(NioEndpoint.java:1778) ~[tomcat-embed-core-11.0.14.jar:11.0.14]
	at org.apache.tomcat.util.net.SocketProcessorBase.run(SocketProcessorBase.java:52) ~[tomcat-embed-core-11.0.14.jar:11.0.14]
	at org.apache.tomcat.util.threads.ThreadPoolExecutor.runWorker(ThreadPoolExecutor.java:946) ~[tomcat-embed-core-11.0.14.jar:11.0.14]
	at org.apache.tomcat.util.threads.ThreadPoolExecutor$Worker.run(ThreadPoolExecutor.java:480) ~[tomcat-embed-core-11.0.14.jar:11.0.14]
	at org.apache.tomcat.util.threads.TaskThread$WrappingRunnable.run(TaskThread.java:57) ~[tomcat-embed-core-11.0.14.jar:11.0.14]
	at java.base/java.lang.Thread.run(Thread.java:840) ~[na:na]

2025-11-30T16:38:03.262+03:00 TRACE 15376 --- [auction] [http-nio-8080-exec-3] o.s.security.web.FilterChainProxy        : Trying to match request against DefaultSecurityFilterChain defined as 'filterChain' in [class path resource [com/project/auction/config/WebSecurityConfig.class]] matching [any request] and having filters [DisableEncodeUrl, WebAsyncManagerIntegration, SecurityContextHolder, HeaderWriter, Cors, Logout, AuthToken, RequestCacheAware, SecurityContextHolderAwareRequest, AnonymousAuthentication, SessionManagement, ExceptionTranslation, Authorization] (1/1)
2025-11-30T16:38:03.262+03:00 DEBUG 15376 --- [auction] [http-nio-8080-exec-3] o.s.security.web.FilterChainProxy        : Securing GET /error
2025-11-30T16:38:03.262+03:00 TRACE 15376 --- [auction] [http-nio-8080-exec-3] o.s.security.web.FilterChainProxy        : Invoking DisableEncodeUrlFilter (1/13)
2025-11-30T16:38:03.262+03:00 TRACE 15376 --- [auction] [http-nio-8080-exec-3] o.s.security.web.FilterChainProxy        : Invoking WebAsyncManagerIntegrationFilter (2/13)
2025-11-30T16:38:03.262+03:00 TRACE 15376 --- [auction] [http-nio-8080-exec-3] o.s.security.web.FilterChainProxy        : Invoking SecurityContextHolderFilter (3/13)
2025-11-30T16:38:03.265+03:00 TRACE 15376 --- [auction] [http-nio-8080-exec-3] o.s.security.web.FilterChainProxy        : Invoking HeaderWriterFilter (4/13)
2025-11-30T16:38:03.266+03:00 TRACE 15376 --- [auction] [http-nio-8080-exec-3] o.s.security.web.FilterChainProxy        : Invoking CorsFilter (5/13)
2025-11-30T16:38:03.266+03:00 TRACE 15376 --- [auction] [http-nio-8080-exec-3] o.s.security.web.FilterChainProxy        : Invoking LogoutFilter (6/13)
2025-11-30T16:38:03.266+03:00 TRACE 15376 --- [auction] [http-nio-8080-exec-3] o.s.s.w.a.logout.LogoutFilter            : Did not match request to Or [PathPattern [GET /logout], PathPattern [POST /logout], PathPattern [PUT /logout], PathPattern [DELETE /logout]]
2025-11-30T16:38:03.266+03:00 TRACE 15376 --- [auction] [http-nio-8080-exec-3] o.s.security.web.FilterChainProxy        : Invoking AuthTokenFilter (7/13)
2025-11-30T16:38:03.266+03:00 TRACE 15376 --- [auction] [http-nio-8080-exec-3] o.s.security.web.FilterChainProxy        : Invoking RequestCacheAwareFilter (8/13)
2025-11-30T16:38:03.266+03:00 TRACE 15376 --- [auction] [http-nio-8080-exec-3] o.s.security.web.FilterChainProxy        : Invoking SecurityContextHolderAwareRequestFilter (9/13)
2025-11-30T16:38:03.269+03:00 TRACE 15376 --- [auction] [http-nio-8080-exec-3] o.s.security.web.FilterChainProxy        : Invoking AnonymousAuthenticationFilter (10/13)
2025-11-30T16:38:03.269+03:00 TRACE 15376 --- [auction] [http-nio-8080-exec-3] o.s.security.web.FilterChainProxy        : Invoking SessionManagementFilter (11/13)
2025-11-30T16:38:03.269+03:00 TRACE 15376 --- [auction] [http-nio-8080-exec-3] o.s.security.web.FilterChainProxy        : Invoking ExceptionTranslationFilter (12/13)
2025-11-30T16:38:03.269+03:00 TRACE 15376 --- [auction] [http-nio-8080-exec-3] o.s.security.web.FilterChainProxy        : Invoking AuthorizationFilter (13/13)
2025-11-30T16:38:03.269+03:00 TRACE 15376 --- [auction] [http-nio-8080-exec-3] estMatcherDelegatingAuthorizationManager : Authorizing GET /error
2025-11-30T16:38:03.269+03:00 TRACE 15376 --- [auction] [http-nio-8080-exec-3] estMatcherDelegatingAuthorizationManager : Checking authorization on GET /error using org.springframework.security.authorization.AuthenticatedAuthorizationManager@726b5e37
2025-11-30T16:38:03.269+03:00 TRACE 15376 --- [auction] [http-nio-8080-exec-3] .s.s.w.c.SupplierDeferredSecurityContext : Created SecurityContextImpl [Null authentication]
2025-11-30T16:38:03.269+03:00 TRACE 15376 --- [auction] [http-nio-8080-exec-3] o.s.s.w.a.AnonymousAuthenticationFilter  : Set SecurityContextHolder to AnonymousAuthenticationToken [Principal=anonymousUser, Credentials=[PROTECTED], Authenticated=true, Details=WebAuthenticationDetails [RemoteIpAddress=0:0:0:0:0:0:0:1, SessionId=null], Granted Authorities=[ROLE_ANONYMOUS]]
2025-11-30T16:38:03.269+03:00 TRACE 15376 --- [auction] [http-nio-8080-exec-3] o.s.s.w.a.ExceptionTranslationFilter     : Sending AnonymousAuthenticationToken [Principal=anonymousUser, Credentials=[PROTECTED], Authenticated=true, Details=WebAuthenticationDetails [RemoteIpAddress=0:0:0:0:0:0:0:1, SessionId=null], Granted Authorities=[ROLE_ANONYMOUS]] to authentication entry point since access is denied

org.springframework.security.authorization.AuthorizationDeniedException: Access Denied
	at org.springframework.security.web.access.intercept.AuthorizationFilter.doFilter(AuthorizationFilter.java:99) ~[spring-security-web-7.0.0.jar:7.0.0]
	at org.springframework.security.web.FilterChainProxy$VirtualFilterChain.doFilter(FilterChainProxy.java:380) ~[spring-security-web-7.0.0.jar:7.0.0]
	at org.springframework.security.web.access.ExceptionTranslationFilter.doFilter(ExceptionTranslationFilter.java:126) ~[spring-security-web-7.0.0.jar:7.0.0]
	at org.springframework.security.web.access.ExceptionTranslationFilter.doFilter(ExceptionTranslationFilter.java:120) ~[spring-security-web-7.0.0.jar:7.0.0]
	at org.springframework.security.web.FilterChainProxy$VirtualFilterChain.doFilter(FilterChainProxy.java:380) ~[spring-security-web-7.0.0.jar:7.0.0]
	at org.springframework.security.web.session.SessionManagementFilter.doFilter(SessionManagementFilter.java:92) ~[spring-security-web-7.0.0.jar:7.0.0]
	at org.springframework.security.web.session.SessionManagementFilter.doFilter(SessionManagementFilter.java:86) ~[spring-security-web-7.0.0.jar:7.0.0]
	at org.springframework.security.web.FilterChainProxy$VirtualFilterChain.doFilter(FilterChainProxy.java:380) ~[spring-security-web-7.0.0.jar:7.0.0]
	at org.springframework.security.web.authentication.AnonymousAuthenticationFilter.doFilter(AnonymousAuthenticationFilter.java:100) ~[spring-security-web-7.0.0.jar:7.0.0]
	at org.springframework.security.web.FilterChainProxy$VirtualFilterChain.doFilter(FilterChainProxy.java:380) ~[spring-security-web-7.0.0.jar:7.0.0]
	at org.springframework.security.web.servletapi.SecurityContextHolderAwareRequestFilter.doFilter(SecurityContextHolderAwareRequestFilter.java:181) ~[spring-security-web-7.0.0.jar:7.0.0]
	at org.springframework.security.web.FilterChainProxy$VirtualFilterChain.doFilter(FilterChainProxy.java:380) ~[spring-security-web-7.0.0.jar:7.0.0]
	at org.springframework.security.web.savedrequest.RequestCacheAwareFilter.doFilter(RequestCacheAwareFilter.java:63) ~[spring-security-web-7.0.0.jar:7.0.0]
	at org.springframework.security.web.FilterChainProxy$VirtualFilterChain.doFilter(FilterChainProxy.java:380) ~[spring-security-web-7.0.0.jar:7.0.0]
	at org.springframework.web.filter.OncePerRequestFilter.doFilter(OncePerRequestFilter.java:101) ~[spring-web-7.0.1.jar:7.0.1]
	at org.springframework.security.web.FilterChainProxy$VirtualFilterChain.doFilter(FilterChainProxy.java:380) ~[spring-security-web-7.0.0.jar:7.0.0]
	at org.springframework.security.web.authentication.logout.LogoutFilter.doFilter(LogoutFilter.java:110) ~[spring-security-web-7.0.0.jar:7.0.0]
	at org.springframework.security.web.authentication.logout.LogoutFilter.doFilter(LogoutFilter.java:96) ~[spring-security-web-7.0.0.jar:7.0.0]
	at org.springframework.security.web.FilterChainProxy$VirtualFilterChain.doFilter(FilterChainProxy.java:380) ~[spring-security-web-7.0.0.jar:7.0.0]
	at org.springframework.web.filter.OncePerRequestFilter.doFilter(OncePerRequestFilter.java:101) ~[spring-web-7.0.1.jar:7.0.1]
	at org.springframework.security.web.FilterChainProxy$VirtualFilterChain.doFilter(FilterChainProxy.java:380) ~[spring-security-web-7.0.0.jar:7.0.0]
	at org.springframework.web.filter.OncePerRequestFilter.doFilter(OncePerRequestFilter.java:101) ~[spring-web-7.0.1.jar:7.0.1]
	at org.springframework.security.web.FilterChainProxy$VirtualFilterChain.doFilter(FilterChainProxy.java:380) ~[spring-security-web-7.0.0.jar:7.0.0]
	at org.springframework.security.web.context.SecurityContextHolderFilter.doFilter(SecurityContextHolderFilter.java:82) ~[spring-security-web-7.0.0.jar:7.0.0]
	at org.springframework.security.web.context.SecurityContextHolderFilter.doFilter(SecurityContextHolderFilter.java:69) ~[spring-security-web-7.0.0.jar:7.0.0]
	at org.springframework.security.web.FilterChainProxy$VirtualFilterChain.doFilter(FilterChainProxy.java:380) ~[spring-security-web-7.0.0.jar:7.0.0]
	at org.springframework.web.filter.OncePerRequestFilter.doFilter(OncePerRequestFilter.java:101) ~[spring-web-7.0.1.jar:7.0.1]
	at org.springframework.security.web.FilterChainProxy$VirtualFilterChain.doFilter(FilterChainProxy.java:380) ~[spring-security-web-7.0.0.jar:7.0.0]
	at org.springframework.web.filter.OncePerRequestFilter.doFilter(OncePerRequestFilter.java:101) ~[spring-web-7.0.1.jar:7.0.1]
	at org.springframework.security.web.FilterChainProxy$VirtualFilterChain.doFilter(FilterChainProxy.java:380) ~[spring-security-web-7.0.0.jar:7.0.0]
	at org.springframework.security.web.FilterChainProxy.doFilterInternal(FilterChainProxy.java:237) ~[spring-security-web-7.0.0.jar:7.0.0]
	at org.springframework.security.web.FilterChainProxy.doFilter(FilterChainProxy.java:195) ~[spring-security-web-7.0.0.jar:7.0.0]
	at org.springframework.web.filter.CompositeFilter$VirtualFilterChain.doFilter(CompositeFilter.java:113) ~[spring-web-7.0.1.jar:7.0.1]
	at org.springframework.web.filter.ServletRequestPathFilter.doFilter(ServletRequestPathFilter.java:52) ~[spring-web-7.0.1.jar:7.0.1]
	at org.springframework.web.filter.CompositeFilter$VirtualFilterChain.doFilter(CompositeFilter.java:113) ~[spring-web-7.0.1.jar:7.0.1]
	at org.springframework.web.filter.CompositeFilter.doFilter(CompositeFilter.java:74) ~[spring-web-7.0.1.jar:7.0.1]
	at org.springframework.security.config.annotation.web.configuration.WebSecurityConfiguration$CompositeFilterChainProxy.doFilter(WebSecurityConfiguration.java:317) ~[spring-security-config-7.0.0.jar:7.0.0]
	at org.springframework.web.filter.DelegatingFilterProxy.invokeDelegate(DelegatingFilterProxy.java:355) ~[spring-web-7.0.1.jar:7.0.1]
	at org.springframework.web.filter.DelegatingFilterProxy.doFilter(DelegatingFilterProxy.java:272) ~[spring-web-7.0.1.jar:7.0.1]
	at org.apache.catalina.core.ApplicationFilterChain.doFilter(ApplicationFilterChain.java:107) ~[tomcat-embed-core-11.0.14.jar:11.0.14]
	at org.springframework.web.filter.RequestContextFilter.doFilterInternal(RequestContextFilter.java:100) ~[spring-web-7.0.1.jar:7.0.1]
	at org.springframework.web.filter.OncePerRequestFilter.doFilter(OncePerRequestFilter.java:116) ~[spring-web-7.0.1.jar:7.0.1]
	at org.apache.catalina.core.ApplicationFilterChain.doFilter(ApplicationFilterChain.java:107) ~[tomcat-embed-core-11.0.14.jar:11.0.14]
	at org.springframework.web.filter.OncePerRequestFilter.doFilter(OncePerRequestFilter.java:101) ~[spring-web-7.0.1.jar:7.0.1]
	at org.apache.catalina.core.ApplicationFilterChain.doFilter(ApplicationFilterChain.java:107) ~[tomcat-embed-core-11.0.14.jar:11.0.14]
	at org.springframework.web.filter.OncePerRequestFilter.doFilter(OncePerRequestFilter.java:101) ~[spring-web-7.0.1.jar:7.0.1]
	at org.apache.catalina.core.ApplicationFilterChain.doFilter(ApplicationFilterChain.java:107) ~[tomcat-embed-core-11.0.14.jar:11.0.14]
	at org.apache.catalina.core.ApplicationDispatcher.invoke(ApplicationDispatcher.java:513) ~[tomcat-embed-core-11.0.14.jar:11.0.14]
	at org.apache.catalina.core.ApplicationDispatcher.processRequest(ApplicationDispatcher.java:335) ~[tomcat-embed-core-11.0.14.jar:11.0.14]
	at org.apache.catalina.core.ApplicationDispatcher.forward(ApplicationDispatcher.java:262) ~[tomcat-embed-core-11.0.14.jar:11.0.14]
	at org.apache.catalina.core.StandardHostValve.custom(StandardHostValve.java:375) ~[tomcat-embed-core-11.0.14.jar:11.0.14]
	at org.apache.catalina.core.StandardHostValve.status(StandardHostValve.java:206) ~[tomcat-embed-core-11.0.14.jar:11.0.14]
	at org.apache.catalina.core.StandardHostValve.throwable(StandardHostValve.java:282) ~[tomcat-embed-core-11.0.14.jar:11.0.14]
	at org.apache.catalina.core.StandardHostValve.invoke(StandardHostValve.java:147) ~[tomcat-embed-core-11.0.14.jar:11.0.14]
	at org.apache.catalina.valves.ErrorReportValve.invoke(ErrorReportValve.java:83) ~[tomcat-embed-core-11.0.14.jar:11.0.14]
	at org.apache.catalina.core.StandardEngineValve.invoke(StandardEngineValve.java:72) ~[tomcat-embed-core-11.0.14.jar:11.0.14]
	at org.apache.catalina.connector.CoyoteAdapter.service(CoyoteAdapter.java:341) ~[tomcat-embed-core-11.0.14.jar:11.0.14]
	at org.apache.coyote.http11.Http11Processor.service(Http11Processor.java:397) ~[tomcat-embed-core-11.0.14.jar:11.0.14]
	at org.apache.coyote.AbstractProcessorLight.process(AbstractProcessorLight.java:63) ~[tomcat-embed-core-11.0.14.jar:11.0.14]
	at org.apache.coyote.AbstractProtocol$ConnectionHandler.process(AbstractProtocol.java:903) ~[tomcat-embed-core-11.0.14.jar:11.0.14]
	at org.apache.tomcat.util.net.NioEndpoint$SocketProcessor.doRun(NioEndpoint.java:1778) ~[tomcat-embed-core-11.0.14.jar:11.0.14]
	at org.apache.tomcat.util.net.SocketProcessorBase.run(SocketProcessorBase.java:52) ~[tomcat-embed-core-11.0.14.jar:11.0.14]
	at org.apache.tomcat.util.threads.ThreadPoolExecutor.runWorker(ThreadPoolExecutor.java:946) ~[tomcat-embed-core-11.0.14.jar:11.0.14]
	at org.apache.tomcat.util.threads.ThreadPoolExecutor$Worker.run(ThreadPoolExecutor.java:480) ~[tomcat-embed-core-11.0.14.jar:11.0.14]
	at org.apache.tomcat.util.threads.TaskThread$WrappingRunnable.run(TaskThread.java:57) ~[tomcat-embed-core-11.0.14.jar:11.0.14]
	at java.base/java.lang.Thread.run(Thread.java:840) ~[na:na]

2025-11-30T16:38:28.102+03:00  INFO 15376 --- [auction] [SpringApplicationShutdownHook] o.s.boot.tomcat.GracefulShutdown         : Commencing graceful shutdown. Waiting for active requests to complete
2025-11-30T16:38:28.178+03:00  INFO 15376 --- [auction] [tomcat-shutdown] o.s.boot.tomcat.GracefulShutdown         : Graceful shutdown complete
2025-11-30T16:38:28.184+03:00  INFO 15376 --- [auction] [SpringApplicationShutdownHook] j.LocalContainerEntityManagerFactoryBean : Closing JPA EntityManagerFactory for persistence unit 'default'
2025-11-30T16:38:28.187+03:00  INFO 15376 --- [auction] [SpringApplicationShutdownHook] com.zaxxer.hikari.HikariDataSource       : HikariPool-1 - Shutdown initiated...
2025-11-30T16:38:28.196+03:00  INFO 15376 --- [auction] [SpringApplicationShutdownHook] com.zaxxer.hikari.HikariDataSource       : HikariPool-1 - Shutdown completed.
2025-11-30T16:45:51.349+03:00  INFO 6020 --- [auction] [main] com.project.auction.AuctionApplication   : Starting AuctionApplication using Java 17.0.16 with PID 6020 (C:\progect\auction\auction\server\target\classes started by User in C:\progect\auction\auction\server)
2025-11-30T16:45:51.349+03:00  INFO 6020 --- [auction] [main] com.project.auction.AuctionApplication   : No active profile set, falling back to 1 default profile: "default"
2025-11-30T16:45:51.907+03:00  INFO 6020 --- [auction] [main] .s.d.r.c.RepositoryConfigurationDelegate : Bootstrapping Spring Data JPA repositories in DEFAULT mode.
2025-11-30T16:45:51.949+03:00  INFO 6020 --- [auction] [main] .s.d.r.c.RepositoryConfigurationDelegate : Finished Spring Data repository scanning in 35 ms. Found 1 JPA repository interface.
2025-11-30T16:45:52.409+03:00  INFO 6020 --- [auction] [main] o.s.boot.tomcat.TomcatWebServer          : Tomcat initialized with port 8080 (http)
2025-11-30T16:45:52.424+03:00  INFO 6020 --- [auction] [main] o.apache.catalina.core.StandardService   : Starting service [Tomcat]
2025-11-30T16:45:52.424+03:00  INFO 6020 --- [auction] [main] o.apache.catalina.core.StandardEngine    : Starting Servlet engine: [Apache Tomcat/11.0.14]
2025-11-30T16:45:52.465+03:00  INFO 6020 --- [auction] [main] b.w.c.s.WebApplicationContextInitializer : Root WebApplicationContext: initialization completed in 1066 ms
2025-11-30T16:45:52.547+03:00  INFO 6020 --- [auction] [main] com.zaxxer.hikari.HikariDataSource       : HikariPool-1 - Starting...
2025-11-30T16:45:52.639+03:00  INFO 6020 --- [auction] [main] com.zaxxer.hikari.pool.HikariPool        : HikariPool-1 - Added connection org.postgresql.jdbc.PgConnection@19da993b
2025-11-30T16:45:52.639+03:00  INFO 6020 --- [auction] [main] com.zaxxer.hikari.HikariDataSource       : HikariPool-1 - Start completed.
2025-11-30T16:45:52.665+03:00  INFO 6020 --- [auction] [main] o.hibernate.jpa.internal.util.LogHelper  : HHH000204: Processing PersistenceUnitInfo [name: default]
2025-11-30T16:45:52.699+03:00  INFO 6020 --- [auction] [main] org.hibernate.Version                    : HHH000412: Hibernate ORM core version 7.1.8.Final
2025-11-30T16:45:53.065+03:00  INFO 6020 --- [auction] [main] o.s.o.j.p.SpringPersistenceUnitInfo      : No LoadTimeWeaver setup: ignoring JPA class transformer
2025-11-30T16:45:53.639+03:00  INFO 6020 --- [auction] [main] org.hibernate.orm.connections.pooling    : HHH10001005: Database info:
	Database JDBC URL [jdbc:postgresql://localhost:5432/auction]
	Database driver: PostgreSQL JDBC Driver
	Database dialect: PostgreSQLDialect
	Database version: 18.1
	Default catalog/schema: auction/public
	Autocommit mode: undefined/unknown
	Isolation level: READ_COMMITTED [default READ_COMMITTED]
	JDBC fetch size: none
	Pool: DatasourceConnectionProviderImpl
	Minimum pool size: undefined/unknown
	Maximum pool size: undefined/unknown
2025-11-30T16:45:54.326+03:00  INFO 6020 --- [auction] [main] o.h.e.t.j.p.i.JtaPlatformInitiator       : HHH000489: No JTA platform available (set 'hibernate.transaction.jta.platform' to enable JTA platform integration)
2025-11-30T16:45:54.331+03:00  INFO 6020 --- [auction] [main] j.LocalContainerEntityManagerFactoryBean : Initialized JPA EntityManagerFactory for persistence unit 'default'
2025-11-30T16:45:54.398+03:00  INFO 6020 --- [auction] [main] o.s.d.j.r.query.QueryEnhancerFactories   : Hibernate is in classpath; If applicable, HQL parser will be used.
2025-11-30T16:45:54.648+03:00  INFO 6020 --- [auction] [main] r$InitializeUserDetailsManagerConfigurer : Global AuthenticationManager configured with UserDetailsService bean with name userDetailsServiceImpl
2025-11-30T16:45:54.682+03:00  WARN 6020 --- [auction] [main] JpaBaseConfiguration$JpaWebConfiguration : spring.jpa.open-in-view is enabled by default. Therefore, database queries may be performed during view rendering. Explicitly configure spring.jpa.open-in-view to disable this warning
2025-11-30T16:45:54.831+03:00 DEBUG 6020 --- [auction] [main] o.s.s.web.DefaultSecurityFilterChain     : Will secure any request with filters: DisableEncodeUrlFilter, WebAsyncManagerIntegrationFilter, SecurityContextHolderFilter, HeaderWriterFilter, CorsFilter, LogoutFilter, AuthTokenFilter, RequestCacheAwareFilter, SecurityContextHolderAwareRequestFilter, AnonymousAuthenticationFilter, SessionManagementFilter, ExceptionTranslationFilter, AuthorizationFilter
2025-11-30T16:45:54.882+03:00  INFO 6020 --- [auction] [main] o.s.b.w.a.WelcomePageHandlerMapping      : Adding welcome page: class path resource [static/index.html]
2025-11-30T16:45:55.130+03:00  INFO 6020 --- [auction] [main] o.s.boot.tomcat.TomcatWebServer          : Tomcat started on port 8080 (http) with context path '/'
2025-11-30T16:45:55.138+03:00  INFO 6020 --- [auction] [main] com.project.auction.AuctionApplication   : Started AuctionApplication in 4.159 seconds (process running for 4.422)
2025-11-30T16:46:00.670+03:00  INFO 6020 --- [auction] [http-nio-8080-exec-1] o.a.c.c.C.[Tomcat].[localhost].[/]       : Initializing Spring DispatcherServlet 'dispatcherServlet'
2025-11-30T16:46:00.670+03:00  INFO 6020 --- [auction] [http-nio-8080-exec-1] o.s.web.servlet.DispatcherServlet        : Initializing Servlet 'dispatcherServlet'
2025-11-30T16:46:00.670+03:00  INFO 6020 --- [auction] [http-nio-8080-exec-1] o.s.web.servlet.DispatcherServlet        : Completed initialization in 0 ms
2025-11-30T16:46:00.689+03:00 TRACE 6020 --- [auction] [http-nio-8080-exec-1] o.s.security.web.FilterChainProxy        : Trying to match request against DefaultSecurityFilterChain defined as 'filterChain' in [class path resource [com/project/auction/config/WebSecurityConfig.class]] matching [any request] and having filters [DisableEncodeUrl, WebAsyncManagerIntegration, SecurityContextHolder, HeaderWriter, Cors, Logout, AuthToken, RequestCacheAware, SecurityContextHolderAwareRequest, AnonymousAuthentication, SessionManagement, ExceptionTranslation, Authorization] (1/1)
2025-11-30T16:46:00.689+03:00 DEBUG 6020 --- [auction] [http-nio-8080-exec-1] o.s.security.web.FilterChainProxy        : Securing OPTIONS /api/auth/signup
2025-11-30T16:46:00.689+03:00 TRACE 6020 --- [auction] [http-nio-8080-exec-1] o.s.security.web.FilterChainProxy        : Invoking DisableEncodeUrlFilter (1/13)
2025-11-30T16:46:00.689+03:00 TRACE 6020 --- [auction] [http-nio-8080-exec-1] o.s.security.web.FilterChainProxy        : Invoking WebAsyncManagerIntegrationFilter (2/13)
2025-11-30T16:46:00.699+03:00 TRACE 6020 --- [auction] [http-nio-8080-exec-1] o.s.security.web.FilterChainProxy        : Invoking SecurityContextHolderFilter (3/13)
2025-11-30T16:46:00.699+03:00 TRACE 6020 --- [auction] [http-nio-8080-exec-1] o.s.security.web.FilterChainProxy        : Invoking HeaderWriterFilter (4/13)
2025-11-30T16:46:00.706+03:00 TRACE 6020 --- [auction] [http-nio-8080-exec-1] o.s.security.web.FilterChainProxy        : Invoking CorsFilter (5/13)
2025-11-30T16:46:00.728+03:00 TRACE 6020 --- [auction] [http-nio-8080-exec-1] o.s.s.w.header.writers.HstsHeaderWriter  : Not injecting HSTS header since it did not match request to [Is Secure]
2025-11-30T16:46:00.735+03:00 TRACE 6020 --- [auction] [http-nio-8080-exec-6] o.s.security.web.FilterChainProxy        : Trying to match request against DefaultSecurityFilterChain defined as 'filterChain' in [class path resource [com/project/auction/config/WebSecurityConfig.class]] matching [any request] and having filters [DisableEncodeUrl, WebAsyncManagerIntegration, SecurityContextHolder, HeaderWriter, Cors, Logout, AuthToken, RequestCacheAware, SecurityContextHolderAwareRequest, AnonymousAuthentication, SessionManagement, ExceptionTranslation, Authorization] (1/1)
2025-11-30T16:46:00.735+03:00 DEBUG 6020 --- [auction] [http-nio-8080-exec-6] o.s.security.web.FilterChainProxy        : Securing POST /api/auth/signup
2025-11-30T16:46:00.735+03:00 TRACE 6020 --- [auction] [http-nio-8080-exec-6] o.s.security.web.FilterChainProxy        : Invoking DisableEncodeUrlFilter (1/13)
2025-11-30T16:46:00.741+03:00 TRACE 6020 --- [auction] [http-nio-8080-exec-6] o.s.security.web.FilterChainProxy        : Invoking WebAsyncManagerIntegrationFilter (2/13)
2025-11-30T16:46:00.741+03:00 TRACE 6020 --- [auction] [http-nio-8080-exec-6] o.s.security.web.FilterChainProxy        : Invoking SecurityContextHolderFilter (3/13)
2025-11-30T16:46:00.741+03:00 TRACE 6020 --- [auction] [http-nio-8080-exec-6] o.s.security.web.FilterChainProxy        : Invoking HeaderWriterFilter (4/13)
2025-11-30T16:46:00.741+03:00 TRACE 6020 --- [auction] [http-nio-8080-exec-6] o.s.security.web.FilterChainProxy        : Invoking CorsFilter (5/13)
2025-11-30T16:46:00.744+03:00 TRACE 6020 --- [auction] [http-nio-8080-exec-6] o.s.security.web.FilterChainProxy        : Invoking LogoutFilter (6/13)
2025-11-30T16:46:00.745+03:00 TRACE 6020 --- [auction] [http-nio-8080-exec-6] o.s.s.w.a.logout.LogoutFilter            : Did not match request to Or [PathPattern [GET /logout], PathPattern [POST /logout], PathPattern [PUT /logout], PathPattern [DELETE /logout]]
2025-11-30T16:46:00.745+03:00 TRACE 6020 --- [auction] [http-nio-8080-exec-6] o.s.security.web.FilterChainProxy        : Invoking AuthTokenFilter (7/13)
2025-11-30T16:46:00.748+03:00 TRACE 6020 --- [auction] [http-nio-8080-exec-6] o.s.security.web.FilterChainProxy        : Invoking RequestCacheAwareFilter (8/13)
2025-11-30T16:46:00.748+03:00 TRACE 6020 --- [auction] [http-nio-8080-exec-6] o.s.security.web.FilterChainProxy        : Invoking SecurityContextHolderAwareRequestFilter (9/13)
2025-11-30T16:46:00.748+03:00 TRACE 6020 --- [auction] [http-nio-8080-exec-6] o.s.security.web.FilterChainProxy        : Invoking AnonymousAuthenticationFilter (10/13)
2025-11-30T16:46:00.748+03:00 TRACE 6020 --- [auction] [http-nio-8080-exec-6] o.s.security.web.FilterChainProxy        : Invoking SessionManagementFilter (11/13)
2025-11-30T16:46:00.748+03:00 TRACE 6020 --- [auction] [http-nio-8080-exec-6] .s.s.w.c.SupplierDeferredSecurityContext : Created SecurityContextImpl [Null authentication]
2025-11-30T16:46:00.752+03:00 TRACE 6020 --- [auction] [http-nio-8080-exec-6] o.s.s.w.a.AnonymousAuthenticationFilter  : Set SecurityContextHolder to AnonymousAuthenticationToken [Principal=anonymousUser, Credentials=[PROTECTED], Authenticated=true, Details=WebAuthenticationDetails [RemoteIpAddress=0:0:0:0:0:0:0:1, SessionId=null], Granted Authorities=[ROLE_ANONYMOUS]]
2025-11-30T16:46:00.752+03:00 TRACE 6020 --- [auction] [http-nio-8080-exec-6] o.s.security.web.FilterChainProxy        : Invoking ExceptionTranslationFilter (12/13)
2025-11-30T16:46:00.752+03:00 TRACE 6020 --- [auction] [http-nio-8080-exec-6] o.s.security.web.FilterChainProxy        : Invoking AuthorizationFilter (13/13)
2025-11-30T16:46:00.752+03:00 TRACE 6020 --- [auction] [http-nio-8080-exec-6] estMatcherDelegatingAuthorizationManager : Authorizing POST /api/auth/signup
2025-11-30T16:46:00.752+03:00 TRACE 6020 --- [auction] [http-nio-8080-exec-6] estMatcherDelegatingAuthorizationManager : Checking authorization on POST /api/auth/signup using org.springframework.security.authorization.SingleResultAuthorizationManager@2e6ccd32
2025-11-30T16:46:00.752+03:00 DEBUG 6020 --- [auction] [http-nio-8080-exec-6] o.s.security.web.FilterChainProxy        : Secured POST /api/auth/signup
2025-11-30T16:46:00.839+03:00 TRACE 6020 --- [auction] [http-nio-8080-exec-6] o.s.s.w.header.writers.HstsHeaderWriter  : Not injecting HSTS header since it did not match request to [Is Secure]
2025-11-30T16:46:00.839+03:00 ERROR 6020 --- [auction] [http-nio-8080-exec-6] o.a.c.c.C.[.[.[/].[dispatcherServlet]    : Servlet.service() for servlet [dispatcherServlet] in context with path [] threw exception [Request processing failed: org.springframework.data.core.PropertyReferenceException: No property 'user' found for type 'Long'; Traversed path: User.id] with root cause

org.springframework.data.core.PropertyReferenceException: No property 'user' found for type 'Long'; Traversed path: User.id
	at org.springframework.data.core.SimplePropertyPath.<init>(SimplePropertyPath.java:93) ~[spring-data-commons-4.0.0.jar:4.0.0]
	at org.springframework.data.core.SimplePropertyPath.create(SimplePropertyPath.java:360) ~[spring-data-commons-4.0.0.jar:4.0.0]
	at org.springframework.data.core.SimplePropertyPath.create(SimplePropertyPath.java:335) ~[spring-data-commons-4.0.0.jar:4.0.0]
	at org.springframework.data.core.SimplePropertyPath.create(SimplePropertyPath.java:319) ~[spring-data-commons-4.0.0.jar:4.0.0]
	at org.springframework.data.core.SimplePropertyPath.lambda$from$0(SimplePropertyPath.java:291) ~[spring-data-commons-4.0.0.jar:4.0.0]
	at org.springframework.util.ConcurrentReferenceHashMap$6.execute(ConcurrentReferenceHashMap.java:380) ~[spring-core-7.0.1.jar:7.0.1]
	at org.springframework.util.ConcurrentReferenceHashMap$Segment.doTask(ConcurrentReferenceHashMap.java:667) ~[spring-core-7.0.1.jar:7.0.1]
	at org.springframework.util.ConcurrentReferenceHashMap.doTask(ConcurrentReferenceHashMap.java:551) ~[spring-core-7.0.1.jar:7.0.1]
	at org.springframework.util.ConcurrentReferenceHashMap.computeIfAbsent(ConcurrentReferenceHashMap.java:374) ~[spring-core-7.0.1.jar:7.0.1]
	at org.springframework.data.core.SimplePropertyPath.from(SimplePropertyPath.java:270) ~[spring-data-commons-4.0.0.jar:4.0.0]
	at org.springframework.data.core.PropertyPath.from(PropertyPath.java:210) ~[spring-data-commons-4.0.0.jar:4.0.0]
	at org.springframework.data.core.PropertyPath.from(PropertyPath.java:193) ~[spring-data-commons-4.0.0.jar:4.0.0]
	at org.springframework.data.jpa.repository.query.JpaQueryCreator.doSelect(JpaQueryCreator.java:348) ~[spring-data-jpa-4.0.0.jar:4.0.0]
	at org.springframework.data.jpa.repository.query.JpaQueryCreator.buildQuery(JpaQueryCreator.java:230) ~[spring-data-jpa-4.0.0.jar:4.0.0]
	at org.springframework.data.jpa.repository.query.JpaQueryCreator.createQuery(JpaQueryCreator.java:213) ~[spring-data-jpa-4.0.0.jar:4.0.0]
	at org.springframework.data.jpa.repository.query.JpaQueryCreator.complete(JpaQueryCreator.java:207) ~[spring-data-jpa-4.0.0.jar:4.0.0]
	at org.springframework.data.jpa.repository.query.JpaQueryCreator.complete(JpaQueryCreator.java:1) ~[spring-data-jpa-4.0.0.jar:4.0.0]
	at org.springframework.data.repository.query.parser.AbstractQueryCreator.createQuery(AbstractQueryCreator.java:96) ~[spring-data-commons-4.0.0.jar:4.0.0]
	at org.springframework.data.jpa.repository.query.JpaQueryCreator.createQuery(JpaQueryCreator.java:1) ~[spring-data-jpa-4.0.0.jar:4.0.0]
	at org.springframework.data.jpa.repository.query.PartTreeJpaQuery$QueryPreparer$CacheableJpqlQueryCreator.<init>(PartTreeJpaQuery.java:331) ~[spring-data-jpa-4.0.0.jar:4.0.0]
	at org.springframework.data.jpa.repository.query.PartTreeJpaQuery$QueryPreparer.createCreator(PartTreeJpaQuery.java:311) ~[spring-data-jpa-4.0.0.jar:4.0.0]
	at org.springframework.data.jpa.repository.query.PartTreeJpaQuery$QueryPreparer.createQuery(PartTreeJpaQuery.java:227) ~[spring-data-jpa-4.0.0.jar:4.0.0]
	at org.springframework.data.jpa.repository.query.PartTreeJpaQuery.doCreateQuery(PartTreeJpaQuery.java:122) ~[spring-data-jpa-4.0.0.jar:4.0.0]
	at org.springframework.data.jpa.repository.query.AbstractJpaQuery.createQuery(AbstractJpaQuery.java:264) ~[spring-data-jpa-4.0.0.jar:4.0.0]
	at org.springframework.data.jpa.repository.query.JpaQueryExecution$ExistsExecution.doExecute(JpaQueryExecution.java:440) ~[spring-data-jpa-4.0.0.jar:4.0.0]
	at org.springframework.data.jpa.repository.query.JpaQueryExecution.execute(JpaQueryExecution.java:99) ~[spring-data-jpa-4.0.0.jar:4.0.0]
	at org.springframework.data.jpa.repository.query.AbstractJpaQuery.doExecute(AbstractJpaQuery.java:164) ~[spring-data-jpa-4.0.0.jar:4.0.0]
	at org.springframework.data.jpa.repository.query.AbstractJpaQuery.execute(AbstractJpaQuery.java:154) ~[spring-data-jpa-4.0.0.jar:4.0.0]
	at org.springframework.data.repository.core.support.RepositoryMethodInvoker.doInvoke(RepositoryMethodInvoker.java:169) ~[spring-data-commons-4.0.0.jar:4.0.0]
	at org.springframework.data.repository.core.support.RepositoryMethodInvoker.invoke(RepositoryMethodInvoker.java:158) ~[spring-data-commons-4.0.0.jar:4.0.0]
	at org.springframework.data.repository.core.support.QueryExecutorMethodInterceptor.doInvoke(QueryExecutorMethodInterceptor.java:167) ~[spring-data-commons-4.0.0.jar:4.0.0]
	at org.springframework.data.repository.core.support.QueryExecutorMethodInterceptor.invoke(QueryExecutorMethodInterceptor.java:146) ~[spring-data-commons-4.0.0.jar:4.0.0]
	at org.springframework.aop.framework.ReflectiveMethodInvocation.proceed(ReflectiveMethodInvocation.java:179) ~[spring-aop-7.0.1.jar:7.0.1]
	at org.springframework.data.projection.DefaultMethodInvokingMethodInterceptor.invoke(DefaultMethodInvokingMethodInterceptor.java:69) ~[spring-data-commons-4.0.0.jar:4.0.0]
	at org.springframework.aop.framework.ReflectiveMethodInvocation.proceed(ReflectiveMethodInvocation.java:179) ~[spring-aop-7.0.1.jar:7.0.1]
	at org.springframework.transaction.interceptor.TransactionAspectSupport.invokeWithinTransaction(TransactionAspectSupport.java:370) ~[spring-tx-7.0.1.jar:7.0.1]
	at org.springframework.transaction.interceptor.TransactionInterceptor.invoke(TransactionInterceptor.java:118) ~[spring-tx-7.0.1.jar:7.0.1]
	at org.springframework.aop.framework.ReflectiveMethodInvocation.proceed(ReflectiveMethodInvocation.java:179) ~[spring-aop-7.0.1.jar:7.0.1]
	at org.springframework.dao.support.PersistenceExceptionTranslationInterceptor.invoke(PersistenceExceptionTranslationInterceptor.java:135) ~[spring-tx-7.0.1.jar:7.0.1]
	at org.springframework.aop.framework.ReflectiveMethodInvocation.proceed(ReflectiveMethodInvocation.java:179) ~[spring-aop-7.0.1.jar:7.0.1]
	at org.springframework.data.jpa.repository.support.CrudMethodMetadataPostProcessor$CrudMethodMetadataPopulatingMethodInterceptor.invoke(CrudMethodMetadataPostProcessor.java:137) ~[spring-data-jpa-4.0.0.jar:4.0.0]
	at org.springframework.aop.framework.ReflectiveMethodInvocation.proceed(ReflectiveMethodInvocation.java:179) ~[spring-aop-7.0.1.jar:7.0.1]
	at org.springframework.aop.framework.JdkDynamicAopProxy.invoke(JdkDynamicAopProxy.java:222) ~[spring-aop-7.0.1.jar:7.0.1]
	at jdk.proxy2/jdk.proxy2.$Proxy129.existsByEmail(Unknown Source) ~[na:na]
	at com.project.auction.controller.AuthController.registerUser(AuthController.java:61) ~[classes/:na]
	at java.base/jdk.internal.reflect.NativeMethodAccessorImpl.invoke0(Native Method) ~[na:na]
	at java.base/jdk.internal.reflect.NativeMethodAccessorImpl.invoke(NativeMethodAccessorImpl.java:77) ~[na:na]
	at java.base/jdk.internal.reflect.DelegatingMethodAccessorImpl.invoke(DelegatingMethodAccessorImpl.java:43) ~[na:na]
	at java.base/java.lang.reflect.Method.invoke(Method.java:569) ~[na:na]
	at org.springframework.web.method.support.InvocableHandlerMethod.doInvoke(InvocableHandlerMethod.java:258) ~[spring-web-7.0.1.jar:7.0.1]
	at org.springframework.web.method.support.InvocableHandlerMethod.invokeForRequest(InvocableHandlerMethod.java:190) ~[spring-web-7.0.1.jar:7.0.1]
	at org.springframework.web.servlet.mvc.method.annotation.ServletInvocableHandlerMethod.invokeAndHandle(ServletInvocableHandlerMethod.java:117) ~[spring-webmvc-7.0.1.jar:7.0.1]
	at org.springframework.web.servlet.mvc.method.annotation.RequestMappingHandlerAdapter.invokeHandlerMethod(RequestMappingHandlerAdapter.java:934) ~[spring-webmvc-7.0.1.jar:7.0.1]
	at org.springframework.web.servlet.mvc.method.annotation.RequestMappingHandlerAdapter.handleInternal(RequestMappingHandlerAdapter.java:853) ~[spring-webmvc-7.0.1.jar:7.0.1]
	at org.springframework.web.servlet.mvc.method.AbstractHandlerMethodAdapter.handle(AbstractHandlerMethodAdapter.java:86) ~[spring-webmvc-7.0.1.jar:7.0.1]
	at org.springframework.web.servlet.DispatcherServlet.doDispatch(DispatcherServlet.java:963) ~[spring-webmvc-7.0.1.jar:7.0.1]
	at org.springframework.web.servlet.DispatcherServlet.doService(DispatcherServlet.java:866) ~[spring-webmvc-7.0.1.jar:7.0.1]
	at org.springframework.web.servlet.FrameworkServlet.processRequest(FrameworkServlet.java:1003) ~[spring-webmvc-7.0.1.jar:7.0.1]
	at org.springframework.web.servlet.FrameworkServlet.doPost(FrameworkServlet.java:903) ~[spring-webmvc-7.0.1.jar:7.0.1]
	at jakarta.servlet.http.HttpServlet.service(HttpServlet.java:649) ~[tomcat-embed-core-11.0.14.jar:6.1]
	at org.springframework.web.servlet.FrameworkServlet.service(FrameworkServlet.java:874) ~[spring-webmvc-7.0.1.jar:7.0.1]
	at jakarta.servlet.http.HttpServlet.service(HttpServlet.java:710) ~[tomcat-embed-core-11.0.14.jar:6.1]
	at org.apache.catalina.core.ApplicationFilterChain.doFilter(ApplicationFilterChain.java:128) ~[tomcat-embed-core-11.0.14.jar:11.0.14]
	at org.apache.tomcat.websocket.server.WsFilter.doFilter(WsFilter.java:53) ~[tomcat-embed-websocket-11.0.14.jar:11.0.14]
	at org.apache.catalina.core.ApplicationFilterChain.doFilter(ApplicationFilterChain.java:107) ~[tomcat-embed-core-11.0.14.jar:11.0.14]
	at org.springframework.web.filter.OncePerRequestFilter.doFilter(OncePerRequestFilter.java:110) ~[spring-web-7.0.1.jar:7.0.1]
	at org.apache.catalina.core.ApplicationFilterChain.doFilter(ApplicationFilterChain.java:107) ~[tomcat-embed-core-11.0.14.jar:11.0.14]
	at org.springframework.web.filter.CompositeFilter$VirtualFilterChain.doFilter(CompositeFilter.java:108) ~[spring-web-7.0.1.jar:7.0.1]
	at org.springframework.security.web.FilterChainProxy.lambda$doFilterInternal$3(FilterChainProxy.java:235) ~[spring-security-web-7.0.0.jar:7.0.0]
	at org.springframework.security.web.FilterChainProxy$VirtualFilterChain.doFilter(FilterChainProxy.java:371) ~[spring-security-web-7.0.0.jar:7.0.0]
	at org.springframework.security.web.access.intercept.AuthorizationFilter.doFilter(AuthorizationFilter.java:101) ~[spring-security-web-7.0.0.jar:7.0.0]
	at org.springframework.security.web.FilterChainProxy$VirtualFilterChain.doFilter(FilterChainProxy.java:380) ~[spring-security-web-7.0.0.jar:7.0.0]
	at org.springframework.security.web.access.ExceptionTranslationFilter.doFilter(ExceptionTranslationFilter.java:126) ~[spring-security-web-7.0.0.jar:7.0.0]
	at org.springframework.security.web.access.ExceptionTranslationFilter.doFilter(ExceptionTranslationFilter.java:120) ~[spring-security-web-7.0.0.jar:7.0.0]
	at org.springframework.security.web.FilterChainProxy$VirtualFilterChain.doFilter(FilterChainProxy.java:380) ~[spring-security-web-7.0.0.jar:7.0.0]
	at org.springframework.security.web.session.SessionManagementFilter.doFilter(SessionManagementFilter.java:132) ~[spring-security-web-7.0.0.jar:7.0.0]
	at org.springframework.security.web.session.SessionManagementFilter.doFilter(SessionManagementFilter.java:86) ~[spring-security-web-7.0.0.jar:7.0.0]
	at org.springframework.security.web.FilterChainProxy$VirtualFilterChain.doFilter(FilterChainProxy.java:380) ~[spring-security-web-7.0.0.jar:7.0.0]
	at org.springframework.security.web.authentication.AnonymousAuthenticationFilter.doFilter(AnonymousAuthenticationFilter.java:100) ~[spring-security-web-7.0.0.jar:7.0.0]
	at org.springframework.security.web.FilterChainProxy$VirtualFilterChain.doFilter(FilterChainProxy.java:380) ~[spring-security-web-7.0.0.jar:7.0.0]
	at org.springframework.security.web.servletapi.SecurityContextHolderAwareRequestFilter.doFilter(SecurityContextHolderAwareRequestFilter.java:181) ~[spring-security-web-7.0.0.jar:7.0.0]
	at org.springframework.security.web.FilterChainProxy$VirtualFilterChain.doFilter(FilterChainProxy.java:380) ~[spring-security-web-7.0.0.jar:7.0.0]
	at org.springframework.security.web.savedrequest.RequestCacheAwareFilter.doFilter(RequestCacheAwareFilter.java:63) ~[spring-security-web-7.0.0.jar:7.0.0]
	at org.springframework.security.web.FilterChainProxy$VirtualFilterChain.doFilter(FilterChainProxy.java:380) ~[spring-security-web-7.0.0.jar:7.0.0]
	at com.project.auction.config.jwt.AuthTokenFilter.doFilterInternal(AuthTokenFilter.java:46) ~[classes/:na]
	at org.springframework.web.filter.OncePerRequestFilter.doFilter(OncePerRequestFilter.java:116) ~[spring-web-7.0.1.jar:7.0.1]
	at org.springframework.security.web.FilterChainProxy$VirtualFilterChain.doFilter(FilterChainProxy.java:380) ~[spring-security-web-7.0.0.jar:7.0.0]
	at org.springframework.security.web.authentication.logout.LogoutFilter.doFilter(LogoutFilter.java:110) ~[spring-security-web-7.0.0.jar:7.0.0]
	at org.springframework.security.web.authentication.logout.LogoutFilter.doFilter(LogoutFilter.java:96) ~[spring-security-web-7.0.0.jar:7.0.0]
	at org.springframework.security.web.FilterChainProxy$VirtualFilterChain.doFilter(FilterChainProxy.java:380) ~[spring-security-web-7.0.0.jar:7.0.0]
	at org.springframework.web.filter.CorsFilter.doFilterInternal(CorsFilter.java:91) ~[spring-web-7.0.1.jar:7.0.1]
	at org.springframework.web.filter.OncePerRequestFilter.doFilter(OncePerRequestFilter.java:116) ~[spring-web-7.0.1.jar:7.0.1]
	at org.springframework.security.web.FilterChainProxy$VirtualFilterChain.doFilter(FilterChainProxy.java:380) ~[spring-security-web-7.0.0.jar:7.0.0]
	at org.springframework.security.web.header.HeaderWriterFilter.doHeadersAfter(HeaderWriterFilter.java:90) ~[spring-security-web-7.0.0.jar:7.0.0]
	at org.springframework.security.web.header.HeaderWriterFilter.doFilterInternal(HeaderWriterFilter.java:75) ~[spring-security-web-7.0.0.jar:7.0.0]
	at org.springframework.web.filter.OncePerRequestFilter.doFilter(OncePerRequestFilter.java:116) ~[spring-web-7.0.1.jar:7.0.1]
	at org.springframework.security.web.FilterChainProxy$VirtualFilterChain.doFilter(FilterChainProxy.java:380) ~[spring-security-web-7.0.0.jar:7.0.0]
	at org.springframework.security.web.context.SecurityContextHolderFilter.doFilter(SecurityContextHolderFilter.java:82) ~[spring-security-web-7.0.0.jar:7.0.0]
	at org.springframework.security.web.context.SecurityContextHolderFilter.doFilter(SecurityContextHolderFilter.java:69) ~[spring-security-web-7.0.0.jar:7.0.0]
	at org.springframework.security.web.FilterChainProxy$VirtualFilterChain.doFilter(FilterChainProxy.java:380) ~[spring-security-web-7.0.0.jar:7.0.0]
	at org.springframework.security.web.context.request.async.WebAsyncManagerIntegrationFilter.doFilterInternal(WebAsyncManagerIntegrationFilter.java:62) ~[spring-security-web-7.0.0.jar:7.0.0]
	at org.springframework.web.filter.OncePerRequestFilter.doFilter(OncePerRequestFilter.java:116) ~[spring-web-7.0.1.jar:7.0.1]
	at org.springframework.security.web.FilterChainProxy$VirtualFilterChain.doFilter(FilterChainProxy.java:380) ~[spring-security-web-7.0.0.jar:7.0.0]
	at org.springframework.security.web.session.DisableEncodeUrlFilter.doFilterInternal(DisableEncodeUrlFilter.java:42) ~[spring-security-web-7.0.0.jar:7.0.0]
	at org.springframework.web.filter.OncePerRequestFilter.doFilter(OncePerRequestFilter.java:116) ~[spring-web-7.0.1.jar:7.0.1]
	at org.springframework.security.web.FilterChainProxy$VirtualFilterChain.doFilter(FilterChainProxy.java:380) ~[spring-security-web-7.0.0.jar:7.0.0]
	at org.springframework.security.web.FilterChainProxy.doFilterInternal(FilterChainProxy.java:237) ~[spring-security-web-7.0.0.jar:7.0.0]
	at org.springframework.security.web.FilterChainProxy.doFilter(FilterChainProxy.java:195) ~[spring-security-web-7.0.0.jar:7.0.0]
	at org.springframework.web.filter.CompositeFilter$VirtualFilterChain.doFilter(CompositeFilter.java:113) ~[spring-web-7.0.1.jar:7.0.1]
	at org.springframework.web.filter.ServletRequestPathFilter.doFilter(ServletRequestPathFilter.java:52) ~[spring-web-7.0.1.jar:7.0.1]
	at org.springframework.web.filter.CompositeFilter$VirtualFilterChain.doFilter(CompositeFilter.java:113) ~[spring-web-7.0.1.jar:7.0.1]
	at org.springframework.web.filter.CompositeFilter.doFilter(CompositeFilter.java:74) ~[spring-web-7.0.1.jar:7.0.1]
	at org.springframework.security.config.annotation.web.configuration.WebSecurityConfiguration$CompositeFilterChainProxy.doFilter(WebSecurityConfiguration.java:317) ~[spring-security-config-7.0.0.jar:7.0.0]
	at org.springframework.web.filter.DelegatingFilterProxy.invokeDelegate(DelegatingFilterProxy.java:355) ~[spring-web-7.0.1.jar:7.0.1]
	at org.springframework.web.filter.DelegatingFilterProxy.doFilter(DelegatingFilterProxy.java:272) ~[spring-web-7.0.1.jar:7.0.1]
	at org.apache.catalina.core.ApplicationFilterChain.doFilter(ApplicationFilterChain.java:107) ~[tomcat-embed-core-11.0.14.jar:11.0.14]
	at org.springframework.web.filter.RequestContextFilter.doFilterInternal(RequestContextFilter.java:100) ~[spring-web-7.0.1.jar:7.0.1]
	at org.springframework.web.filter.OncePerRequestFilter.doFilter(OncePerRequestFilter.java:116) ~[spring-web-7.0.1.jar:7.0.1]
	at org.apache.catalina.core.ApplicationFilterChain.doFilter(ApplicationFilterChain.java:107) ~[tomcat-embed-core-11.0.14.jar:11.0.14]
	at org.springframework.web.filter.FormContentFilter.doFilterInternal(FormContentFilter.java:93) ~[spring-web-7.0.1.jar:7.0.1]
	at org.springframework.web.filter.OncePerRequestFilter.doFilter(OncePerRequestFilter.java:116) ~[spring-web-7.0.1.jar:7.0.1]
	at org.apache.catalina.core.ApplicationFilterChain.doFilter(ApplicationFilterChain.java:107) ~[tomcat-embed-core-11.0.14.jar:11.0.14]
	at org.springframework.web.filter.CharacterEncodingFilter.doFilterInternal(CharacterEncodingFilter.java:199) ~[spring-web-7.0.1.jar:7.0.1]
	at org.springframework.web.filter.OncePerRequestFilter.doFilter(OncePerRequestFilter.java:116) ~[spring-web-7.0.1.jar:7.0.1]
	at org.apache.catalina.core.ApplicationFilterChain.doFilter(ApplicationFilterChain.java:107) ~[tomcat-embed-core-11.0.14.jar:11.0.14]
	at org.apache.catalina.core.StandardWrapperValve.invoke(StandardWrapperValve.java:165) ~[tomcat-embed-core-11.0.14.jar:11.0.14]
	at org.apache.catalina.core.StandardContextValve.invoke(StandardContextValve.java:77) ~[tomcat-embed-core-11.0.14.jar:11.0.14]
	at org.apache.catalina.authenticator.AuthenticatorBase.invoke(AuthenticatorBase.java:482) ~[tomcat-embed-core-11.0.14.jar:11.0.14]
	at org.apache.catalina.core.StandardHostValve.invoke(StandardHostValve.java:113) ~[tomcat-embed-core-11.0.14.jar:11.0.14]
	at org.apache.catalina.valves.ErrorReportValve.invoke(ErrorReportValve.java:83) ~[tomcat-embed-core-11.0.14.jar:11.0.14]
	at org.apache.catalina.core.StandardEngineValve.invoke(StandardEngineValve.java:72) ~[tomcat-embed-core-11.0.14.jar:11.0.14]
	at org.apache.catalina.connector.CoyoteAdapter.service(CoyoteAdapter.java:341) ~[tomcat-embed-core-11.0.14.jar:11.0.14]
	at org.apache.coyote.http11.Http11Processor.service(Http11Processor.java:397) ~[tomcat-embed-core-11.0.14.jar:11.0.14]
	at org.apache.coyote.AbstractProcessorLight.process(AbstractProcessorLight.java:63) ~[tomcat-embed-core-11.0.14.jar:11.0.14]
	at org.apache.coyote.AbstractProtocol$ConnectionHandler.process(AbstractProtocol.java:903) ~[tomcat-embed-core-11.0.14.jar:11.0.14]
	at org.apache.tomcat.util.net.NioEndpoint$SocketProcessor.doRun(NioEndpoint.java:1778) ~[tomcat-embed-core-11.0.14.jar:11.0.14]
	at org.apache.tomcat.util.net.SocketProcessorBase.run(SocketProcessorBase.java:52) ~[tomcat-embed-core-11.0.14.jar:11.0.14]
	at org.apache.tomcat.util.threads.ThreadPoolExecutor.runWorker(ThreadPoolExecutor.java:946) ~[tomcat-embed-core-11.0.14.jar:11.0.14]
	at org.apache.tomcat.util.threads.ThreadPoolExecutor$Worker.run(ThreadPoolExecutor.java:480) ~[tomcat-embed-core-11.0.14.jar:11.0.14]
	at org.apache.tomcat.util.threads.TaskThread$WrappingRunnable.run(TaskThread.java:57) ~[tomcat-embed-core-11.0.14.jar:11.0.14]
	at java.base/java.lang.Thread.run(Thread.java:840) ~[na:na]

2025-11-30T16:46:00.860+03:00 TRACE 6020 --- [auction] [http-nio-8080-exec-6] o.s.security.web.FilterChainProxy        : Trying to match request against DefaultSecurityFilterChain defined as 'filterChain' in [class path resource [com/project/auction/config/WebSecurityConfig.class]] matching [any request] and having filters [DisableEncodeUrl, WebAsyncManagerIntegration, SecurityContextHolder, HeaderWriter, Cors, Logout, AuthToken, RequestCacheAware, SecurityContextHolderAwareRequest, AnonymousAuthentication, SessionManagement, ExceptionTranslation, Authorization] (1/1)
2025-11-30T16:46:00.860+03:00 DEBUG 6020 --- [auction] [http-nio-8080-exec-6] o.s.security.web.FilterChainProxy        : Securing GET /error
2025-11-30T16:46:00.860+03:00 TRACE 6020 --- [auction] [http-nio-8080-exec-6] o.s.security.web.FilterChainProxy        : Invoking DisableEncodeUrlFilter (1/13)
2025-11-30T16:46:00.860+03:00 TRACE 6020 --- [auction] [http-nio-8080-exec-6] o.s.security.web.FilterChainProxy        : Invoking WebAsyncManagerIntegrationFilter (2/13)
2025-11-30T16:46:00.860+03:00 TRACE 6020 --- [auction] [http-nio-8080-exec-6] o.s.security.web.FilterChainProxy        : Invoking SecurityContextHolderFilter (3/13)
2025-11-30T16:46:00.860+03:00 TRACE 6020 --- [auction] [http-nio-8080-exec-6] o.s.security.web.FilterChainProxy        : Invoking HeaderWriterFilter (4/13)
2025-11-30T16:46:00.860+03:00 TRACE 6020 --- [auction] [http-nio-8080-exec-6] o.s.security.web.FilterChainProxy        : Invoking CorsFilter (5/13)
2025-11-30T16:46:00.868+03:00 TRACE 6020 --- [auction] [http-nio-8080-exec-6] o.s.security.web.FilterChainProxy        : Invoking LogoutFilter (6/13)
2025-11-30T16:46:00.869+03:00 TRACE 6020 --- [auction] [http-nio-8080-exec-6] o.s.s.w.a.logout.LogoutFilter            : Did not match request to Or [PathPattern [GET /logout], PathPattern [POST /logout], PathPattern [PUT /logout], PathPattern [DELETE /logout]]
2025-11-30T16:46:00.869+03:00 TRACE 6020 --- [auction] [http-nio-8080-exec-6] o.s.security.web.FilterChainProxy        : Invoking AuthTokenFilter (7/13)
2025-11-30T16:46:00.870+03:00 TRACE 6020 --- [auction] [http-nio-8080-exec-6] o.s.security.web.FilterChainProxy        : Invoking RequestCacheAwareFilter (8/13)
2025-11-30T16:46:00.870+03:00 TRACE 6020 --- [auction] [http-nio-8080-exec-6] o.s.security.web.FilterChainProxy        : Invoking SecurityContextHolderAwareRequestFilter (9/13)
2025-11-30T16:46:00.870+03:00 TRACE 6020 --- [auction] [http-nio-8080-exec-6] o.s.security.web.FilterChainProxy        : Invoking AnonymousAuthenticationFilter (10/13)
2025-11-30T16:46:00.870+03:00 TRACE 6020 --- [auction] [http-nio-8080-exec-6] o.s.security.web.FilterChainProxy        : Invoking SessionManagementFilter (11/13)
2025-11-30T16:46:00.870+03:00 TRACE 6020 --- [auction] [http-nio-8080-exec-6] o.s.security.web.FilterChainProxy        : Invoking ExceptionTranslationFilter (12/13)
2025-11-30T16:46:00.870+03:00 TRACE 6020 --- [auction] [http-nio-8080-exec-6] o.s.security.web.FilterChainProxy        : Invoking AuthorizationFilter (13/13)
2025-11-30T16:46:00.870+03:00 TRACE 6020 --- [auction] [http-nio-8080-exec-6] estMatcherDelegatingAuthorizationManager : Authorizing GET /error
2025-11-30T16:46:00.870+03:00 TRACE 6020 --- [auction] [http-nio-8080-exec-6] estMatcherDelegatingAuthorizationManager : Checking authorization on GET /error using org.springframework.security.authorization.SingleResultAuthorizationManager@2e6ccd32
2025-11-30T16:46:00.870+03:00 DEBUG 6020 --- [auction] [http-nio-8080-exec-6] o.s.security.web.FilterChainProxy        : Secured GET /error
2025-11-30T16:46:00.898+03:00 TRACE 6020 --- [auction] [http-nio-8080-exec-6] .s.s.w.c.SupplierDeferredSecurityContext : Created SecurityContextImpl [Null authentication]
2025-11-30T16:46:00.898+03:00 TRACE 6020 --- [auction] [http-nio-8080-exec-6] o.s.s.w.a.AnonymousAuthenticationFilter  : Set SecurityContextHolder to AnonymousAuthenticationToken [Principal=anonymousUser, Credentials=[PROTECTED], Authenticated=true, Details=WebAuthenticationDetails [RemoteIpAddress=0:0:0:0:0:0:0:1, SessionId=null], Granted Authorities=[ROLE_ANONYMOUS]]
2025-11-30T16:47:27.752+03:00 TRACE 6020 --- [auction] [http-nio-8080-exec-5] o.s.security.web.FilterChainProxy        : Trying to match request against DefaultSecurityFilterChain defined as 'filterChain' in [class path resource [com/project/auction/config/WebSecurityConfig.class]] matching [any request] and having filters [DisableEncodeUrl, WebAsyncManagerIntegration, SecurityContextHolder, HeaderWriter, Cors, Logout, AuthToken, RequestCacheAware, SecurityContextHolderAwareRequest, AnonymousAuthentication, SessionManagement, ExceptionTranslation, Authorization] (1/1)
2025-11-30T16:47:27.752+03:00 DEBUG 6020 --- [auction] [http-nio-8080-exec-5] o.s.security.web.FilterChainProxy        : Securing OPTIONS /api/auth/signup
2025-11-30T16:47:27.752+03:00 TRACE 6020 --- [auction] [http-nio-8080-exec-5] o.s.security.web.FilterChainProxy        : Invoking DisableEncodeUrlFilter (1/13)
2025-11-30T16:47:27.752+03:00 TRACE 6020 --- [auction] [http-nio-8080-exec-5] o.s.security.web.FilterChainProxy        : Invoking WebAsyncManagerIntegrationFilter (2/13)
2025-11-30T16:47:27.760+03:00 TRACE 6020 --- [auction] [http-nio-8080-exec-5] o.s.security.web.FilterChainProxy        : Invoking SecurityContextHolderFilter (3/13)
2025-11-30T16:47:27.760+03:00 TRACE 6020 --- [auction] [http-nio-8080-exec-5] o.s.security.web.FilterChainProxy        : Invoking HeaderWriterFilter (4/13)
2025-11-30T16:47:27.760+03:00 TRACE 6020 --- [auction] [http-nio-8080-exec-5] o.s.security.web.FilterChainProxy        : Invoking CorsFilter (5/13)
2025-11-30T16:47:27.760+03:00 TRACE 6020 --- [auction] [http-nio-8080-exec-5] o.s.s.w.header.writers.HstsHeaderWriter  : Not injecting HSTS header since it did not match request to [Is Secure]
2025-11-30T16:47:27.777+03:00 TRACE 6020 --- [auction] [http-nio-8080-exec-7] o.s.security.web.FilterChainProxy        : Trying to match request against DefaultSecurityFilterChain defined as 'filterChain' in [class path resource [com/project/auction/config/WebSecurityConfig.class]] matching [any request] and having filters [DisableEncodeUrl, WebAsyncManagerIntegration, SecurityContextHolder, HeaderWriter, Cors, Logout, AuthToken, RequestCacheAware, SecurityContextHolderAwareRequest, AnonymousAuthentication, SessionManagement, ExceptionTranslation, Authorization] (1/1)
2025-11-30T16:47:27.777+03:00 DEBUG 6020 --- [auction] [http-nio-8080-exec-7] o.s.security.web.FilterChainProxy        : Securing POST /api/auth/signup
2025-11-30T16:47:27.777+03:00 TRACE 6020 --- [auction] [http-nio-8080-exec-7] o.s.security.web.FilterChainProxy        : Invoking DisableEncodeUrlFilter (1/13)
2025-11-30T16:47:27.785+03:00 TRACE 6020 --- [auction] [http-nio-8080-exec-7] o.s.security.web.FilterChainProxy        : Invoking WebAsyncManagerIntegrationFilter (2/13)
2025-11-30T16:47:27.785+03:00 TRACE 6020 --- [auction] [http-nio-8080-exec-7] o.s.security.web.FilterChainProxy        : Invoking SecurityContextHolderFilter (3/13)
2025-11-30T16:47:27.793+03:00 TRACE 6020 --- [auction] [http-nio-8080-exec-7] o.s.security.web.FilterChainProxy        : Invoking HeaderWriterFilter (4/13)
2025-11-30T16:47:27.793+03:00 TRACE 6020 --- [auction] [http-nio-8080-exec-7] o.s.security.web.FilterChainProxy        : Invoking CorsFilter (5/13)
2025-11-30T16:47:27.803+03:00 TRACE 6020 --- [auction] [http-nio-8080-exec-7] o.s.security.web.FilterChainProxy        : Invoking LogoutFilter (6/13)
2025-11-30T16:47:27.803+03:00 TRACE 6020 --- [auction] [http-nio-8080-exec-7] o.s.s.w.a.logout.LogoutFilter            : Did not match request to Or [PathPattern [GET /logout], PathPattern [POST /logout], PathPattern [PUT /logout], PathPattern [DELETE /logout]]
2025-11-30T16:47:27.803+03:00 TRACE 6020 --- [auction] [http-nio-8080-exec-7] o.s.security.web.FilterChainProxy        : Invoking AuthTokenFilter (7/13)
2025-11-30T16:47:27.811+03:00 TRACE 6020 --- [auction] [http-nio-8080-exec-7] o.s.security.web.FilterChainProxy        : Invoking RequestCacheAwareFilter (8/13)
2025-11-30T16:47:27.813+03:00 TRACE 6020 --- [auction] [http-nio-8080-exec-7] o.s.security.web.FilterChainProxy        : Invoking SecurityContextHolderAwareRequestFilter (9/13)
2025-11-30T16:47:27.813+03:00 TRACE 6020 --- [auction] [http-nio-8080-exec-7] o.s.security.web.FilterChainProxy        : Invoking AnonymousAuthenticationFilter (10/13)
2025-11-30T16:47:27.813+03:00 TRACE 6020 --- [auction] [http-nio-8080-exec-7] o.s.security.web.FilterChainProxy        : Invoking SessionManagementFilter (11/13)
2025-11-30T16:47:27.813+03:00 TRACE 6020 --- [auction] [http-nio-8080-exec-7] .s.s.w.c.SupplierDeferredSecurityContext : Created SecurityContextImpl [Null authentication]
2025-11-30T16:47:27.819+03:00 TRACE 6020 --- [auction] [http-nio-8080-exec-7] o.s.s.w.a.AnonymousAuthenticationFilter  : Set SecurityContextHolder to AnonymousAuthenticationToken [Principal=anonymousUser, Credentials=[PROTECTED], Authenticated=true, Details=WebAuthenticationDetails [RemoteIpAddress=0:0:0:0:0:0:0:1, SessionId=null], Granted Authorities=[ROLE_ANONYMOUS]]
2025-11-30T16:47:27.819+03:00 TRACE 6020 --- [auction] [http-nio-8080-exec-7] o.s.security.web.FilterChainProxy        : Invoking ExceptionTranslationFilter (12/13)
2025-11-30T16:47:27.867+03:00 TRACE 6020 --- [auction] [http-nio-8080-exec-7] o.s.security.web.FilterChainProxy        : Invoking AuthorizationFilter (13/13)
2025-11-30T16:47:27.867+03:00 TRACE 6020 --- [auction] [http-nio-8080-exec-7] estMatcherDelegatingAuthorizationManager : Authorizing POST /api/auth/signup
2025-11-30T16:47:27.867+03:00 TRACE 6020 --- [auction] [http-nio-8080-exec-7] estMatcherDelegatingAuthorizationManager : Checking authorization on POST /api/auth/signup using org.springframework.security.authorization.SingleResultAuthorizationManager@2e6ccd32
2025-11-30T16:47:27.867+03:00 DEBUG 6020 --- [auction] [http-nio-8080-exec-7] o.s.security.web.FilterChainProxy        : Secured POST /api/auth/signup
2025-11-30T16:47:27.867+03:00 TRACE 6020 --- [auction] [http-nio-8080-exec-7] o.s.s.w.header.writers.HstsHeaderWriter  : Not injecting HSTS header since it did not match request to [Is Secure]
2025-11-30T16:47:27.867+03:00 ERROR 6020 --- [auction] [http-nio-8080-exec-7] o.a.c.c.C.[.[.[/].[dispatcherServlet]    : Servlet.service() for servlet [dispatcherServlet] in context with path [] threw exception [Request processing failed: org.springframework.data.core.PropertyReferenceException: No property 'user' found for type 'Long'; Traversed path: User.id] with root cause

org.springframework.data.core.PropertyReferenceException: No property 'user' found for type 'Long'; Traversed path: User.id
	at org.springframework.data.core.SimplePropertyPath.<init>(SimplePropertyPath.java:93) ~[spring-data-commons-4.0.0.jar:4.0.0]
	at org.springframework.data.core.SimplePropertyPath.create(SimplePropertyPath.java:360) ~[spring-data-commons-4.0.0.jar:4.0.0]
	at org.springframework.data.core.SimplePropertyPath.create(SimplePropertyPath.java:335) ~[spring-data-commons-4.0.0.jar:4.0.0]
	at org.springframework.data.core.SimplePropertyPath.create(SimplePropertyPath.java:319) ~[spring-data-commons-4.0.0.jar:4.0.0]
	at org.springframework.data.core.SimplePropertyPath.lambda$from$0(SimplePropertyPath.java:291) ~[spring-data-commons-4.0.0.jar:4.0.0]
	at org.springframework.util.ConcurrentReferenceHashMap$6.execute(ConcurrentReferenceHashMap.java:380) ~[spring-core-7.0.1.jar:7.0.1]
	at org.springframework.util.ConcurrentReferenceHashMap$Segment.doTask(ConcurrentReferenceHashMap.java:667) ~[spring-core-7.0.1.jar:7.0.1]
	at org.springframework.util.ConcurrentReferenceHashMap.doTask(ConcurrentReferenceHashMap.java:551) ~[spring-core-7.0.1.jar:7.0.1]
	at org.springframework.util.ConcurrentReferenceHashMap.computeIfAbsent(ConcurrentReferenceHashMap.java:374) ~[spring-core-7.0.1.jar:7.0.1]
	at org.springframework.data.core.SimplePropertyPath.from(SimplePropertyPath.java:270) ~[spring-data-commons-4.0.0.jar:4.0.0]
	at org.springframework.data.core.PropertyPath.from(PropertyPath.java:210) ~[spring-data-commons-4.0.0.jar:4.0.0]
	at org.springframework.data.core.PropertyPath.from(PropertyPath.java:193) ~[spring-data-commons-4.0.0.jar:4.0.0]
	at org.springframework.data.jpa.repository.query.JpaQueryCreator.doSelect(JpaQueryCreator.java:348) ~[spring-data-jpa-4.0.0.jar:4.0.0]
	at org.springframework.data.jpa.repository.query.JpaQueryCreator.buildQuery(JpaQueryCreator.java:230) ~[spring-data-jpa-4.0.0.jar:4.0.0]
	at org.springframework.data.jpa.repository.query.JpaQueryCreator.createQuery(JpaQueryCreator.java:213) ~[spring-data-jpa-4.0.0.jar:4.0.0]
	at org.springframework.data.jpa.repository.query.JpaQueryCreator.complete(JpaQueryCreator.java:207) ~[spring-data-jpa-4.0.0.jar:4.0.0]
	at org.springframework.data.jpa.repository.query.JpaQueryCreator.complete(JpaQueryCreator.java:1) ~[spring-data-jpa-4.0.0.jar:4.0.0]
	at org.springframework.data.repository.query.parser.AbstractQueryCreator.createQuery(AbstractQueryCreator.java:96) ~[spring-data-commons-4.0.0.jar:4.0.0]
	at org.springframework.data.jpa.repository.query.JpaQueryCreator.createQuery(JpaQueryCreator.java:1) ~[spring-data-jpa-4.0.0.jar:4.0.0]
	at org.springframework.data.jpa.repository.query.PartTreeJpaQuery$QueryPreparer$CacheableJpqlQueryCreator.<init>(PartTreeJpaQuery.java:331) ~[spring-data-jpa-4.0.0.jar:4.0.0]
	at org.springframework.data.jpa.repository.query.PartTreeJpaQuery$QueryPreparer.createCreator(PartTreeJpaQuery.java:311) ~[spring-data-jpa-4.0.0.jar:4.0.0]
	at org.springframework.data.jpa.repository.query.PartTreeJpaQuery$QueryPreparer.createQuery(PartTreeJpaQuery.java:227) ~[spring-data-jpa-4.0.0.jar:4.0.0]
	at org.springframework.data.jpa.repository.query.PartTreeJpaQuery.doCreateQuery(PartTreeJpaQuery.java:122) ~[spring-data-jpa-4.0.0.jar:4.0.0]
	at org.springframework.data.jpa.repository.query.AbstractJpaQuery.createQuery(AbstractJpaQuery.java:264) ~[spring-data-jpa-4.0.0.jar:4.0.0]
	at org.springframework.data.jpa.repository.query.JpaQueryExecution$ExistsExecution.doExecute(JpaQueryExecution.java:440) ~[spring-data-jpa-4.0.0.jar:4.0.0]
	at org.springframework.data.jpa.repository.query.JpaQueryExecution.execute(JpaQueryExecution.java:99) ~[spring-data-jpa-4.0.0.jar:4.0.0]
	at org.springframework.data.jpa.repository.query.AbstractJpaQuery.doExecute(AbstractJpaQuery.java:164) ~[spring-data-jpa-4.0.0.jar:4.0.0]
	at org.springframework.data.jpa.repository.query.AbstractJpaQuery.execute(AbstractJpaQuery.java:154) ~[spring-data-jpa-4.0.0.jar:4.0.0]
	at org.springframework.data.repository.core.support.RepositoryMethodInvoker.doInvoke(RepositoryMethodInvoker.java:169) ~[spring-data-commons-4.0.0.jar:4.0.0]
	at org.springframework.data.repository.core.support.RepositoryMethodInvoker.invoke(RepositoryMethodInvoker.java:158) ~[spring-data-commons-4.0.0.jar:4.0.0]
	at org.springframework.data.repository.core.support.QueryExecutorMethodInterceptor.doInvoke(QueryExecutorMethodInterceptor.java:167) ~[spring-data-commons-4.0.0.jar:4.0.0]
	at org.springframework.data.repository.core.support.QueryExecutorMethodInterceptor.invoke(QueryExecutorMethodInterceptor.java:146) ~[spring-data-commons-4.0.0.jar:4.0.0]
	at org.springframework.aop.framework.ReflectiveMethodInvocation.proceed(ReflectiveMethodInvocation.java:179) ~[spring-aop-7.0.1.jar:7.0.1]
	at org.springframework.data.projection.DefaultMethodInvokingMethodInterceptor.invoke(DefaultMethodInvokingMethodInterceptor.java:69) ~[spring-data-commons-4.0.0.jar:4.0.0]
	at org.springframework.aop.framework.ReflectiveMethodInvocation.proceed(ReflectiveMethodInvocation.java:179) ~[spring-aop-7.0.1.jar:7.0.1]
	at org.springframework.transaction.interceptor.TransactionAspectSupport.invokeWithinTransaction(TransactionAspectSupport.java:370) ~[spring-tx-7.0.1.jar:7.0.1]
	at org.springframework.transaction.interceptor.TransactionInterceptor.invoke(TransactionInterceptor.java:118) ~[spring-tx-7.0.1.jar:7.0.1]
	at org.springframework.aop.framework.ReflectiveMethodInvocation.proceed(ReflectiveMethodInvocation.java:179) ~[spring-aop-7.0.1.jar:7.0.1]
	at org.springframework.dao.support.PersistenceExceptionTranslationInterceptor.invoke(PersistenceExceptionTranslationInterceptor.java:135) ~[spring-tx-7.0.1.jar:7.0.1]
	at org.springframework.aop.framework.ReflectiveMethodInvocation.proceed(ReflectiveMethodInvocation.java:179) ~[spring-aop-7.0.1.jar:7.0.1]
	at org.springframework.data.jpa.repository.support.CrudMethodMetadataPostProcessor$CrudMethodMetadataPopulatingMethodInterceptor.invoke(CrudMethodMetadataPostProcessor.java:137) ~[spring-data-jpa-4.0.0.jar:4.0.0]
	at org.springframework.aop.framework.ReflectiveMethodInvocation.proceed(ReflectiveMethodInvocation.java:179) ~[spring-aop-7.0.1.jar:7.0.1]
	at org.springframework.aop.framework.JdkDynamicAopProxy.invoke(JdkDynamicAopProxy.java:222) ~[spring-aop-7.0.1.jar:7.0.1]
	at jdk.proxy2/jdk.proxy2.$Proxy129.existsByEmail(Unknown Source) ~[na:na]
	at com.project.auction.controller.AuthController.registerUser(AuthController.java:61) ~[classes/:na]
	at java.base/jdk.internal.reflect.NativeMethodAccessorImpl.invoke0(Native Method) ~[na:na]
	at java.base/jdk.internal.reflect.NativeMethodAccessorImpl.invoke(NativeMethodAccessorImpl.java:77) ~[na:na]
	at java.base/jdk.internal.reflect.DelegatingMethodAccessorImpl.invoke(DelegatingMethodAccessorImpl.java:43) ~[na:na]
	at java.base/java.lang.reflect.Method.invoke(Method.java:569) ~[na:na]
	at org.springframework.web.method.support.InvocableHandlerMethod.doInvoke(InvocableHandlerMethod.java:258) ~[spring-web-7.0.1.jar:7.0.1]
	at org.springframework.web.method.support.InvocableHandlerMethod.invokeForRequest(InvocableHandlerMethod.java:190) ~[spring-web-7.0.1.jar:7.0.1]
	at org.springframework.web.servlet.mvc.method.annotation.ServletInvocableHandlerMethod.invokeAndHandle(ServletInvocableHandlerMethod.java:117) ~[spring-webmvc-7.0.1.jar:7.0.1]
	at org.springframework.web.servlet.mvc.method.annotation.RequestMappingHandlerAdapter.invokeHandlerMethod(RequestMappingHandlerAdapter.java:934) ~[spring-webmvc-7.0.1.jar:7.0.1]
	at org.springframework.web.servlet.mvc.method.annotation.RequestMappingHandlerAdapter.handleInternal(RequestMappingHandlerAdapter.java:853) ~[spring-webmvc-7.0.1.jar:7.0.1]
	at org.springframework.web.servlet.mvc.method.AbstractHandlerMethodAdapter.handle(AbstractHandlerMethodAdapter.java:86) ~[spring-webmvc-7.0.1.jar:7.0.1]
	at org.springframework.web.servlet.DispatcherServlet.doDispatch(DispatcherServlet.java:963) ~[spring-webmvc-7.0.1.jar:7.0.1]
	at org.springframework.web.servlet.DispatcherServlet.doService(DispatcherServlet.java:866) ~[spring-webmvc-7.0.1.jar:7.0.1]
	at org.springframework.web.servlet.FrameworkServlet.processRequest(FrameworkServlet.java:1003) ~[spring-webmvc-7.0.1.jar:7.0.1]
	at org.springframework.web.servlet.FrameworkServlet.doPost(FrameworkServlet.java:903) ~[spring-webmvc-7.0.1.jar:7.0.1]
	at jakarta.servlet.http.HttpServlet.service(HttpServlet.java:649) ~[tomcat-embed-core-11.0.14.jar:6.1]
	at org.springframework.web.servlet.FrameworkServlet.service(FrameworkServlet.java:874) ~[spring-webmvc-7.0.1.jar:7.0.1]
	at jakarta.servlet.http.HttpServlet.service(HttpServlet.java:710) ~[tomcat-embed-core-11.0.14.jar:6.1]
	at org.apache.catalina.core.ApplicationFilterChain.doFilter(ApplicationFilterChain.java:128) ~[tomcat-embed-core-11.0.14.jar:11.0.14]
	at org.apache.tomcat.websocket.server.WsFilter.doFilter(WsFilter.java:53) ~[tomcat-embed-websocket-11.0.14.jar:11.0.14]
	at org.apache.catalina.core.ApplicationFilterChain.doFilter(ApplicationFilterChain.java:107) ~[tomcat-embed-core-11.0.14.jar:11.0.14]
	at org.springframework.web.filter.OncePerRequestFilter.doFilter(OncePerRequestFilter.java:110) ~[spring-web-7.0.1.jar:7.0.1]
	at org.apache.catalina.core.ApplicationFilterChain.doFilter(ApplicationFilterChain.java:107) ~[tomcat-embed-core-11.0.14.jar:11.0.14]
	at org.springframework.web.filter.CompositeFilter$VirtualFilterChain.doFilter(CompositeFilter.java:108) ~[spring-web-7.0.1.jar:7.0.1]
	at org.springframework.security.web.FilterChainProxy.lambda$doFilterInternal$3(FilterChainProxy.java:235) ~[spring-security-web-7.0.0.jar:7.0.0]
	at org.springframework.security.web.FilterChainProxy$VirtualFilterChain.doFilter(FilterChainProxy.java:371) ~[spring-security-web-7.0.0.jar:7.0.0]
	at org.springframework.security.web.access.intercept.AuthorizationFilter.doFilter(AuthorizationFilter.java:101) ~[spring-security-web-7.0.0.jar:7.0.0]
	at org.springframework.security.web.FilterChainProxy$VirtualFilterChain.doFilter(FilterChainProxy.java:380) ~[spring-security-web-7.0.0.jar:7.0.0]
	at org.springframework.security.web.access.ExceptionTranslationFilter.doFilter(ExceptionTranslationFilter.java:126) ~[spring-security-web-7.0.0.jar:7.0.0]
	at org.springframework.security.web.access.ExceptionTranslationFilter.doFilter(ExceptionTranslationFilter.java:120) ~[spring-security-web-7.0.0.jar:7.0.0]
	at org.springframework.security.web.FilterChainProxy$VirtualFilterChain.doFilter(FilterChainProxy.java:380) ~[spring-security-web-7.0.0.jar:7.0.0]
	at org.springframework.security.web.session.SessionManagementFilter.doFilter(SessionManagementFilter.java:132) ~[spring-security-web-7.0.0.jar:7.0.0]
	at org.springframework.security.web.session.SessionManagementFilter.doFilter(SessionManagementFilter.java:86) ~[spring-security-web-7.0.0.jar:7.0.0]
	at org.springframework.security.web.FilterChainProxy$VirtualFilterChain.doFilter(FilterChainProxy.java:380) ~[spring-security-web-7.0.0.jar:7.0.0]
	at org.springframework.security.web.authentication.AnonymousAuthenticationFilter.doFilter(AnonymousAuthenticationFilter.java:100) ~[spring-security-web-7.0.0.jar:7.0.0]
	at org.springframework.security.web.FilterChainProxy$VirtualFilterChain.doFilter(FilterChainProxy.java:380) ~[spring-security-web-7.0.0.jar:7.0.0]
	at org.springframework.security.web.servletapi.SecurityContextHolderAwareRequestFilter.doFilter(SecurityContextHolderAwareRequestFilter.java:181) ~[spring-security-web-7.0.0.jar:7.0.0]
	at org.springframework.security.web.FilterChainProxy$VirtualFilterChain.doFilter(FilterChainProxy.java:380) ~[spring-security-web-7.0.0.jar:7.0.0]
	at org.springframework.security.web.savedrequest.RequestCacheAwareFilter.doFilter(RequestCacheAwareFilter.java:63) ~[spring-security-web-7.0.0.jar:7.0.0]
	at org.springframework.security.web.FilterChainProxy$VirtualFilterChain.doFilter(FilterChainProxy.java:380) ~[spring-security-web-7.0.0.jar:7.0.0]
	at com.project.auction.config.jwt.AuthTokenFilter.doFilterInternal(AuthTokenFilter.java:46) ~[classes/:na]
	at org.springframework.web.filter.OncePerRequestFilter.doFilter(OncePerRequestFilter.java:116) ~[spring-web-7.0.1.jar:7.0.1]
	at org.springframework.security.web.FilterChainProxy$VirtualFilterChain.doFilter(FilterChainProxy.java:380) ~[spring-security-web-7.0.0.jar:7.0.0]
	at org.springframework.security.web.authentication.logout.LogoutFilter.doFilter(LogoutFilter.java:110) ~[spring-security-web-7.0.0.jar:7.0.0]
	at org.springframework.security.web.authentication.logout.LogoutFilter.doFilter(LogoutFilter.java:96) ~[spring-security-web-7.0.0.jar:7.0.0]
	at org.springframework.security.web.FilterChainProxy$VirtualFilterChain.doFilter(FilterChainProxy.java:380) ~[spring-security-web-7.0.0.jar:7.0.0]
	at org.springframework.web.filter.CorsFilter.doFilterInternal(CorsFilter.java:91) ~[spring-web-7.0.1.jar:7.0.1]
	at org.springframework.web.filter.OncePerRequestFilter.doFilter(OncePerRequestFilter.java:116) ~[spring-web-7.0.1.jar:7.0.1]
	at org.springframework.security.web.FilterChainProxy$VirtualFilterChain.doFilter(FilterChainProxy.java:380) ~[spring-security-web-7.0.0.jar:7.0.0]
	at org.springframework.security.web.header.HeaderWriterFilter.doHeadersAfter(HeaderWriterFilter.java:90) ~[spring-security-web-7.0.0.jar:7.0.0]
	at org.springframework.security.web.header.HeaderWriterFilter.doFilterInternal(HeaderWriterFilter.java:75) ~[spring-security-web-7.0.0.jar:7.0.0]
	at org.springframework.web.filter.OncePerRequestFilter.doFilter(OncePerRequestFilter.java:116) ~[spring-web-7.0.1.jar:7.0.1]
	at org.springframework.security.web.FilterChainProxy$VirtualFilterChain.doFilter(FilterChainProxy.java:380) ~[spring-security-web-7.0.0.jar:7.0.0]
	at org.springframework.security.web.context.SecurityContextHolderFilter.doFilter(SecurityContextHolderFilter.java:82) ~[spring-security-web-7.0.0.jar:7.0.0]
	at org.springframework.security.web.context.SecurityContextHolderFilter.doFilter(SecurityContextHolderFilter.java:69) ~[spring-security-web-7.0.0.jar:7.0.0]
	at org.springframework.security.web.FilterChainProxy$VirtualFilterChain.doFilter(FilterChainProxy.java:380) ~[spring-security-web-7.0.0.jar:7.0.0]
	at org.springframework.security.web.context.request.async.WebAsyncManagerIntegrationFilter.doFilterInternal(WebAsyncManagerIntegrationFilter.java:62) ~[spring-security-web-7.0.0.jar:7.0.0]
	at org.springframework.web.filter.OncePerRequestFilter.doFilter(OncePerRequestFilter.java:116) ~[spring-web-7.0.1.jar:7.0.1]
	at org.springframework.security.web.FilterChainProxy$VirtualFilterChain.doFilter(FilterChainProxy.java:380) ~[spring-security-web-7.0.0.jar:7.0.0]
	at org.springframework.security.web.session.DisableEncodeUrlFilter.doFilterInternal(DisableEncodeUrlFilter.java:42) ~[spring-security-web-7.0.0.jar:7.0.0]
	at org.springframework.web.filter.OncePerRequestFilter.doFilter(OncePerRequestFilter.java:116) ~[spring-web-7.0.1.jar:7.0.1]
	at org.springframework.security.web.FilterChainProxy$VirtualFilterChain.doFilter(FilterChainProxy.java:380) ~[spring-security-web-7.0.0.jar:7.0.0]
	at org.springframework.security.web.FilterChainProxy.doFilterInternal(FilterChainProxy.java:237) ~[spring-security-web-7.0.0.jar:7.0.0]
	at org.springframework.security.web.FilterChainProxy.doFilter(FilterChainProxy.java:195) ~[spring-security-web-7.0.0.jar:7.0.0]
	at org.springframework.web.filter.CompositeFilter$VirtualFilterChain.doFilter(CompositeFilter.java:113) ~[spring-web-7.0.1.jar:7.0.1]
	at org.springframework.web.filter.ServletRequestPathFilter.doFilter(ServletRequestPathFilter.java:52) ~[spring-web-7.0.1.jar:7.0.1]
	at org.springframework.web.filter.CompositeFilter$VirtualFilterChain.doFilter(CompositeFilter.java:113) ~[spring-web-7.0.1.jar:7.0.1]
	at org.springframework.web.filter.CompositeFilter.doFilter(CompositeFilter.java:74) ~[spring-web-7.0.1.jar:7.0.1]
	at org.springframework.security.config.annotation.web.configuration.WebSecurityConfiguration$CompositeFilterChainProxy.doFilter(WebSecurityConfiguration.java:317) ~[spring-security-config-7.0.0.jar:7.0.0]
	at org.springframework.web.filter.DelegatingFilterProxy.invokeDelegate(DelegatingFilterProxy.java:355) ~[spring-web-7.0.1.jar:7.0.1]
	at org.springframework.web.filter.DelegatingFilterProxy.doFilter(DelegatingFilterProxy.java:272) ~[spring-web-7.0.1.jar:7.0.1]
	at org.apache.catalina.core.ApplicationFilterChain.doFilter(ApplicationFilterChain.java:107) ~[tomcat-embed-core-11.0.14.jar:11.0.14]
	at org.springframework.web.filter.RequestContextFilter.doFilterInternal(RequestContextFilter.java:100) ~[spring-web-7.0.1.jar:7.0.1]
	at org.springframework.web.filter.OncePerRequestFilter.doFilter(OncePerRequestFilter.java:116) ~[spring-web-7.0.1.jar:7.0.1]
	at org.apache.catalina.core.ApplicationFilterChain.doFilter(ApplicationFilterChain.java:107) ~[tomcat-embed-core-11.0.14.jar:11.0.14]
	at org.springframework.web.filter.FormContentFilter.doFilterInternal(FormContentFilter.java:93) ~[spring-web-7.0.1.jar:7.0.1]
	at org.springframework.web.filter.OncePerRequestFilter.doFilter(OncePerRequestFilter.java:116) ~[spring-web-7.0.1.jar:7.0.1]
	at org.apache.catalina.core.ApplicationFilterChain.doFilter(ApplicationFilterChain.java:107) ~[tomcat-embed-core-11.0.14.jar:11.0.14]
	at org.springframework.web.filter.CharacterEncodingFilter.doFilterInternal(CharacterEncodingFilter.java:199) ~[spring-web-7.0.1.jar:7.0.1]
	at org.springframework.web.filter.OncePerRequestFilter.doFilter(OncePerRequestFilter.java:116) ~[spring-web-7.0.1.jar:7.0.1]
	at org.apache.catalina.core.ApplicationFilterChain.doFilter(ApplicationFilterChain.java:107) ~[tomcat-embed-core-11.0.14.jar:11.0.14]
	at org.apache.catalina.core.StandardWrapperValve.invoke(StandardWrapperValve.java:165) ~[tomcat-embed-core-11.0.14.jar:11.0.14]
	at org.apache.catalina.core.StandardContextValve.invoke(StandardContextValve.java:77) ~[tomcat-embed-core-11.0.14.jar:11.0.14]
	at org.apache.catalina.authenticator.AuthenticatorBase.invoke(AuthenticatorBase.java:482) ~[tomcat-embed-core-11.0.14.jar:11.0.14]
	at org.apache.catalina.core.StandardHostValve.invoke(StandardHostValve.java:113) ~[tomcat-embed-core-11.0.14.jar:11.0.14]
	at org.apache.catalina.valves.ErrorReportValve.invoke(ErrorReportValve.java:83) ~[tomcat-embed-core-11.0.14.jar:11.0.14]
	at org.apache.catalina.core.StandardEngineValve.invoke(StandardEngineValve.java:72) ~[tomcat-embed-core-11.0.14.jar:11.0.14]
	at org.apache.catalina.connector.CoyoteAdapter.service(CoyoteAdapter.java:341) ~[tomcat-embed-core-11.0.14.jar:11.0.14]
	at org.apache.coyote.http11.Http11Processor.service(Http11Processor.java:397) ~[tomcat-embed-core-11.0.14.jar:11.0.14]
	at org.apache.coyote.AbstractProcessorLight.process(AbstractProcessorLight.java:63) ~[tomcat-embed-core-11.0.14.jar:11.0.14]
	at org.apache.coyote.AbstractProtocol$ConnectionHandler.process(AbstractProtocol.java:903) ~[tomcat-embed-core-11.0.14.jar:11.0.14]
	at org.apache.tomcat.util.net.NioEndpoint$SocketProcessor.doRun(NioEndpoint.java:1778) ~[tomcat-embed-core-11.0.14.jar:11.0.14]
	at org.apache.tomcat.util.net.SocketProcessorBase.run(SocketProcessorBase.java:52) ~[tomcat-embed-core-11.0.14.jar:11.0.14]
	at org.apache.tomcat.util.threads.ThreadPoolExecutor.runWorker(ThreadPoolExecutor.java:946) ~[tomcat-embed-core-11.0.14.jar:11.0.14]
	at org.apache.tomcat.util.threads.ThreadPoolExecutor$Worker.run(ThreadPoolExecutor.java:480) ~[tomcat-embed-core-11.0.14.jar:11.0.14]
	at org.apache.tomcat.util.threads.TaskThread$WrappingRunnable.run(TaskThread.java:57) ~[tomcat-embed-core-11.0.14.jar:11.0.14]
	at java.base/java.lang.Thread.run(Thread.java:840) ~[na:na]

2025-11-30T16:47:27.883+03:00 TRACE 6020 --- [auction] [http-nio-8080-exec-7] o.s.security.web.FilterChainProxy        : Trying to match request against DefaultSecurityFilterChain defined as 'filterChain' in [class path resource [com/project/auction/config/WebSecurityConfig.class]] matching [any request] and having filters [DisableEncodeUrl, WebAsyncManagerIntegration, SecurityContextHolder, HeaderWriter, Cors, Logout, AuthToken, RequestCacheAware, SecurityContextHolderAwareRequest, AnonymousAuthentication, SessionManagement, ExceptionTranslation, Authorization] (1/1)
2025-11-30T16:47:27.883+03:00 DEBUG 6020 --- [auction] [http-nio-8080-exec-7] o.s.security.web.FilterChainProxy        : Securing GET /error
2025-11-30T16:47:27.885+03:00 TRACE 6020 --- [auction] [http-nio-8080-exec-7] o.s.security.web.FilterChainProxy        : Invoking DisableEncodeUrlFilter (1/13)
2025-11-30T16:47:27.885+03:00 TRACE 6020 --- [auction] [http-nio-8080-exec-7] o.s.security.web.FilterChainProxy        : Invoking WebAsyncManagerIntegrationFilter (2/13)
2025-11-30T16:47:27.885+03:00 TRACE 6020 --- [auction] [http-nio-8080-exec-7] o.s.security.web.FilterChainProxy        : Invoking SecurityContextHolderFilter (3/13)
2025-11-30T16:47:27.885+03:00 TRACE 6020 --- [auction] [http-nio-8080-exec-7] o.s.security.web.FilterChainProxy        : Invoking HeaderWriterFilter (4/13)
2025-11-30T16:47:27.885+03:00 TRACE 6020 --- [auction] [http-nio-8080-exec-7] o.s.security.web.FilterChainProxy        : Invoking CorsFilter (5/13)
2025-11-30T16:47:27.885+03:00 TRACE 6020 --- [auction] [http-nio-8080-exec-7] o.s.security.web.FilterChainProxy        : Invoking LogoutFilter (6/13)
2025-11-30T16:47:27.885+03:00 TRACE 6020 --- [auction] [http-nio-8080-exec-7] o.s.s.w.a.logout.LogoutFilter            : Did not match request to Or [PathPattern [GET /logout], PathPattern [POST /logout], PathPattern [PUT /logout], PathPattern [DELETE /logout]]
2025-11-30T16:47:27.885+03:00 TRACE 6020 --- [auction] [http-nio-8080-exec-7] o.s.security.web.FilterChainProxy        : Invoking AuthTokenFilter (7/13)
2025-11-30T16:47:27.885+03:00 TRACE 6020 --- [auction] [http-nio-8080-exec-7] o.s.security.web.FilterChainProxy        : Invoking RequestCacheAwareFilter (8/13)
2025-11-30T16:47:27.890+03:00 TRACE 6020 --- [auction] [http-nio-8080-exec-7] o.s.security.web.FilterChainProxy        : Invoking SecurityContextHolderAwareRequestFilter (9/13)
2025-11-30T16:47:27.890+03:00 TRACE 6020 --- [auction] [http-nio-8080-exec-7] o.s.security.web.FilterChainProxy        : Invoking AnonymousAuthenticationFilter (10/13)
2025-11-30T16:47:27.890+03:00 TRACE 6020 --- [auction] [http-nio-8080-exec-7] o.s.security.web.FilterChainProxy        : Invoking SessionManagementFilter (11/13)
2025-11-30T16:47:27.890+03:00 TRACE 6020 --- [auction] [http-nio-8080-exec-7] o.s.security.web.FilterChainProxy        : Invoking ExceptionTranslationFilter (12/13)
2025-11-30T16:47:27.890+03:00 TRACE 6020 --- [auction] [http-nio-8080-exec-7] o.s.security.web.FilterChainProxy        : Invoking AuthorizationFilter (13/13)
2025-11-30T16:47:27.890+03:00 TRACE 6020 --- [auction] [http-nio-8080-exec-7] estMatcherDelegatingAuthorizationManager : Authorizing GET /error
2025-11-30T16:47:27.890+03:00 TRACE 6020 --- [auction] [http-nio-8080-exec-7] estMatcherDelegatingAuthorizationManager : Checking authorization on GET /error using org.springframework.security.authorization.SingleResultAuthorizationManager@2e6ccd32
2025-11-30T16:47:27.890+03:00 DEBUG 6020 --- [auction] [http-nio-8080-exec-7] o.s.security.web.FilterChainProxy        : Secured GET /error
2025-11-30T16:47:27.890+03:00 TRACE 6020 --- [auction] [http-nio-8080-exec-7] .s.s.w.c.SupplierDeferredSecurityContext : Created SecurityContextImpl [Null authentication]
2025-11-30T16:47:27.890+03:00 TRACE 6020 --- [auction] [http-nio-8080-exec-7] o.s.s.w.a.AnonymousAuthenticationFilter  : Set SecurityContextHolder to AnonymousAuthenticationToken [Principal=anonymousUser, Credentials=[PROTECTED], Authenticated=true, Details=WebAuthenticationDetails [RemoteIpAddress=0:0:0:0:0:0:0:1, SessionId=null], Granted Authorities=[ROLE_ANONYMOUS]]
2025-11-30T16:48:24.460+03:00  INFO 6020 --- [auction] [SpringApplicationShutdownHook] o.s.boot.tomcat.GracefulShutdown         : Commencing graceful shutdown. Waiting for active requests to complete
2025-11-30T16:48:24.513+03:00  INFO 6020 --- [auction] [tomcat-shutdown] o.s.boot.tomcat.GracefulShutdown         : Graceful shutdown complete
2025-11-30T16:48:24.513+03:00  INFO 6020 --- [auction] [SpringApplicationShutdownHook] j.LocalContainerEntityManagerFactoryBean : Closing JPA EntityManagerFactory for persistence unit 'default'
2025-11-30T16:48:24.529+03:00  INFO 6020 --- [auction] [SpringApplicationShutdownHook] com.zaxxer.hikari.HikariDataSource       : HikariPool-1 - Shutdown initiated...
2025-11-30T16:48:24.532+03:00  INFO 6020 --- [auction] [SpringApplicationShutdownHook] com.zaxxer.hikari.HikariDataSource       : HikariPool-1 - Shutdown completed.
2025-11-30T17:46:06.322+03:00  INFO 15872 --- [auction] [main] com.project.auction.AuctionApplication   : Starting AuctionApplication using Java 17.0.16 with PID 15872 (C:\progect\auction\auction\server\target\classes started by User in C:\progect\auction\auction\server)
2025-11-30T17:46:06.327+03:00  INFO 15872 --- [auction] [main] com.project.auction.AuctionApplication   : No active profile set, falling back to 1 default profile: "default"
2025-11-30T17:46:06.822+03:00  INFO 15872 --- [auction] [main] .s.d.r.c.RepositoryConfigurationDelegate : Bootstrapping Spring Data JPA repositories in DEFAULT mode.
2025-11-30T17:46:06.865+03:00  INFO 15872 --- [auction] [main] .s.d.r.c.RepositoryConfigurationDelegate : Finished Spring Data repository scanning in 35 ms. Found 1 JPA repository interface.
2025-11-30T17:46:07.308+03:00  INFO 15872 --- [auction] [main] o.s.boot.tomcat.TomcatWebServer          : Tomcat initialized with port 8080 (http)
2025-11-30T17:46:07.317+03:00  INFO 15872 --- [auction] [main] o.apache.catalina.core.StandardService   : Starting service [Tomcat]
2025-11-30T17:46:07.318+03:00  INFO 15872 --- [auction] [main] o.apache.catalina.core.StandardEngine    : Starting Servlet engine: [Apache Tomcat/11.0.14]
2025-11-30T17:46:07.359+03:00  INFO 15872 --- [auction] [main] b.w.c.s.WebApplicationContextInitializer : Root WebApplicationContext: initialization completed in 981 ms
2025-11-30T17:46:07.436+03:00  INFO 15872 --- [auction] [main] com.zaxxer.hikari.HikariDataSource       : HikariPool-1 - Starting...
2025-11-30T17:46:07.530+03:00  INFO 15872 --- [auction] [main] com.zaxxer.hikari.pool.HikariPool        : HikariPool-1 - Added connection org.postgresql.jdbc.PgConnection@415a3f6a
2025-11-30T17:46:07.532+03:00  INFO 15872 --- [auction] [main] com.zaxxer.hikari.HikariDataSource       : HikariPool-1 - Start completed.
2025-11-30T17:46:07.551+03:00  INFO 15872 --- [auction] [main] o.hibernate.jpa.internal.util.LogHelper  : HHH000204: Processing PersistenceUnitInfo [name: default]
2025-11-30T17:46:07.585+03:00  INFO 15872 --- [auction] [main] org.hibernate.Version                    : HHH000412: Hibernate ORM core version 7.1.8.Final
2025-11-30T17:46:07.938+03:00  INFO 15872 --- [auction] [main] o.s.o.j.p.SpringPersistenceUnitInfo      : No LoadTimeWeaver setup: ignoring JPA class transformer
2025-11-30T17:46:08.502+03:00  INFO 15872 --- [auction] [main] org.hibernate.orm.connections.pooling    : HHH10001005: Database info:
	Database JDBC URL [jdbc:postgresql://localhost:5432/auction]
	Database driver: PostgreSQL JDBC Driver
	Database dialect: PostgreSQLDialect
	Database version: 18.1
	Default catalog/schema: auction/public
	Autocommit mode: undefined/unknown
	Isolation level: READ_COMMITTED [default READ_COMMITTED]
	JDBC fetch size: none
	Pool: DatasourceConnectionProviderImpl
	Minimum pool size: undefined/unknown
	Maximum pool size: undefined/unknown
2025-11-30T17:46:09.149+03:00  INFO 15872 --- [auction] [main] o.h.e.t.j.p.i.JtaPlatformInitiator       : HHH000489: No JTA platform available (set 'hibernate.transaction.jta.platform' to enable JTA platform integration)
2025-11-30T17:46:09.165+03:00  INFO 15872 --- [auction] [main] j.LocalContainerEntityManagerFactoryBean : Initialized JPA EntityManagerFactory for persistence unit 'default'
2025-11-30T17:46:09.223+03:00  INFO 15872 --- [auction] [main] o.s.d.j.r.query.QueryEnhancerFactories   : Hibernate is in classpath; If applicable, HQL parser will be used.
2025-11-30T17:46:09.442+03:00  INFO 15872 --- [auction] [main] r$InitializeUserDetailsManagerConfigurer : Global AuthenticationManager configured with UserDetailsService bean with name userDetailsServiceImpl
2025-11-30T17:46:09.468+03:00  WARN 15872 --- [auction] [main] JpaBaseConfiguration$JpaWebConfiguration : spring.jpa.open-in-view is enabled by default. Therefore, database queries may be performed during view rendering. Explicitly configure spring.jpa.open-in-view to disable this warning
2025-11-30T17:46:09.616+03:00 DEBUG 15872 --- [auction] [main] o.s.s.web.DefaultSecurityFilterChain     : Will secure any request with filters: DisableEncodeUrlFilter, WebAsyncManagerIntegrationFilter, SecurityContextHolderFilter, HeaderWriterFilter, CorsFilter, LogoutFilter, RequestCacheAwareFilter, SecurityContextHolderAwareRequestFilter, AnonymousAuthenticationFilter, ExceptionTranslationFilter, AuthorizationFilter
2025-11-30T17:46:09.649+03:00  INFO 15872 --- [auction] [main] o.s.b.w.a.WelcomePageHandlerMapping      : Adding welcome page: class path resource [static/index.html]
2025-11-30T17:46:09.885+03:00  INFO 15872 --- [auction] [main] o.s.boot.tomcat.TomcatWebServer          : Tomcat started on port 8080 (http) with context path '/'
2025-11-30T17:46:09.885+03:00  INFO 15872 --- [auction] [main] com.project.auction.AuctionApplication   : Started AuctionApplication in 3.949 seconds (process running for 4.227)
2025-11-30T17:46:12.689+03:00  INFO 15872 --- [auction] [http-nio-8080-exec-1] o.a.c.c.C.[Tomcat].[localhost].[/]       : Initializing Spring DispatcherServlet 'dispatcherServlet'
2025-11-30T17:46:12.690+03:00  INFO 15872 --- [auction] [http-nio-8080-exec-1] o.s.web.servlet.DispatcherServlet        : Initializing Servlet 'dispatcherServlet'
2025-11-30T17:46:12.692+03:00  INFO 15872 --- [auction] [http-nio-8080-exec-1] o.s.web.servlet.DispatcherServlet        : Completed initialization in 1 ms
2025-11-30T17:46:12.699+03:00 TRACE 15872 --- [auction] [http-nio-8080-exec-1] o.s.security.web.FilterChainProxy        : Trying to match request against DefaultSecurityFilterChain defined as 'filterChain' in [class path resource [com/project/auction/config/WebSecurityConfig.class]] matching [any request] and having filters [DisableEncodeUrl, WebAsyncManagerIntegration, SecurityContextHolder, HeaderWriter, Cors, Logout, RequestCacheAware, SecurityContextHolderAwareRequest, AnonymousAuthentication, ExceptionTranslation, Authorization] (1/1)
2025-11-30T17:46:12.700+03:00 DEBUG 15872 --- [auction] [http-nio-8080-exec-1] o.s.security.web.FilterChainProxy        : Securing POST /api/auth/signup
2025-11-30T17:46:12.701+03:00 TRACE 15872 --- [auction] [http-nio-8080-exec-1] o.s.security.web.FilterChainProxy        : Invoking DisableEncodeUrlFilter (1/11)
2025-11-30T17:46:12.702+03:00 TRACE 15872 --- [auction] [http-nio-8080-exec-1] o.s.security.web.FilterChainProxy        : Invoking WebAsyncManagerIntegrationFilter (2/11)
2025-11-30T17:46:12.704+03:00 TRACE 15872 --- [auction] [http-nio-8080-exec-1] o.s.security.web.FilterChainProxy        : Invoking SecurityContextHolderFilter (3/11)
2025-11-30T17:46:12.706+03:00 TRACE 15872 --- [auction] [http-nio-8080-exec-1] o.s.security.web.FilterChainProxy        : Invoking HeaderWriterFilter (4/11)
2025-11-30T17:46:12.710+03:00 TRACE 15872 --- [auction] [http-nio-8080-exec-1] o.s.security.web.FilterChainProxy        : Invoking CorsFilter (5/11)
2025-11-30T17:46:12.728+03:00 TRACE 15872 --- [auction] [http-nio-8080-exec-1] o.s.security.web.FilterChainProxy        : Invoking LogoutFilter (6/11)
2025-11-30T17:46:12.729+03:00 TRACE 15872 --- [auction] [http-nio-8080-exec-1] o.s.s.w.a.logout.LogoutFilter            : Did not match request to Or [PathPattern [GET /logout], PathPattern [POST /logout], PathPattern [PUT /logout], PathPattern [DELETE /logout]]
2025-11-30T17:46:12.730+03:00 TRACE 15872 --- [auction] [http-nio-8080-exec-1] o.s.security.web.FilterChainProxy        : Invoking RequestCacheAwareFilter (7/11)
2025-11-30T17:46:12.730+03:00 TRACE 15872 --- [auction] [http-nio-8080-exec-1] o.s.s.w.s.HttpSessionRequestCache        : matchingRequestParameterName is required for getMatchingRequest to lookup a value, but not provided
2025-11-30T17:46:12.731+03:00 TRACE 15872 --- [auction] [http-nio-8080-exec-1] o.s.security.web.FilterChainProxy        : Invoking SecurityContextHolderAwareRequestFilter (8/11)
2025-11-30T17:46:12.733+03:00 TRACE 15872 --- [auction] [http-nio-8080-exec-1] o.s.security.web.FilterChainProxy        : Invoking AnonymousAuthenticationFilter (9/11)
2025-11-30T17:46:12.733+03:00 TRACE 15872 --- [auction] [http-nio-8080-exec-1] o.s.security.web.FilterChainProxy        : Invoking ExceptionTranslationFilter (10/11)
2025-11-30T17:46:12.734+03:00 TRACE 15872 --- [auction] [http-nio-8080-exec-1] o.s.security.web.FilterChainProxy        : Invoking AuthorizationFilter (11/11)
2025-11-30T17:46:12.735+03:00 TRACE 15872 --- [auction] [http-nio-8080-exec-1] estMatcherDelegatingAuthorizationManager : Authorizing POST /api/auth/signup
2025-11-30T17:46:12.735+03:00 TRACE 15872 --- [auction] [http-nio-8080-exec-1] estMatcherDelegatingAuthorizationManager : Checking authorization on POST /api/auth/signup using org.springframework.security.authorization.SingleResultAuthorizationManager@446e029e
2025-11-30T17:46:12.736+03:00 DEBUG 15872 --- [auction] [http-nio-8080-exec-1] o.s.security.web.FilterChainProxy        : Secured POST /api/auth/signup
2025-11-30T17:46:12.737+03:00 TRACE 15872 --- [auction] [http-nio-8080-exec-1] o.s.s.w.header.writers.HstsHeaderWriter  : Not injecting HSTS header since it did not match request to [Is Secure]
2025-11-30T17:46:29.061+03:00 TRACE 15872 --- [auction] [http-nio-8080-exec-2] o.s.security.web.FilterChainProxy        : Trying to match request against DefaultSecurityFilterChain defined as 'filterChain' in [class path resource [com/project/auction/config/WebSecurityConfig.class]] matching [any request] and having filters [DisableEncodeUrl, WebAsyncManagerIntegration, SecurityContextHolder, HeaderWriter, Cors, Logout, RequestCacheAware, SecurityContextHolderAwareRequest, AnonymousAuthentication, ExceptionTranslation, Authorization] (1/1)
2025-11-30T17:46:29.061+03:00 DEBUG 15872 --- [auction] [http-nio-8080-exec-2] o.s.security.web.FilterChainProxy        : Securing POST /api/auth/signup
2025-11-30T17:46:29.061+03:00 TRACE 15872 --- [auction] [http-nio-8080-exec-2] o.s.security.web.FilterChainProxy        : Invoking DisableEncodeUrlFilter (1/11)
2025-11-30T17:46:29.069+03:00 TRACE 15872 --- [auction] [http-nio-8080-exec-2] o.s.security.web.FilterChainProxy        : Invoking WebAsyncManagerIntegrationFilter (2/11)
2025-11-30T17:46:29.069+03:00 TRACE 15872 --- [auction] [http-nio-8080-exec-2] o.s.security.web.FilterChainProxy        : Invoking SecurityContextHolderFilter (3/11)
2025-11-30T17:46:29.069+03:00 TRACE 15872 --- [auction] [http-nio-8080-exec-2] o.s.security.web.FilterChainProxy        : Invoking HeaderWriterFilter (4/11)
2025-11-30T17:46:29.069+03:00 TRACE 15872 --- [auction] [http-nio-8080-exec-2] o.s.security.web.FilterChainProxy        : Invoking CorsFilter (5/11)
2025-11-30T17:46:29.069+03:00 TRACE 15872 --- [auction] [http-nio-8080-exec-2] o.s.security.web.FilterChainProxy        : Invoking LogoutFilter (6/11)
2025-11-30T17:46:29.077+03:00 TRACE 15872 --- [auction] [http-nio-8080-exec-2] o.s.s.w.a.logout.LogoutFilter            : Did not match request to Or [PathPattern [GET /logout], PathPattern [POST /logout], PathPattern [PUT /logout], PathPattern [DELETE /logout]]
2025-11-30T17:46:29.077+03:00 TRACE 15872 --- [auction] [http-nio-8080-exec-2] o.s.security.web.FilterChainProxy        : Invoking RequestCacheAwareFilter (7/11)
2025-11-30T17:46:29.077+03:00 TRACE 15872 --- [auction] [http-nio-8080-exec-2] o.s.s.w.s.HttpSessionRequestCache        : matchingRequestParameterName is required for getMatchingRequest to lookup a value, but not provided
2025-11-30T17:46:29.085+03:00 TRACE 15872 --- [auction] [http-nio-8080-exec-2] o.s.security.web.FilterChainProxy        : Invoking SecurityContextHolderAwareRequestFilter (8/11)
2025-11-30T17:46:29.085+03:00 TRACE 15872 --- [auction] [http-nio-8080-exec-2] o.s.security.web.FilterChainProxy        : Invoking AnonymousAuthenticationFilter (9/11)
2025-11-30T17:46:29.085+03:00 TRACE 15872 --- [auction] [http-nio-8080-exec-2] o.s.security.web.FilterChainProxy        : Invoking ExceptionTranslationFilter (10/11)
2025-11-30T17:46:29.085+03:00 TRACE 15872 --- [auction] [http-nio-8080-exec-2] o.s.security.web.FilterChainProxy        : Invoking AuthorizationFilter (11/11)
2025-11-30T17:46:29.085+03:00 TRACE 15872 --- [auction] [http-nio-8080-exec-2] estMatcherDelegatingAuthorizationManager : Authorizing POST /api/auth/signup
2025-11-30T17:46:29.085+03:00 TRACE 15872 --- [auction] [http-nio-8080-exec-2] estMatcherDelegatingAuthorizationManager : Checking authorization on POST /api/auth/signup using org.springframework.security.authorization.SingleResultAuthorizationManager@446e029e
2025-11-30T17:46:29.085+03:00 DEBUG 15872 --- [auction] [http-nio-8080-exec-2] o.s.security.web.FilterChainProxy        : Secured POST /api/auth/signup
2025-11-30T17:46:29.085+03:00 TRACE 15872 --- [auction] [http-nio-8080-exec-2] o.s.s.w.header.writers.HstsHeaderWriter  : Not injecting HSTS header since it did not match request to [Is Secure]
2025-11-30T17:52:35.982+03:00  INFO 15872 --- [auction] [SpringApplicationShutdownHook] o.s.boot.tomcat.GracefulShutdown         : Commencing graceful shutdown. Waiting for active requests to complete
2025-11-30T17:52:36.002+03:00  INFO 15872 --- [auction] [tomcat-shutdown] o.s.boot.tomcat.GracefulShutdown         : Graceful shutdown complete
2025-11-30T17:52:36.015+03:00  INFO 15872 --- [auction] [SpringApplicationShutdownHook] j.LocalContainerEntityManagerFactoryBean : Closing JPA EntityManagerFactory for persistence unit 'default'
2025-11-30T17:52:36.018+03:00  INFO 15872 --- [auction] [SpringApplicationShutdownHook] com.zaxxer.hikari.HikariDataSource       : HikariPool-1 - Shutdown initiated...
2025-11-30T17:52:36.021+03:00  INFO 15872 --- [auction] [SpringApplicationShutdownHook] com.zaxxer.hikari.HikariDataSource       : HikariPool-1 - Shutdown completed.
2025-11-30T17:52:44.284+03:00  INFO 18848 --- [auction] [main] com.project.auction.AuctionApplication   : Starting AuctionApplication using Java 17.0.16 with PID 18848 (C:\progect\auction\auction\server\target\classes started by User in C:\progect\auction\auction\server)
2025-11-30T17:52:44.287+03:00  INFO 18848 --- [auction] [main] com.project.auction.AuctionApplication   : No active profile set, falling back to 1 default profile: "default"
2025-11-30T17:52:44.730+03:00  INFO 18848 --- [auction] [main] .s.d.r.c.RepositoryConfigurationDelegate : Bootstrapping Spring Data JPA repositories in DEFAULT mode.
2025-11-30T17:52:44.783+03:00  INFO 18848 --- [auction] [main] .s.d.r.c.RepositoryConfigurationDelegate : Finished Spring Data repository scanning in 35 ms. Found 1 JPA repository interface.
2025-11-30T17:52:45.224+03:00  INFO 18848 --- [auction] [main] o.s.boot.tomcat.TomcatWebServer          : Tomcat initialized with port 8080 (http)
2025-11-30T17:52:45.234+03:00  INFO 18848 --- [auction] [main] o.apache.catalina.core.StandardService   : Starting service [Tomcat]
2025-11-30T17:52:45.234+03:00  INFO 18848 --- [auction] [main] o.apache.catalina.core.StandardEngine    : Starting Servlet engine: [Apache Tomcat/11.0.14]
2025-11-30T17:52:45.273+03:00  INFO 18848 --- [auction] [main] b.w.c.s.WebApplicationContextInitializer : Root WebApplicationContext: initialization completed in 952 ms
2025-11-30T17:52:45.352+03:00  INFO 18848 --- [auction] [main] com.zaxxer.hikari.HikariDataSource       : HikariPool-1 - Starting...
2025-11-30T17:52:45.435+03:00  INFO 18848 --- [auction] [main] com.zaxxer.hikari.pool.HikariPool        : HikariPool-1 - Added connection org.postgresql.jdbc.PgConnection@498a612d
2025-11-30T17:52:45.436+03:00  INFO 18848 --- [auction] [main] com.zaxxer.hikari.HikariDataSource       : HikariPool-1 - Start completed.
2025-11-30T17:52:45.456+03:00  INFO 18848 --- [auction] [main] o.hibernate.jpa.internal.util.LogHelper  : HHH000204: Processing PersistenceUnitInfo [name: default]
2025-11-30T17:52:45.491+03:00  INFO 18848 --- [auction] [main] org.hibernate.Version                    : HHH000412: Hibernate ORM core version 7.1.8.Final
2025-11-30T17:52:45.840+03:00  INFO 18848 --- [auction] [main] o.s.o.j.p.SpringPersistenceUnitInfo      : No LoadTimeWeaver setup: ignoring JPA class transformer
2025-11-30T17:52:46.405+03:00  INFO 18848 --- [auction] [main] org.hibernate.orm.connections.pooling    : HHH10001005: Database info:
	Database JDBC URL [jdbc:postgresql://localhost:5432/auction]
	Database driver: PostgreSQL JDBC Driver
	Database dialect: PostgreSQLDialect
	Database version: 18.1
	Default catalog/schema: auction/public
	Autocommit mode: undefined/unknown
	Isolation level: READ_COMMITTED [default READ_COMMITTED]
	JDBC fetch size: none
	Pool: DatasourceConnectionProviderImpl
	Minimum pool size: undefined/unknown
	Maximum pool size: undefined/unknown
2025-11-30T17:52:47.081+03:00  INFO 18848 --- [auction] [main] o.h.e.t.j.p.i.JtaPlatformInitiator       : HHH000489: No JTA platform available (set 'hibernate.transaction.jta.platform' to enable JTA platform integration)
2025-11-30T17:52:47.089+03:00  INFO 18848 --- [auction] [main] j.LocalContainerEntityManagerFactoryBean : Initialized JPA EntityManagerFactory for persistence unit 'default'
2025-11-30T17:52:47.146+03:00  INFO 18848 --- [auction] [main] o.s.d.j.r.query.QueryEnhancerFactories   : Hibernate is in classpath; If applicable, HQL parser will be used.
2025-11-30T17:52:47.377+03:00  INFO 18848 --- [auction] [main] r$InitializeUserDetailsManagerConfigurer : Global AuthenticationManager configured with UserDetailsService bean with name userDetailsServiceImpl
2025-11-30T17:52:47.404+03:00  WARN 18848 --- [auction] [main] JpaBaseConfiguration$JpaWebConfiguration : spring.jpa.open-in-view is enabled by default. Therefore, database queries may be performed during view rendering. Explicitly configure spring.jpa.open-in-view to disable this warning
2025-11-30T17:52:47.550+03:00 DEBUG 18848 --- [auction] [main] o.s.s.web.DefaultSecurityFilterChain     : Will secure any request with filters: DisableEncodeUrlFilter, WebAsyncManagerIntegrationFilter, SecurityContextHolderFilter, HeaderWriterFilter, CorsFilter, LogoutFilter, RequestCacheAwareFilter, SecurityContextHolderAwareRequestFilter, AnonymousAuthenticationFilter, ExceptionTranslationFilter, AuthorizationFilter
2025-11-30T17:52:47.602+03:00  INFO 18848 --- [auction] [main] o.s.b.w.a.WelcomePageHandlerMapping      : Adding welcome page: class path resource [static/index.html]
2025-11-30T17:52:47.817+03:00  INFO 18848 --- [auction] [main] o.s.boot.tomcat.TomcatWebServer          : Tomcat started on port 8080 (http) with context path '/'
2025-11-30T17:52:47.817+03:00  INFO 18848 --- [auction] [main] com.project.auction.AuctionApplication   : Started AuctionApplication in 3.923 seconds (process running for 4.18)
2025-11-30T17:53:33.381+03:00  INFO 18848 --- [auction] [http-nio-8080-exec-4] o.a.c.c.C.[Tomcat].[localhost].[/]       : Initializing Spring DispatcherServlet 'dispatcherServlet'
2025-11-30T17:53:33.382+03:00  INFO 18848 --- [auction] [http-nio-8080-exec-4] o.s.web.servlet.DispatcherServlet        : Initializing Servlet 'dispatcherServlet'
2025-11-30T17:53:33.385+03:00  INFO 18848 --- [auction] [http-nio-8080-exec-4] o.s.web.servlet.DispatcherServlet        : Completed initialization in 2 ms
2025-11-30T17:53:33.404+03:00 TRACE 18848 --- [auction] [http-nio-8080-exec-4] o.s.security.web.FilterChainProxy        : Trying to match request against DefaultSecurityFilterChain defined as 'filterChain' in [class path resource [com/project/auction/config/WebSecurityConfig.class]] matching [any request] and having filters [DisableEncodeUrl, WebAsyncManagerIntegration, SecurityContextHolder, HeaderWriter, Cors, Logout, RequestCacheAware, SecurityContextHolderAwareRequest, AnonymousAuthentication, ExceptionTranslation, Authorization] (1/1)
2025-11-30T17:53:33.406+03:00 DEBUG 18848 --- [auction] [http-nio-8080-exec-4] o.s.security.web.FilterChainProxy        : Securing OPTIONS /signup
2025-11-30T17:53:33.409+03:00 TRACE 18848 --- [auction] [http-nio-8080-exec-4] o.s.security.web.FilterChainProxy        : Invoking DisableEncodeUrlFilter (1/11)
2025-11-30T17:53:33.410+03:00 TRACE 18848 --- [auction] [http-nio-8080-exec-4] o.s.security.web.FilterChainProxy        : Invoking WebAsyncManagerIntegrationFilter (2/11)
2025-11-30T17:53:33.416+03:00 TRACE 18848 --- [auction] [http-nio-8080-exec-4] o.s.security.web.FilterChainProxy        : Invoking SecurityContextHolderFilter (3/11)
2025-11-30T17:53:33.419+03:00 TRACE 18848 --- [auction] [http-nio-8080-exec-4] o.s.security.web.FilterChainProxy        : Invoking HeaderWriterFilter (4/11)
2025-11-30T17:53:33.423+03:00 TRACE 18848 --- [auction] [http-nio-8080-exec-4] o.s.security.web.FilterChainProxy        : Invoking CorsFilter (5/11)
2025-11-30T17:53:33.460+03:00 TRACE 18848 --- [auction] [http-nio-8080-exec-4] o.s.s.w.header.writers.HstsHeaderWriter  : Not injecting HSTS header since it did not match request to [Is Secure]
2025-11-30T17:53:33.468+03:00 TRACE 18848 --- [auction] [http-nio-8080-exec-1] o.s.security.web.FilterChainProxy        : Trying to match request against DefaultSecurityFilterChain defined as 'filterChain' in [class path resource [com/project/auction/config/WebSecurityConfig.class]] matching [any request] and having filters [DisableEncodeUrl, WebAsyncManagerIntegration, SecurityContextHolder, HeaderWriter, Cors, Logout, RequestCacheAware, SecurityContextHolderAwareRequest, AnonymousAuthentication, ExceptionTranslation, Authorization] (1/1)
2025-11-30T17:53:33.469+03:00 DEBUG 18848 --- [auction] [http-nio-8080-exec-1] o.s.security.web.FilterChainProxy        : Securing POST /signup
2025-11-30T17:53:33.470+03:00 TRACE 18848 --- [auction] [http-nio-8080-exec-1] o.s.security.web.FilterChainProxy        : Invoking DisableEncodeUrlFilter (1/11)
2025-11-30T17:53:33.471+03:00 TRACE 18848 --- [auction] [http-nio-8080-exec-1] o.s.security.web.FilterChainProxy        : Invoking WebAsyncManagerIntegrationFilter (2/11)
2025-11-30T17:53:33.472+03:00 TRACE 18848 --- [auction] [http-nio-8080-exec-1] o.s.security.web.FilterChainProxy        : Invoking SecurityContextHolderFilter (3/11)
2025-11-30T17:53:33.473+03:00 TRACE 18848 --- [auction] [http-nio-8080-exec-1] o.s.security.web.FilterChainProxy        : Invoking HeaderWriterFilter (4/11)
2025-11-30T17:53:33.474+03:00 TRACE 18848 --- [auction] [http-nio-8080-exec-1] o.s.security.web.FilterChainProxy        : Invoking CorsFilter (5/11)
2025-11-30T17:53:33.478+03:00 TRACE 18848 --- [auction] [http-nio-8080-exec-1] o.s.security.web.FilterChainProxy        : Invoking LogoutFilter (6/11)
2025-11-30T17:53:33.481+03:00 TRACE 18848 --- [auction] [http-nio-8080-exec-1] o.s.s.w.a.logout.LogoutFilter            : Did not match request to Or [PathPattern [GET /logout], PathPattern [POST /logout], PathPattern [PUT /logout], PathPattern [DELETE /logout]]
2025-11-30T17:53:33.482+03:00 TRACE 18848 --- [auction] [http-nio-8080-exec-1] o.s.security.web.FilterChainProxy        : Invoking RequestCacheAwareFilter (7/11)
2025-11-30T17:53:33.483+03:00 TRACE 18848 --- [auction] [http-nio-8080-exec-1] o.s.s.w.s.HttpSessionRequestCache        : matchingRequestParameterName is required for getMatchingRequest to lookup a value, but not provided
2025-11-30T17:53:33.485+03:00 TRACE 18848 --- [auction] [http-nio-8080-exec-1] o.s.security.web.FilterChainProxy        : Invoking SecurityContextHolderAwareRequestFilter (8/11)
2025-11-30T17:53:33.488+03:00 TRACE 18848 --- [auction] [http-nio-8080-exec-1] o.s.security.web.FilterChainProxy        : Invoking AnonymousAuthenticationFilter (9/11)
2025-11-30T17:53:33.490+03:00 TRACE 18848 --- [auction] [http-nio-8080-exec-1] o.s.security.web.FilterChainProxy        : Invoking ExceptionTranslationFilter (10/11)
2025-11-30T17:53:33.491+03:00 TRACE 18848 --- [auction] [http-nio-8080-exec-1] o.s.security.web.FilterChainProxy        : Invoking AuthorizationFilter (11/11)
2025-11-30T17:53:33.493+03:00 TRACE 18848 --- [auction] [http-nio-8080-exec-1] estMatcherDelegatingAuthorizationManager : Authorizing POST /signup
2025-11-30T17:53:33.494+03:00 TRACE 18848 --- [auction] [http-nio-8080-exec-1] estMatcherDelegatingAuthorizationManager : Checking authorization on POST /signup using org.springframework.security.authorization.SingleResultAuthorizationManager@59e820b8
2025-11-30T17:53:33.496+03:00 DEBUG 18848 --- [auction] [http-nio-8080-exec-1] o.s.security.web.FilterChainProxy        : Secured POST /signup
2025-11-30T17:53:33.498+03:00 TRACE 18848 --- [auction] [http-nio-8080-exec-1] o.s.s.w.header.writers.HstsHeaderWriter  : Not injecting HSTS header since it did not match request to [Is Secure]
2025-11-30T17:55:22.370+03:00 TRACE 18848 --- [auction] [http-nio-8080-exec-5] o.s.security.web.FilterChainProxy        : Trying to match request against DefaultSecurityFilterChain defined as 'filterChain' in [class path resource [com/project/auction/config/WebSecurityConfig.class]] matching [any request] and having filters [DisableEncodeUrl, WebAsyncManagerIntegration, SecurityContextHolder, HeaderWriter, Cors, Logout, RequestCacheAware, SecurityContextHolderAwareRequest, AnonymousAuthentication, ExceptionTranslation, Authorization] (1/1)
2025-11-30T17:55:22.370+03:00 DEBUG 18848 --- [auction] [http-nio-8080-exec-5] o.s.security.web.FilterChainProxy        : Securing OPTIONS /signup
2025-11-30T17:55:22.370+03:00 TRACE 18848 --- [auction] [http-nio-8080-exec-5] o.s.security.web.FilterChainProxy        : Invoking DisableEncodeUrlFilter (1/11)
2025-11-30T17:55:22.370+03:00 TRACE 18848 --- [auction] [http-nio-8080-exec-5] o.s.security.web.FilterChainProxy        : Invoking WebAsyncManagerIntegrationFilter (2/11)
2025-11-30T17:55:22.370+03:00 TRACE 18848 --- [auction] [http-nio-8080-exec-5] o.s.security.web.FilterChainProxy        : Invoking SecurityContextHolderFilter (3/11)
2025-11-30T17:55:22.370+03:00 TRACE 18848 --- [auction] [http-nio-8080-exec-5] o.s.security.web.FilterChainProxy        : Invoking HeaderWriterFilter (4/11)
2025-11-30T17:55:22.376+03:00 TRACE 18848 --- [auction] [http-nio-8080-exec-5] o.s.security.web.FilterChainProxy        : Invoking CorsFilter (5/11)
2025-11-30T17:55:22.376+03:00 TRACE 18848 --- [auction] [http-nio-8080-exec-5] o.s.s.w.header.writers.HstsHeaderWriter  : Not injecting HSTS header since it did not match request to [Is Secure]
2025-11-30T17:55:22.381+03:00 TRACE 18848 --- [auction] [http-nio-8080-exec-6] o.s.security.web.FilterChainProxy        : Trying to match request against DefaultSecurityFilterChain defined as 'filterChain' in [class path resource [com/project/auction/config/WebSecurityConfig.class]] matching [any request] and having filters [DisableEncodeUrl, WebAsyncManagerIntegration, SecurityContextHolder, HeaderWriter, Cors, Logout, RequestCacheAware, SecurityContextHolderAwareRequest, AnonymousAuthentication, ExceptionTranslation, Authorization] (1/1)
2025-11-30T17:55:22.382+03:00 DEBUG 18848 --- [auction] [http-nio-8080-exec-6] o.s.security.web.FilterChainProxy        : Securing POST /signup
2025-11-30T17:55:22.383+03:00 TRACE 18848 --- [auction] [http-nio-8080-exec-6] o.s.security.web.FilterChainProxy        : Invoking DisableEncodeUrlFilter (1/11)
2025-11-30T17:55:22.384+03:00 TRACE 18848 --- [auction] [http-nio-8080-exec-6] o.s.security.web.FilterChainProxy        : Invoking WebAsyncManagerIntegrationFilter (2/11)
2025-11-30T17:55:22.384+03:00 TRACE 18848 --- [auction] [http-nio-8080-exec-6] o.s.security.web.FilterChainProxy        : Invoking SecurityContextHolderFilter (3/11)
2025-11-30T17:55:22.385+03:00 TRACE 18848 --- [auction] [http-nio-8080-exec-6] o.s.security.web.FilterChainProxy        : Invoking HeaderWriterFilter (4/11)
2025-11-30T17:55:22.386+03:00 TRACE 18848 --- [auction] [http-nio-8080-exec-6] o.s.security.web.FilterChainProxy        : Invoking CorsFilter (5/11)
2025-11-30T17:55:22.386+03:00 TRACE 18848 --- [auction] [http-nio-8080-exec-6] o.s.security.web.FilterChainProxy        : Invoking LogoutFilter (6/11)
2025-11-30T17:55:22.387+03:00 TRACE 18848 --- [auction] [http-nio-8080-exec-6] o.s.s.w.a.logout.LogoutFilter            : Did not match request to Or [PathPattern [GET /logout], PathPattern [POST /logout], PathPattern [PUT /logout], PathPattern [DELETE /logout]]
2025-11-30T17:55:22.387+03:00 TRACE 18848 --- [auction] [http-nio-8080-exec-6] o.s.security.web.FilterChainProxy        : Invoking RequestCacheAwareFilter (7/11)
2025-11-30T17:55:22.388+03:00 TRACE 18848 --- [auction] [http-nio-8080-exec-6] o.s.s.w.s.HttpSessionRequestCache        : matchingRequestParameterName is required for getMatchingRequest to lookup a value, but not provided
2025-11-30T17:55:22.388+03:00 TRACE 18848 --- [auction] [http-nio-8080-exec-6] o.s.security.web.FilterChainProxy        : Invoking SecurityContextHolderAwareRequestFilter (8/11)
2025-11-30T17:55:22.389+03:00 TRACE 18848 --- [auction] [http-nio-8080-exec-6] o.s.security.web.FilterChainProxy        : Invoking AnonymousAuthenticationFilter (9/11)
2025-11-30T17:55:22.389+03:00 TRACE 18848 --- [auction] [http-nio-8080-exec-6] o.s.security.web.FilterChainProxy        : Invoking ExceptionTranslationFilter (10/11)
2025-11-30T17:55:22.389+03:00 TRACE 18848 --- [auction] [http-nio-8080-exec-6] o.s.security.web.FilterChainProxy        : Invoking AuthorizationFilter (11/11)
2025-11-30T17:55:22.390+03:00 TRACE 18848 --- [auction] [http-nio-8080-exec-6] estMatcherDelegatingAuthorizationManager : Authorizing POST /signup
2025-11-30T17:55:22.390+03:00 TRACE 18848 --- [auction] [http-nio-8080-exec-6] estMatcherDelegatingAuthorizationManager : Checking authorization on POST /signup using org.springframework.security.authorization.SingleResultAuthorizationManager@59e820b8
2025-11-30T17:55:22.390+03:00 DEBUG 18848 --- [auction] [http-nio-8080-exec-6] o.s.security.web.FilterChainProxy        : Secured POST /signup
2025-11-30T17:55:22.391+03:00 TRACE 18848 --- [auction] [http-nio-8080-exec-6] o.s.s.w.header.writers.HstsHeaderWriter  : Not injecting HSTS header since it did not match request to [Is Secure]
2025-11-30T17:55:22.924+03:00 TRACE 18848 --- [auction] [http-nio-8080-exec-2] o.s.security.web.FilterChainProxy        : Trying to match request against DefaultSecurityFilterChain defined as 'filterChain' in [class path resource [com/project/auction/config/WebSecurityConfig.class]] matching [any request] and having filters [DisableEncodeUrl, WebAsyncManagerIntegration, SecurityContextHolder, HeaderWriter, Cors, Logout, RequestCacheAware, SecurityContextHolderAwareRequest, AnonymousAuthentication, ExceptionTranslation, Authorization] (1/1)
2025-11-30T17:55:22.927+03:00 DEBUG 18848 --- [auction] [http-nio-8080-exec-2] o.s.security.web.FilterChainProxy        : Securing POST /signup
2025-11-30T17:55:22.927+03:00 TRACE 18848 --- [auction] [http-nio-8080-exec-2] o.s.security.web.FilterChainProxy        : Invoking DisableEncodeUrlFilter (1/11)
2025-11-30T17:55:22.927+03:00 TRACE 18848 --- [auction] [http-nio-8080-exec-2] o.s.security.web.FilterChainProxy        : Invoking WebAsyncManagerIntegrationFilter (2/11)
2025-11-30T17:55:22.927+03:00 TRACE 18848 --- [auction] [http-nio-8080-exec-2] o.s.security.web.FilterChainProxy        : Invoking SecurityContextHolderFilter (3/11)
2025-11-30T17:55:22.927+03:00 TRACE 18848 --- [auction] [http-nio-8080-exec-2] o.s.security.web.FilterChainProxy        : Invoking HeaderWriterFilter (4/11)
2025-11-30T17:55:22.927+03:00 TRACE 18848 --- [auction] [http-nio-8080-exec-2] o.s.security.web.FilterChainProxy        : Invoking CorsFilter (5/11)
2025-11-30T17:55:22.927+03:00 TRACE 18848 --- [auction] [http-nio-8080-exec-2] o.s.security.web.FilterChainProxy        : Invoking LogoutFilter (6/11)
2025-11-30T17:55:22.927+03:00 TRACE 18848 --- [auction] [http-nio-8080-exec-2] o.s.s.w.a.logout.LogoutFilter            : Did not match request to Or [PathPattern [GET /logout], PathPattern [POST /logout], PathPattern [PUT /logout], PathPattern [DELETE /logout]]
2025-11-30T17:55:22.935+03:00 TRACE 18848 --- [auction] [http-nio-8080-exec-2] o.s.security.web.FilterChainProxy        : Invoking RequestCacheAwareFilter (7/11)
2025-11-30T17:55:22.935+03:00 TRACE 18848 --- [auction] [http-nio-8080-exec-2] o.s.s.w.s.HttpSessionRequestCache        : matchingRequestParameterName is required for getMatchingRequest to lookup a value, but not provided
2025-11-30T17:55:22.935+03:00 TRACE 18848 --- [auction] [http-nio-8080-exec-2] o.s.security.web.FilterChainProxy        : Invoking SecurityContextHolderAwareRequestFilter (8/11)
2025-11-30T17:55:22.935+03:00 TRACE 18848 --- [auction] [http-nio-8080-exec-2] o.s.security.web.FilterChainProxy        : Invoking AnonymousAuthenticationFilter (9/11)
2025-11-30T17:55:22.935+03:00 TRACE 18848 --- [auction] [http-nio-8080-exec-2] o.s.security.web.FilterChainProxy        : Invoking ExceptionTranslationFilter (10/11)
2025-11-30T17:55:22.935+03:00 TRACE 18848 --- [auction] [http-nio-8080-exec-2] o.s.security.web.FilterChainProxy        : Invoking AuthorizationFilter (11/11)
2025-11-30T17:55:22.943+03:00 TRACE 18848 --- [auction] [http-nio-8080-exec-2] estMatcherDelegatingAuthorizationManager : Authorizing POST /signup
2025-11-30T17:55:22.943+03:00 TRACE 18848 --- [auction] [http-nio-8080-exec-2] estMatcherDelegatingAuthorizationManager : Checking authorization on POST /signup using org.springframework.security.authorization.SingleResultAuthorizationManager@59e820b8
2025-11-30T17:55:22.943+03:00 DEBUG 18848 --- [auction] [http-nio-8080-exec-2] o.s.security.web.FilterChainProxy        : Secured POST /signup
2025-11-30T17:55:22.943+03:00 TRACE 18848 --- [auction] [http-nio-8080-exec-2] o.s.s.w.header.writers.HstsHeaderWriter  : Not injecting HSTS header since it did not match request to [Is Secure]
2025-11-30T17:55:23.095+03:00 TRACE 18848 --- [auction] [http-nio-8080-exec-8] o.s.security.web.FilterChainProxy        : Trying to match request against DefaultSecurityFilterChain defined as 'filterChain' in [class path resource [com/project/auction/config/WebSecurityConfig.class]] matching [any request] and having filters [DisableEncodeUrl, WebAsyncManagerIntegration, SecurityContextHolder, HeaderWriter, Cors, Logout, RequestCacheAware, SecurityContextHolderAwareRequest, AnonymousAuthentication, ExceptionTranslation, Authorization] (1/1)
2025-11-30T17:55:23.097+03:00 DEBUG 18848 --- [auction] [http-nio-8080-exec-8] o.s.security.web.FilterChainProxy        : Securing POST /signup
2025-11-30T17:55:23.098+03:00 TRACE 18848 --- [auction] [http-nio-8080-exec-8] o.s.security.web.FilterChainProxy        : Invoking DisableEncodeUrlFilter (1/11)
2025-11-30T17:55:23.099+03:00 TRACE 18848 --- [auction] [http-nio-8080-exec-8] o.s.security.web.FilterChainProxy        : Invoking WebAsyncManagerIntegrationFilter (2/11)
2025-11-30T17:55:23.100+03:00 TRACE 18848 --- [auction] [http-nio-8080-exec-8] o.s.security.web.FilterChainProxy        : Invoking SecurityContextHolderFilter (3/11)
2025-11-30T17:55:23.101+03:00 TRACE 18848 --- [auction] [http-nio-8080-exec-8] o.s.security.web.FilterChainProxy        : Invoking HeaderWriterFilter (4/11)
2025-11-30T17:55:23.102+03:00 TRACE 18848 --- [auction] [http-nio-8080-exec-8] o.s.security.web.FilterChainProxy        : Invoking CorsFilter (5/11)
2025-11-30T17:55:23.105+03:00 TRACE 18848 --- [auction] [http-nio-8080-exec-8] o.s.security.web.FilterChainProxy        : Invoking LogoutFilter (6/11)
2025-11-30T17:55:23.106+03:00 TRACE 18848 --- [auction] [http-nio-8080-exec-8] o.s.s.w.a.logout.LogoutFilter            : Did not match request to Or [PathPattern [GET /logout], PathPattern [POST /logout], PathPattern [PUT /logout], PathPattern [DELETE /logout]]
2025-11-30T17:55:23.108+03:00 TRACE 18848 --- [auction] [http-nio-8080-exec-8] o.s.security.web.FilterChainProxy        : Invoking RequestCacheAwareFilter (7/11)
2025-11-30T17:55:23.110+03:00 TRACE 18848 --- [auction] [http-nio-8080-exec-8] o.s.s.w.s.HttpSessionRequestCache        : matchingRequestParameterName is required for getMatchingRequest to lookup a value, but not provided
2025-11-30T17:55:23.111+03:00 TRACE 18848 --- [auction] [http-nio-8080-exec-8] o.s.security.web.FilterChainProxy        : Invoking SecurityContextHolderAwareRequestFilter (8/11)
2025-11-30T17:55:23.115+03:00 TRACE 18848 --- [auction] [http-nio-8080-exec-8] o.s.security.web.FilterChainProxy        : Invoking AnonymousAuthenticationFilter (9/11)
2025-11-30T17:55:23.116+03:00 TRACE 18848 --- [auction] [http-nio-8080-exec-8] o.s.security.web.FilterChainProxy        : Invoking ExceptionTranslationFilter (10/11)
2025-11-30T17:55:23.117+03:00 TRACE 18848 --- [auction] [http-nio-8080-exec-8] o.s.security.web.FilterChainProxy        : Invoking AuthorizationFilter (11/11)
2025-11-30T17:55:23.118+03:00 TRACE 18848 --- [auction] [http-nio-8080-exec-8] estMatcherDelegatingAuthorizationManager : Authorizing POST /signup
2025-11-30T17:55:23.119+03:00 TRACE 18848 --- [auction] [http-nio-8080-exec-8] estMatcherDelegatingAuthorizationManager : Checking authorization on POST /signup using org.springframework.security.authorization.SingleResultAuthorizationManager@59e820b8
2025-11-30T17:55:23.120+03:00 DEBUG 18848 --- [auction] [http-nio-8080-exec-8] o.s.security.web.FilterChainProxy        : Secured POST /signup
2025-11-30T17:55:23.121+03:00 TRACE 18848 --- [auction] [http-nio-8080-exec-8] o.s.s.w.header.writers.HstsHeaderWriter  : Not injecting HSTS header since it did not match request to [Is Secure]
2025-11-30T17:55:23.256+03:00 TRACE 18848 --- [auction] [http-nio-8080-exec-9] o.s.security.web.FilterChainProxy        : Trying to match request against DefaultSecurityFilterChain defined as 'filterChain' in [class path resource [com/project/auction/config/WebSecurityConfig.class]] matching [any request] and having filters [DisableEncodeUrl, WebAsyncManagerIntegration, SecurityContextHolder, HeaderWriter, Cors, Logout, RequestCacheAware, SecurityContextHolderAwareRequest, AnonymousAuthentication, ExceptionTranslation, Authorization] (1/1)
2025-11-30T17:55:23.257+03:00 DEBUG 18848 --- [auction] [http-nio-8080-exec-9] o.s.security.web.FilterChainProxy        : Securing POST /signup
2025-11-30T17:55:23.258+03:00 TRACE 18848 --- [auction] [http-nio-8080-exec-9] o.s.security.web.FilterChainProxy        : Invoking DisableEncodeUrlFilter (1/11)
2025-11-30T17:55:23.259+03:00 TRACE 18848 --- [auction] [http-nio-8080-exec-9] o.s.security.web.FilterChainProxy        : Invoking WebAsyncManagerIntegrationFilter (2/11)
2025-11-30T17:55:23.260+03:00 TRACE 18848 --- [auction] [http-nio-8080-exec-9] o.s.security.web.FilterChainProxy        : Invoking SecurityContextHolderFilter (3/11)
2025-11-30T17:55:23.261+03:00 TRACE 18848 --- [auction] [http-nio-8080-exec-9] o.s.security.web.FilterChainProxy        : Invoking HeaderWriterFilter (4/11)
2025-11-30T17:55:23.262+03:00 TRACE 18848 --- [auction] [http-nio-8080-exec-9] o.s.security.web.FilterChainProxy        : Invoking CorsFilter (5/11)
2025-11-30T17:55:23.265+03:00 TRACE 18848 --- [auction] [http-nio-8080-exec-9] o.s.security.web.FilterChainProxy        : Invoking LogoutFilter (6/11)
2025-11-30T17:55:23.267+03:00 TRACE 18848 --- [auction] [http-nio-8080-exec-9] o.s.s.w.a.logout.LogoutFilter            : Did not match request to Or [PathPattern [GET /logout], PathPattern [POST /logout], PathPattern [PUT /logout], PathPattern [DELETE /logout]]
2025-11-30T17:55:23.267+03:00 TRACE 18848 --- [auction] [http-nio-8080-exec-9] o.s.security.web.FilterChainProxy        : Invoking RequestCacheAwareFilter (7/11)
2025-11-30T17:55:23.267+03:00 TRACE 18848 --- [auction] [http-nio-8080-exec-9] o.s.s.w.s.HttpSessionRequestCache        : matchingRequestParameterName is required for getMatchingRequest to lookup a value, but not provided
2025-11-30T17:55:23.275+03:00 TRACE 18848 --- [auction] [http-nio-8080-exec-9] o.s.security.web.FilterChainProxy        : Invoking SecurityContextHolderAwareRequestFilter (8/11)
2025-11-30T17:55:23.275+03:00 TRACE 18848 --- [auction] [http-nio-8080-exec-9] o.s.security.web.FilterChainProxy        : Invoking AnonymousAuthenticationFilter (9/11)
2025-11-30T17:55:23.275+03:00 TRACE 18848 --- [auction] [http-nio-8080-exec-9] o.s.security.web.FilterChainProxy        : Invoking ExceptionTranslationFilter (10/11)
2025-11-30T17:55:23.275+03:00 TRACE 18848 --- [auction] [http-nio-8080-exec-9] o.s.security.web.FilterChainProxy        : Invoking AuthorizationFilter (11/11)
2025-11-30T17:55:23.275+03:00 TRACE 18848 --- [auction] [http-nio-8080-exec-9] estMatcherDelegatingAuthorizationManager : Authorizing POST /signup
2025-11-30T17:55:23.275+03:00 TRACE 18848 --- [auction] [http-nio-8080-exec-9] estMatcherDelegatingAuthorizationManager : Checking authorization on POST /signup using org.springframework.security.authorization.SingleResultAuthorizationManager@59e820b8
2025-11-30T17:55:23.275+03:00 DEBUG 18848 --- [auction] [http-nio-8080-exec-9] o.s.security.web.FilterChainProxy        : Secured POST /signup
2025-11-30T17:55:23.275+03:00 TRACE 18848 --- [auction] [http-nio-8080-exec-9] o.s.s.w.header.writers.HstsHeaderWriter  : Not injecting HSTS header since it did not match request to [Is Secure]
2025-11-30T17:55:23.410+03:00 TRACE 18848 --- [auction] [http-nio-8080-exec-3] o.s.security.web.FilterChainProxy        : Trying to match request against DefaultSecurityFilterChain defined as 'filterChain' in [class path resource [com/project/auction/config/WebSecurityConfig.class]] matching [any request] and having filters [DisableEncodeUrl, WebAsyncManagerIntegration, SecurityContextHolder, HeaderWriter, Cors, Logout, RequestCacheAware, SecurityContextHolderAwareRequest, AnonymousAuthentication, ExceptionTranslation, Authorization] (1/1)
2025-11-30T17:55:23.411+03:00 DEBUG 18848 --- [auction] [http-nio-8080-exec-3] o.s.security.web.FilterChainProxy        : Securing POST /signup
2025-11-30T17:55:23.412+03:00 TRACE 18848 --- [auction] [http-nio-8080-exec-3] o.s.security.web.FilterChainProxy        : Invoking DisableEncodeUrlFilter (1/11)
2025-11-30T17:55:23.412+03:00 TRACE 18848 --- [auction] [http-nio-8080-exec-3] o.s.security.web.FilterChainProxy        : Invoking WebAsyncManagerIntegrationFilter (2/11)
2025-11-30T17:55:23.413+03:00 TRACE 18848 --- [auction] [http-nio-8080-exec-3] o.s.security.web.FilterChainProxy        : Invoking SecurityContextHolderFilter (3/11)
2025-11-30T17:55:23.414+03:00 TRACE 18848 --- [auction] [http-nio-8080-exec-3] o.s.security.web.FilterChainProxy        : Invoking HeaderWriterFilter (4/11)
2025-11-30T17:55:23.414+03:00 TRACE 18848 --- [auction] [http-nio-8080-exec-3] o.s.security.web.FilterChainProxy        : Invoking CorsFilter (5/11)
2025-11-30T17:55:23.415+03:00 TRACE 18848 --- [auction] [http-nio-8080-exec-3] o.s.security.web.FilterChainProxy        : Invoking LogoutFilter (6/11)
2025-11-30T17:55:23.416+03:00 TRACE 18848 --- [auction] [http-nio-8080-exec-3] o.s.s.w.a.logout.LogoutFilter            : Did not match request to Or [PathPattern [GET /logout], PathPattern [POST /logout], PathPattern [PUT /logout], PathPattern [DELETE /logout]]
2025-11-30T17:55:23.416+03:00 TRACE 18848 --- [auction] [http-nio-8080-exec-3] o.s.security.web.FilterChainProxy        : Invoking RequestCacheAwareFilter (7/11)
2025-11-30T17:55:23.416+03:00 TRACE 18848 --- [auction] [http-nio-8080-exec-3] o.s.s.w.s.HttpSessionRequestCache        : matchingRequestParameterName is required for getMatchingRequest to lookup a value, but not provided
2025-11-30T17:55:23.417+03:00 TRACE 18848 --- [auction] [http-nio-8080-exec-3] o.s.security.web.FilterChainProxy        : Invoking SecurityContextHolderAwareRequestFilter (8/11)
2025-11-30T17:55:23.417+03:00 TRACE 18848 --- [auction] [http-nio-8080-exec-3] o.s.security.web.FilterChainProxy        : Invoking AnonymousAuthenticationFilter (9/11)
2025-11-30T17:55:23.418+03:00 TRACE 18848 --- [auction] [http-nio-8080-exec-3] o.s.security.web.FilterChainProxy        : Invoking ExceptionTranslationFilter (10/11)
2025-11-30T17:55:23.419+03:00 TRACE 18848 --- [auction] [http-nio-8080-exec-3] o.s.security.web.FilterChainProxy        : Invoking AuthorizationFilter (11/11)
2025-11-30T17:55:23.420+03:00 TRACE 18848 --- [auction] [http-nio-8080-exec-3] estMatcherDelegatingAuthorizationManager : Authorizing POST /signup
2025-11-30T17:55:23.420+03:00 TRACE 18848 --- [auction] [http-nio-8080-exec-3] estMatcherDelegatingAuthorizationManager : Checking authorization on POST /signup using org.springframework.security.authorization.SingleResultAuthorizationManager@59e820b8
2025-11-30T17:55:23.420+03:00 DEBUG 18848 --- [auction] [http-nio-8080-exec-3] o.s.security.web.FilterChainProxy        : Secured POST /signup
2025-11-30T17:55:23.421+03:00 TRACE 18848 --- [auction] [http-nio-8080-exec-3] o.s.s.w.header.writers.HstsHeaderWriter  : Not injecting HSTS header since it did not match request to [Is Secure]
2025-11-30T17:55:23.550+03:00 TRACE 18848 --- [auction] [http-nio-8080-exec-10] o.s.security.web.FilterChainProxy        : Trying to match request against DefaultSecurityFilterChain defined as 'filterChain' in [class path resource [com/project/auction/config/WebSecurityConfig.class]] matching [any request] and having filters [DisableEncodeUrl, WebAsyncManagerIntegration, SecurityContextHolder, HeaderWriter, Cors, Logout, RequestCacheAware, SecurityContextHolderAwareRequest, AnonymousAuthentication, ExceptionTranslation, Authorization] (1/1)
2025-11-30T17:55:23.553+03:00 DEBUG 18848 --- [auction] [http-nio-8080-exec-10] o.s.security.web.FilterChainProxy        : Securing POST /signup
2025-11-30T17:55:23.554+03:00 TRACE 18848 --- [auction] [http-nio-8080-exec-10] o.s.security.web.FilterChainProxy        : Invoking DisableEncodeUrlFilter (1/11)
2025-11-30T17:55:23.555+03:00 TRACE 18848 --- [auction] [http-nio-8080-exec-10] o.s.security.web.FilterChainProxy        : Invoking WebAsyncManagerIntegrationFilter (2/11)
2025-11-30T17:55:23.556+03:00 TRACE 18848 --- [auction] [http-nio-8080-exec-10] o.s.security.web.FilterChainProxy        : Invoking SecurityContextHolderFilter (3/11)
2025-11-30T17:55:23.556+03:00 TRACE 18848 --- [auction] [http-nio-8080-exec-10] o.s.security.web.FilterChainProxy        : Invoking HeaderWriterFilter (4/11)
2025-11-30T17:55:23.558+03:00 TRACE 18848 --- [auction] [http-nio-8080-exec-10] o.s.security.web.FilterChainProxy        : Invoking CorsFilter (5/11)
2025-11-30T17:55:23.562+03:00 TRACE 18848 --- [auction] [http-nio-8080-exec-10] o.s.security.web.FilterChainProxy        : Invoking LogoutFilter (6/11)
2025-11-30T17:55:23.563+03:00 TRACE 18848 --- [auction] [http-nio-8080-exec-10] o.s.s.w.a.logout.LogoutFilter            : Did not match request to Or [PathPattern [GET /logout], PathPattern [POST /logout], PathPattern [PUT /logout], PathPattern [DELETE /logout]]
2025-11-30T17:55:23.564+03:00 TRACE 18848 --- [auction] [http-nio-8080-exec-10] o.s.security.web.FilterChainProxy        : Invoking RequestCacheAwareFilter (7/11)
2025-11-30T17:55:23.565+03:00 TRACE 18848 --- [auction] [http-nio-8080-exec-10] o.s.s.w.s.HttpSessionRequestCache        : matchingRequestParameterName is required for getMatchingRequest to lookup a value, but not provided
2025-11-30T17:55:23.566+03:00 TRACE 18848 --- [auction] [http-nio-8080-exec-10] o.s.security.web.FilterChainProxy        : Invoking SecurityContextHolderAwareRequestFilter (8/11)
2025-11-30T17:55:23.567+03:00 TRACE 18848 --- [auction] [http-nio-8080-exec-10] o.s.security.web.FilterChainProxy        : Invoking AnonymousAuthenticationFilter (9/11)
2025-11-30T17:55:23.572+03:00 TRACE 18848 --- [auction] [http-nio-8080-exec-10] o.s.security.web.FilterChainProxy        : Invoking ExceptionTranslationFilter (10/11)
2025-11-30T17:55:23.573+03:00 TRACE 18848 --- [auction] [http-nio-8080-exec-10] o.s.security.web.FilterChainProxy        : Invoking AuthorizationFilter (11/11)
2025-11-30T17:55:23.574+03:00 TRACE 18848 --- [auction] [http-nio-8080-exec-10] estMatcherDelegatingAuthorizationManager : Authorizing POST /signup
2025-11-30T17:55:23.575+03:00 TRACE 18848 --- [auction] [http-nio-8080-exec-10] estMatcherDelegatingAuthorizationManager : Checking authorization on POST /signup using org.springframework.security.authorization.SingleResultAuthorizationManager@59e820b8
2025-11-30T17:55:23.580+03:00 DEBUG 18848 --- [auction] [http-nio-8080-exec-10] o.s.security.web.FilterChainProxy        : Secured POST /signup
2025-11-30T17:55:23.583+03:00 TRACE 18848 --- [auction] [http-nio-8080-exec-10] o.s.s.w.header.writers.HstsHeaderWriter  : Not injecting HSTS header since it did not match request to [Is Secure]
2025-11-30T17:55:23.711+03:00 TRACE 18848 --- [auction] [http-nio-8080-exec-4] o.s.security.web.FilterChainProxy        : Trying to match request against DefaultSecurityFilterChain defined as 'filterChain' in [class path resource [com/project/auction/config/WebSecurityConfig.class]] matching [any request] and having filters [DisableEncodeUrl, WebAsyncManagerIntegration, SecurityContextHolder, HeaderWriter, Cors, Logout, RequestCacheAware, SecurityContextHolderAwareRequest, AnonymousAuthentication, ExceptionTranslation, Authorization] (1/1)
2025-11-30T17:55:23.712+03:00 DEBUG 18848 --- [auction] [http-nio-8080-exec-4] o.s.security.web.FilterChainProxy        : Securing POST /signup
2025-11-30T17:55:23.713+03:00 TRACE 18848 --- [auction] [http-nio-8080-exec-4] o.s.security.web.FilterChainProxy        : Invoking DisableEncodeUrlFilter (1/11)
2025-11-30T17:55:23.713+03:00 TRACE 18848 --- [auction] [http-nio-8080-exec-4] o.s.security.web.FilterChainProxy        : Invoking WebAsyncManagerIntegrationFilter (2/11)
2025-11-30T17:55:23.714+03:00 TRACE 18848 --- [auction] [http-nio-8080-exec-4] o.s.security.web.FilterChainProxy        : Invoking SecurityContextHolderFilter (3/11)
2025-11-30T17:55:23.715+03:00 TRACE 18848 --- [auction] [http-nio-8080-exec-4] o.s.security.web.FilterChainProxy        : Invoking HeaderWriterFilter (4/11)
2025-11-30T17:55:23.715+03:00 TRACE 18848 --- [auction] [http-nio-8080-exec-4] o.s.security.web.FilterChainProxy        : Invoking CorsFilter (5/11)
2025-11-30T17:55:23.717+03:00 TRACE 18848 --- [auction] [http-nio-8080-exec-4] o.s.security.web.FilterChainProxy        : Invoking LogoutFilter (6/11)
2025-11-30T17:55:23.718+03:00 TRACE 18848 --- [auction] [http-nio-8080-exec-4] o.s.s.w.a.logout.LogoutFilter            : Did not match request to Or [PathPattern [GET /logout], PathPattern [POST /logout], PathPattern [PUT /logout], PathPattern [DELETE /logout]]
2025-11-30T17:55:23.719+03:00 TRACE 18848 --- [auction] [http-nio-8080-exec-4] o.s.security.web.FilterChainProxy        : Invoking RequestCacheAwareFilter (7/11)
2025-11-30T17:55:23.720+03:00 TRACE 18848 --- [auction] [http-nio-8080-exec-4] o.s.s.w.s.HttpSessionRequestCache        : matchingRequestParameterName is required for getMatchingRequest to lookup a value, but not provided
2025-11-30T17:55:23.721+03:00 TRACE 18848 --- [auction] [http-nio-8080-exec-4] o.s.security.web.FilterChainProxy        : Invoking SecurityContextHolderAwareRequestFilter (8/11)
2025-11-30T17:55:23.721+03:00 TRACE 18848 --- [auction] [http-nio-8080-exec-4] o.s.security.web.FilterChainProxy        : Invoking AnonymousAuthenticationFilter (9/11)
2025-11-30T17:55:23.722+03:00 TRACE 18848 --- [auction] [http-nio-8080-exec-4] o.s.security.web.FilterChainProxy        : Invoking ExceptionTranslationFilter (10/11)
2025-11-30T17:55:23.725+03:00 TRACE 18848 --- [auction] [http-nio-8080-exec-4] o.s.security.web.FilterChainProxy        : Invoking AuthorizationFilter (11/11)
2025-11-30T17:55:23.727+03:00 TRACE 18848 --- [auction] [http-nio-8080-exec-4] estMatcherDelegatingAuthorizationManager : Authorizing POST /signup
2025-11-30T17:55:23.729+03:00 TRACE 18848 --- [auction] [http-nio-8080-exec-4] estMatcherDelegatingAuthorizationManager : Checking authorization on POST /signup using org.springframework.security.authorization.SingleResultAuthorizationManager@59e820b8
2025-11-30T17:55:23.729+03:00 DEBUG 18848 --- [auction] [http-nio-8080-exec-4] o.s.security.web.FilterChainProxy        : Secured POST /signup
2025-11-30T17:55:23.731+03:00 TRACE 18848 --- [auction] [http-nio-8080-exec-4] o.s.s.w.header.writers.HstsHeaderWriter  : Not injecting HSTS header since it did not match request to [Is Secure]
2025-11-30T17:55:23.870+03:00 TRACE 18848 --- [auction] [http-nio-8080-exec-1] o.s.security.web.FilterChainProxy        : Trying to match request against DefaultSecurityFilterChain defined as 'filterChain' in [class path resource [com/project/auction/config/WebSecurityConfig.class]] matching [any request] and having filters [DisableEncodeUrl, WebAsyncManagerIntegration, SecurityContextHolder, HeaderWriter, Cors, Logout, RequestCacheAware, SecurityContextHolderAwareRequest, AnonymousAuthentication, ExceptionTranslation, Authorization] (1/1)
2025-11-30T17:55:23.870+03:00 DEBUG 18848 --- [auction] [http-nio-8080-exec-1] o.s.security.web.FilterChainProxy        : Securing POST /signup
2025-11-30T17:55:23.870+03:00 TRACE 18848 --- [auction] [http-nio-8080-exec-1] o.s.security.web.FilterChainProxy        : Invoking DisableEncodeUrlFilter (1/11)
2025-11-30T17:55:23.870+03:00 TRACE 18848 --- [auction] [http-nio-8080-exec-1] o.s.security.web.FilterChainProxy        : Invoking WebAsyncManagerIntegrationFilter (2/11)
2025-11-30T17:55:23.870+03:00 TRACE 18848 --- [auction] [http-nio-8080-exec-1] o.s.security.web.FilterChainProxy        : Invoking SecurityContextHolderFilter (3/11)
2025-11-30T17:55:23.870+03:00 TRACE 18848 --- [auction] [http-nio-8080-exec-1] o.s.security.web.FilterChainProxy        : Invoking HeaderWriterFilter (4/11)
2025-11-30T17:55:23.876+03:00 TRACE 18848 --- [auction] [http-nio-8080-exec-1] o.s.security.web.FilterChainProxy        : Invoking CorsFilter (5/11)
2025-11-30T17:55:23.876+03:00 TRACE 18848 --- [auction] [http-nio-8080-exec-1] o.s.security.web.FilterChainProxy        : Invoking LogoutFilter (6/11)
2025-11-30T17:55:23.876+03:00 TRACE 18848 --- [auction] [http-nio-8080-exec-1] o.s.s.w.a.logout.LogoutFilter            : Did not match request to Or [PathPattern [GET /logout], PathPattern [POST /logout], PathPattern [PUT /logout], PathPattern [DELETE /logout]]
2025-11-30T17:55:23.876+03:00 TRACE 18848 --- [auction] [http-nio-8080-exec-1] o.s.security.web.FilterChainProxy        : Invoking RequestCacheAwareFilter (7/11)
2025-11-30T17:55:23.876+03:00 TRACE 18848 --- [auction] [http-nio-8080-exec-1] o.s.s.w.s.HttpSessionRequestCache        : matchingRequestParameterName is required for getMatchingRequest to lookup a value, but not provided
2025-11-30T17:55:23.876+03:00 TRACE 18848 --- [auction] [http-nio-8080-exec-1] o.s.security.web.FilterChainProxy        : Invoking SecurityContextHolderAwareRequestFilter (8/11)
2025-11-30T17:55:23.876+03:00 TRACE 18848 --- [auction] [http-nio-8080-exec-1] o.s.security.web.FilterChainProxy        : Invoking AnonymousAuthenticationFilter (9/11)
2025-11-30T17:55:23.876+03:00 TRACE 18848 --- [auction] [http-nio-8080-exec-1] o.s.security.web.FilterChainProxy        : Invoking ExceptionTranslationFilter (10/11)
2025-11-30T17:55:23.876+03:00 TRACE 18848 --- [auction] [http-nio-8080-exec-1] o.s.security.web.FilterChainProxy        : Invoking AuthorizationFilter (11/11)
2025-11-30T17:55:23.876+03:00 TRACE 18848 --- [auction] [http-nio-8080-exec-1] estMatcherDelegatingAuthorizationManager : Authorizing POST /signup
2025-11-30T17:55:23.876+03:00 TRACE 18848 --- [auction] [http-nio-8080-exec-1] estMatcherDelegatingAuthorizationManager : Checking authorization on POST /signup using org.springframework.security.authorization.SingleResultAuthorizationManager@59e820b8
2025-11-30T17:55:23.876+03:00 DEBUG 18848 --- [auction] [http-nio-8080-exec-1] o.s.security.web.FilterChainProxy        : Secured POST /signup
2025-11-30T17:55:23.885+03:00 TRACE 18848 --- [auction] [http-nio-8080-exec-1] o.s.s.w.header.writers.HstsHeaderWriter  : Not injecting HSTS header since it did not match request to [Is Secure]
2025-11-30T17:55:24.017+03:00 TRACE 18848 --- [auction] [http-nio-8080-exec-7] o.s.security.web.FilterChainProxy        : Trying to match request against DefaultSecurityFilterChain defined as 'filterChain' in [class path resource [com/project/auction/config/WebSecurityConfig.class]] matching [any request] and having filters [DisableEncodeUrl, WebAsyncManagerIntegration, SecurityContextHolder, HeaderWriter, Cors, Logout, RequestCacheAware, SecurityContextHolderAwareRequest, AnonymousAuthentication, ExceptionTranslation, Authorization] (1/1)
2025-11-30T17:55:24.018+03:00 DEBUG 18848 --- [auction] [http-nio-8080-exec-7] o.s.security.web.FilterChainProxy        : Securing POST /signup
2025-11-30T17:55:24.019+03:00 TRACE 18848 --- [auction] [http-nio-8080-exec-7] o.s.security.web.FilterChainProxy        : Invoking DisableEncodeUrlFilter (1/11)
2025-11-30T17:55:24.019+03:00 TRACE 18848 --- [auction] [http-nio-8080-exec-7] o.s.security.web.FilterChainProxy        : Invoking WebAsyncManagerIntegrationFilter (2/11)
2025-11-30T17:55:24.020+03:00 TRACE 18848 --- [auction] [http-nio-8080-exec-7] o.s.security.web.FilterChainProxy        : Invoking SecurityContextHolderFilter (3/11)
2025-11-30T17:55:24.021+03:00 TRACE 18848 --- [auction] [http-nio-8080-exec-7] o.s.security.web.FilterChainProxy        : Invoking HeaderWriterFilter (4/11)
2025-11-30T17:55:24.021+03:00 TRACE 18848 --- [auction] [http-nio-8080-exec-7] o.s.security.web.FilterChainProxy        : Invoking CorsFilter (5/11)
2025-11-30T17:55:24.025+03:00 TRACE 18848 --- [auction] [http-nio-8080-exec-7] o.s.security.web.FilterChainProxy        : Invoking LogoutFilter (6/11)
2025-11-30T17:55:24.029+03:00 TRACE 18848 --- [auction] [http-nio-8080-exec-7] o.s.s.w.a.logout.LogoutFilter            : Did not match request to Or [PathPattern [GET /logout], PathPattern [POST /logout], PathPattern [PUT /logout], PathPattern [DELETE /logout]]
2025-11-30T17:55:24.031+03:00 TRACE 18848 --- [auction] [http-nio-8080-exec-7] o.s.security.web.FilterChainProxy        : Invoking RequestCacheAwareFilter (7/11)
2025-11-30T17:55:24.032+03:00 TRACE 18848 --- [auction] [http-nio-8080-exec-7] o.s.s.w.s.HttpSessionRequestCache        : matchingRequestParameterName is required for getMatchingRequest to lookup a value, but not provided
2025-11-30T17:55:24.033+03:00 TRACE 18848 --- [auction] [http-nio-8080-exec-7] o.s.security.web.FilterChainProxy        : Invoking SecurityContextHolderAwareRequestFilter (8/11)
2025-11-30T17:55:24.034+03:00 TRACE 18848 --- [auction] [http-nio-8080-exec-7] o.s.security.web.FilterChainProxy        : Invoking AnonymousAuthenticationFilter (9/11)
2025-11-30T17:55:24.034+03:00 TRACE 18848 --- [auction] [http-nio-8080-exec-7] o.s.security.web.FilterChainProxy        : Invoking ExceptionTranslationFilter (10/11)
2025-11-30T17:55:24.036+03:00 TRACE 18848 --- [auction] [http-nio-8080-exec-7] o.s.security.web.FilterChainProxy        : Invoking AuthorizationFilter (11/11)
2025-11-30T17:55:24.037+03:00 TRACE 18848 --- [auction] [http-nio-8080-exec-7] estMatcherDelegatingAuthorizationManager : Authorizing POST /signup
2025-11-30T17:55:24.037+03:00 TRACE 18848 --- [auction] [http-nio-8080-exec-7] estMatcherDelegatingAuthorizationManager : Checking authorization on POST /signup using org.springframework.security.authorization.SingleResultAuthorizationManager@59e820b8
2025-11-30T17:55:24.038+03:00 DEBUG 18848 --- [auction] [http-nio-8080-exec-7] o.s.security.web.FilterChainProxy        : Secured POST /signup
2025-11-30T17:55:24.039+03:00 TRACE 18848 --- [auction] [http-nio-8080-exec-7] o.s.s.w.header.writers.HstsHeaderWriter  : Not injecting HSTS header since it did not match request to [Is Secure]
2025-11-30T17:55:24.162+03:00 TRACE 18848 --- [auction] [http-nio-8080-exec-5] o.s.security.web.FilterChainProxy        : Trying to match request against DefaultSecurityFilterChain defined as 'filterChain' in [class path resource [com/project/auction/config/WebSecurityConfig.class]] matching [any request] and having filters [DisableEncodeUrl, WebAsyncManagerIntegration, SecurityContextHolder, HeaderWriter, Cors, Logout, RequestCacheAware, SecurityContextHolderAwareRequest, AnonymousAuthentication, ExceptionTranslation, Authorization] (1/1)
2025-11-30T17:55:24.163+03:00 DEBUG 18848 --- [auction] [http-nio-8080-exec-5] o.s.security.web.FilterChainProxy        : Securing POST /signup
2025-11-30T17:55:24.164+03:00 TRACE 18848 --- [auction] [http-nio-8080-exec-5] o.s.security.web.FilterChainProxy        : Invoking DisableEncodeUrlFilter (1/11)
2025-11-30T17:55:24.165+03:00 TRACE 18848 --- [auction] [http-nio-8080-exec-5] o.s.security.web.FilterChainProxy        : Invoking WebAsyncManagerIntegrationFilter (2/11)
2025-11-30T17:55:24.165+03:00 TRACE 18848 --- [auction] [http-nio-8080-exec-5] o.s.security.web.FilterChainProxy        : Invoking SecurityContextHolderFilter (3/11)
2025-11-30T17:55:24.166+03:00 TRACE 18848 --- [auction] [http-nio-8080-exec-5] o.s.security.web.FilterChainProxy        : Invoking HeaderWriterFilter (4/11)
2025-11-30T17:55:24.167+03:00 TRACE 18848 --- [auction] [http-nio-8080-exec-5] o.s.security.web.FilterChainProxy        : Invoking CorsFilter (5/11)
2025-11-30T17:55:24.169+03:00 TRACE 18848 --- [auction] [http-nio-8080-exec-5] o.s.security.web.FilterChainProxy        : Invoking LogoutFilter (6/11)
2025-11-30T17:55:24.170+03:00 TRACE 18848 --- [auction] [http-nio-8080-exec-5] o.s.s.w.a.logout.LogoutFilter            : Did not match request to Or [PathPattern [GET /logout], PathPattern [POST /logout], PathPattern [PUT /logout], PathPattern [DELETE /logout]]
2025-11-30T17:55:24.171+03:00 TRACE 18848 --- [auction] [http-nio-8080-exec-5] o.s.security.web.FilterChainProxy        : Invoking RequestCacheAwareFilter (7/11)
2025-11-30T17:55:24.171+03:00 TRACE 18848 --- [auction] [http-nio-8080-exec-5] o.s.s.w.s.HttpSessionRequestCache        : matchingRequestParameterName is required for getMatchingRequest to lookup a value, but not provided
2025-11-30T17:55:24.173+03:00 TRACE 18848 --- [auction] [http-nio-8080-exec-5] o.s.security.web.FilterChainProxy        : Invoking SecurityContextHolderAwareRequestFilter (8/11)
2025-11-30T17:55:24.173+03:00 TRACE 18848 --- [auction] [http-nio-8080-exec-5] o.s.security.web.FilterChainProxy        : Invoking AnonymousAuthenticationFilter (9/11)
2025-11-30T17:55:24.174+03:00 TRACE 18848 --- [auction] [http-nio-8080-exec-5] o.s.security.web.FilterChainProxy        : Invoking ExceptionTranslationFilter (10/11)
2025-11-30T17:55:24.175+03:00 TRACE 18848 --- [auction] [http-nio-8080-exec-5] o.s.security.web.FilterChainProxy        : Invoking AuthorizationFilter (11/11)
2025-11-30T17:55:24.177+03:00 TRACE 18848 --- [auction] [http-nio-8080-exec-5] estMatcherDelegatingAuthorizationManager : Authorizing POST /signup
2025-11-30T17:55:24.179+03:00 TRACE 18848 --- [auction] [http-nio-8080-exec-5] estMatcherDelegatingAuthorizationManager : Checking authorization on POST /signup using org.springframework.security.authorization.SingleResultAuthorizationManager@59e820b8
2025-11-30T17:55:24.181+03:00 DEBUG 18848 --- [auction] [http-nio-8080-exec-5] o.s.security.web.FilterChainProxy        : Secured POST /signup
2025-11-30T17:55:24.182+03:00 TRACE 18848 --- [auction] [http-nio-8080-exec-5] o.s.s.w.header.writers.HstsHeaderWriter  : Not injecting HSTS header since it did not match request to [Is Secure]
2025-11-30T17:55:24.333+03:00 TRACE 18848 --- [auction] [http-nio-8080-exec-6] o.s.security.web.FilterChainProxy        : Trying to match request against DefaultSecurityFilterChain defined as 'filterChain' in [class path resource [com/project/auction/config/WebSecurityConfig.class]] matching [any request] and having filters [DisableEncodeUrl, WebAsyncManagerIntegration, SecurityContextHolder, HeaderWriter, Cors, Logout, RequestCacheAware, SecurityContextHolderAwareRequest, AnonymousAuthentication, ExceptionTranslation, Authorization] (1/1)
2025-11-30T17:55:24.333+03:00 DEBUG 18848 --- [auction] [http-nio-8080-exec-6] o.s.security.web.FilterChainProxy        : Securing POST /signup
2025-11-30T17:55:24.333+03:00 TRACE 18848 --- [auction] [http-nio-8080-exec-6] o.s.security.web.FilterChainProxy        : Invoking DisableEncodeUrlFilter (1/11)
2025-11-30T17:55:24.333+03:00 TRACE 18848 --- [auction] [http-nio-8080-exec-6] o.s.security.web.FilterChainProxy        : Invoking WebAsyncManagerIntegrationFilter (2/11)
2025-11-30T17:55:24.333+03:00 TRACE 18848 --- [auction] [http-nio-8080-exec-6] o.s.security.web.FilterChainProxy        : Invoking SecurityContextHolderFilter (3/11)
2025-11-30T17:55:24.343+03:00 TRACE 18848 --- [auction] [http-nio-8080-exec-6] o.s.security.web.FilterChainProxy        : Invoking HeaderWriterFilter (4/11)
2025-11-30T17:55:24.345+03:00 TRACE 18848 --- [auction] [http-nio-8080-exec-6] o.s.security.web.FilterChainProxy        : Invoking CorsFilter (5/11)
2025-11-30T17:55:24.347+03:00 TRACE 18848 --- [auction] [http-nio-8080-exec-6] o.s.security.web.FilterChainProxy        : Invoking LogoutFilter (6/11)
2025-11-30T17:55:24.349+03:00 TRACE 18848 --- [auction] [http-nio-8080-exec-6] o.s.s.w.a.logout.LogoutFilter            : Did not match request to Or [PathPattern [GET /logout], PathPattern [POST /logout], PathPattern [PUT /logout], PathPattern [DELETE /logout]]
2025-11-30T17:55:24.350+03:00 TRACE 18848 --- [auction] [http-nio-8080-exec-6] o.s.security.web.FilterChainProxy        : Invoking RequestCacheAwareFilter (7/11)
2025-11-30T17:55:24.351+03:00 TRACE 18848 --- [auction] [http-nio-8080-exec-6] o.s.s.w.s.HttpSessionRequestCache        : matchingRequestParameterName is required for getMatchingRequest to lookup a value, but not provided
2025-11-30T17:55:24.352+03:00 TRACE 18848 --- [auction] [http-nio-8080-exec-6] o.s.security.web.FilterChainProxy        : Invoking SecurityContextHolderAwareRequestFilter (8/11)
2025-11-30T17:55:24.352+03:00 TRACE 18848 --- [auction] [http-nio-8080-exec-6] o.s.security.web.FilterChainProxy        : Invoking AnonymousAuthenticationFilter (9/11)
2025-11-30T17:55:24.353+03:00 TRACE 18848 --- [auction] [http-nio-8080-exec-6] o.s.security.web.FilterChainProxy        : Invoking ExceptionTranslationFilter (10/11)
2025-11-30T17:55:24.353+03:00 TRACE 18848 --- [auction] [http-nio-8080-exec-6] o.s.security.web.FilterChainProxy        : Invoking AuthorizationFilter (11/11)
2025-11-30T17:55:24.354+03:00 TRACE 18848 --- [auction] [http-nio-8080-exec-6] estMatcherDelegatingAuthorizationManager : Authorizing POST /signup
2025-11-30T17:55:24.354+03:00 TRACE 18848 --- [auction] [http-nio-8080-exec-6] estMatcherDelegatingAuthorizationManager : Checking authorization on POST /signup using org.springframework.security.authorization.SingleResultAuthorizationManager@59e820b8
2025-11-30T17:55:24.355+03:00 DEBUG 18848 --- [auction] [http-nio-8080-exec-6] o.s.security.web.FilterChainProxy        : Secured POST /signup
2025-11-30T17:55:24.356+03:00 TRACE 18848 --- [auction] [http-nio-8080-exec-6] o.s.s.w.header.writers.HstsHeaderWriter  : Not injecting HSTS header since it did not match request to [Is Secure]
2025-11-30T17:55:24.493+03:00 TRACE 18848 --- [auction] [http-nio-8080-exec-2] o.s.security.web.FilterChainProxy        : Trying to match request against DefaultSecurityFilterChain defined as 'filterChain' in [class path resource [com/project/auction/config/WebSecurityConfig.class]] matching [any request] and having filters [DisableEncodeUrl, WebAsyncManagerIntegration, SecurityContextHolder, HeaderWriter, Cors, Logout, RequestCacheAware, SecurityContextHolderAwareRequest, AnonymousAuthentication, ExceptionTranslation, Authorization] (1/1)
2025-11-30T17:55:24.494+03:00 DEBUG 18848 --- [auction] [http-nio-8080-exec-2] o.s.security.web.FilterChainProxy        : Securing POST /signup
2025-11-30T17:55:24.495+03:00 TRACE 18848 --- [auction] [http-nio-8080-exec-2] o.s.security.web.FilterChainProxy        : Invoking DisableEncodeUrlFilter (1/11)
2025-11-30T17:55:24.495+03:00 TRACE 18848 --- [auction] [http-nio-8080-exec-2] o.s.security.web.FilterChainProxy        : Invoking WebAsyncManagerIntegrationFilter (2/11)
2025-11-30T17:55:24.496+03:00 TRACE 18848 --- [auction] [http-nio-8080-exec-2] o.s.security.web.FilterChainProxy        : Invoking SecurityContextHolderFilter (3/11)
2025-11-30T17:55:24.497+03:00 TRACE 18848 --- [auction] [http-nio-8080-exec-2] o.s.security.web.FilterChainProxy        : Invoking HeaderWriterFilter (4/11)
2025-11-30T17:55:24.497+03:00 TRACE 18848 --- [auction] [http-nio-8080-exec-2] o.s.security.web.FilterChainProxy        : Invoking CorsFilter (5/11)
2025-11-30T17:55:24.499+03:00 TRACE 18848 --- [auction] [http-nio-8080-exec-2] o.s.security.web.FilterChainProxy        : Invoking LogoutFilter (6/11)
2025-11-30T17:55:24.499+03:00 TRACE 18848 --- [auction] [http-nio-8080-exec-2] o.s.s.w.a.logout.LogoutFilter            : Did not match request to Or [PathPattern [GET /logout], PathPattern [POST /logout], PathPattern [PUT /logout], PathPattern [DELETE /logout]]
2025-11-30T17:55:24.500+03:00 TRACE 18848 --- [auction] [http-nio-8080-exec-2] o.s.security.web.FilterChainProxy        : Invoking RequestCacheAwareFilter (7/11)
2025-11-30T17:55:24.501+03:00 TRACE 18848 --- [auction] [http-nio-8080-exec-2] o.s.s.w.s.HttpSessionRequestCache        : matchingRequestParameterName is required for getMatchingRequest to lookup a value, but not provided
2025-11-30T17:55:24.502+03:00 TRACE 18848 --- [auction] [http-nio-8080-exec-2] o.s.security.web.FilterChainProxy        : Invoking SecurityContextHolderAwareRequestFilter (8/11)
2025-11-30T17:55:24.502+03:00 TRACE 18848 --- [auction] [http-nio-8080-exec-2] o.s.security.web.FilterChainProxy        : Invoking AnonymousAuthenticationFilter (9/11)
2025-11-30T17:55:24.503+03:00 TRACE 18848 --- [auction] [http-nio-8080-exec-2] o.s.security.web.FilterChainProxy        : Invoking ExceptionTranslationFilter (10/11)
2025-11-30T17:55:24.504+03:00 TRACE 18848 --- [auction] [http-nio-8080-exec-2] o.s.security.web.FilterChainProxy        : Invoking AuthorizationFilter (11/11)
2025-11-30T17:55:24.505+03:00 TRACE 18848 --- [auction] [http-nio-8080-exec-2] estMatcherDelegatingAuthorizationManager : Authorizing POST /signup
2025-11-30T17:55:24.506+03:00 TRACE 18848 --- [auction] [http-nio-8080-exec-2] estMatcherDelegatingAuthorizationManager : Checking authorization on POST /signup using org.springframework.security.authorization.SingleResultAuthorizationManager@59e820b8
2025-11-30T17:55:24.508+03:00 DEBUG 18848 --- [auction] [http-nio-8080-exec-2] o.s.security.web.FilterChainProxy        : Secured POST /signup
2025-11-30T17:55:24.510+03:00 TRACE 18848 --- [auction] [http-nio-8080-exec-2] o.s.s.w.header.writers.HstsHeaderWriter  : Not injecting HSTS header since it did not match request to [Is Secure]
2025-11-30T17:55:24.633+03:00 TRACE 18848 --- [auction] [http-nio-8080-exec-8] o.s.security.web.FilterChainProxy        : Trying to match request against DefaultSecurityFilterChain defined as 'filterChain' in [class path resource [com/project/auction/config/WebSecurityConfig.class]] matching [any request] and having filters [DisableEncodeUrl, WebAsyncManagerIntegration, SecurityContextHolder, HeaderWriter, Cors, Logout, RequestCacheAware, SecurityContextHolderAwareRequest, AnonymousAuthentication, ExceptionTranslation, Authorization] (1/1)
2025-11-30T17:55:24.633+03:00 DEBUG 18848 --- [auction] [http-nio-8080-exec-8] o.s.security.web.FilterChainProxy        : Securing POST /signup
2025-11-30T17:55:24.633+03:00 TRACE 18848 --- [auction] [http-nio-8080-exec-8] o.s.security.web.FilterChainProxy        : Invoking DisableEncodeUrlFilter (1/11)
2025-11-30T17:55:24.633+03:00 TRACE 18848 --- [auction] [http-nio-8080-exec-8] o.s.security.web.FilterChainProxy        : Invoking WebAsyncManagerIntegrationFilter (2/11)
2025-11-30T17:55:24.633+03:00 TRACE 18848 --- [auction] [http-nio-8080-exec-8] o.s.security.web.FilterChainProxy        : Invoking SecurityContextHolderFilter (3/11)
2025-11-30T17:55:24.633+03:00 TRACE 18848 --- [auction] [http-nio-8080-exec-8] o.s.security.web.FilterChainProxy        : Invoking HeaderWriterFilter (4/11)
2025-11-30T17:55:24.633+03:00 TRACE 18848 --- [auction] [http-nio-8080-exec-8] o.s.security.web.FilterChainProxy        : Invoking CorsFilter (5/11)
2025-11-30T17:55:24.633+03:00 TRACE 18848 --- [auction] [http-nio-8080-exec-8] o.s.security.web.FilterChainProxy        : Invoking LogoutFilter (6/11)
2025-11-30T17:55:24.633+03:00 TRACE 18848 --- [auction] [http-nio-8080-exec-8] o.s.s.w.a.logout.LogoutFilter            : Did not match request to Or [PathPattern [GET /logout], PathPattern [POST /logout], PathPattern [PUT /logout], PathPattern [DELETE /logout]]
2025-11-30T17:55:24.633+03:00 TRACE 18848 --- [auction] [http-nio-8080-exec-8] o.s.security.web.FilterChainProxy        : Invoking RequestCacheAwareFilter (7/11)
2025-11-30T17:55:24.633+03:00 TRACE 18848 --- [auction] [http-nio-8080-exec-8] o.s.s.w.s.HttpSessionRequestCache        : matchingRequestParameterName is required for getMatchingRequest to lookup a value, but not provided
2025-11-30T17:55:24.642+03:00 TRACE 18848 --- [auction] [http-nio-8080-exec-8] o.s.security.web.FilterChainProxy        : Invoking SecurityContextHolderAwareRequestFilter (8/11)
2025-11-30T17:55:24.642+03:00 TRACE 18848 --- [auction] [http-nio-8080-exec-8] o.s.security.web.FilterChainProxy        : Invoking AnonymousAuthenticationFilter (9/11)
2025-11-30T17:55:24.642+03:00 TRACE 18848 --- [auction] [http-nio-8080-exec-8] o.s.security.web.FilterChainProxy        : Invoking ExceptionTranslationFilter (10/11)
2025-11-30T17:55:24.642+03:00 TRACE 18848 --- [auction] [http-nio-8080-exec-8] o.s.security.web.FilterChainProxy        : Invoking AuthorizationFilter (11/11)
2025-11-30T17:55:24.642+03:00 TRACE 18848 --- [auction] [http-nio-8080-exec-8] estMatcherDelegatingAuthorizationManager : Authorizing POST /signup
2025-11-30T17:55:24.642+03:00 TRACE 18848 --- [auction] [http-nio-8080-exec-8] estMatcherDelegatingAuthorizationManager : Checking authorization on POST /signup using org.springframework.security.authorization.SingleResultAuthorizationManager@59e820b8
2025-11-30T17:55:24.642+03:00 DEBUG 18848 --- [auction] [http-nio-8080-exec-8] o.s.security.web.FilterChainProxy        : Secured POST /signup
2025-11-30T17:55:24.642+03:00 TRACE 18848 --- [auction] [http-nio-8080-exec-8] o.s.s.w.header.writers.HstsHeaderWriter  : Not injecting HSTS header since it did not match request to [Is Secure]
2025-11-30T17:55:24.795+03:00 TRACE 18848 --- [auction] [http-nio-8080-exec-9] o.s.security.web.FilterChainProxy        : Trying to match request against DefaultSecurityFilterChain defined as 'filterChain' in [class path resource [com/project/auction/config/WebSecurityConfig.class]] matching [any request] and having filters [DisableEncodeUrl, WebAsyncManagerIntegration, SecurityContextHolder, HeaderWriter, Cors, Logout, RequestCacheAware, SecurityContextHolderAwareRequest, AnonymousAuthentication, ExceptionTranslation, Authorization] (1/1)
2025-11-30T17:55:24.796+03:00 DEBUG 18848 --- [auction] [http-nio-8080-exec-9] o.s.security.web.FilterChainProxy        : Securing POST /signup
2025-11-30T17:55:24.797+03:00 TRACE 18848 --- [auction] [http-nio-8080-exec-9] o.s.security.web.FilterChainProxy        : Invoking DisableEncodeUrlFilter (1/11)
2025-11-30T17:55:24.798+03:00 TRACE 18848 --- [auction] [http-nio-8080-exec-9] o.s.security.web.FilterChainProxy        : Invoking WebAsyncManagerIntegrationFilter (2/11)
2025-11-30T17:55:24.798+03:00 TRACE 18848 --- [auction] [http-nio-8080-exec-9] o.s.security.web.FilterChainProxy        : Invoking SecurityContextHolderFilter (3/11)
2025-11-30T17:55:24.799+03:00 TRACE 18848 --- [auction] [http-nio-8080-exec-9] o.s.security.web.FilterChainProxy        : Invoking HeaderWriterFilter (4/11)
2025-11-30T17:55:24.799+03:00 TRACE 18848 --- [auction] [http-nio-8080-exec-9] o.s.security.web.FilterChainProxy        : Invoking CorsFilter (5/11)
2025-11-30T17:55:24.803+03:00 TRACE 18848 --- [auction] [http-nio-8080-exec-9] o.s.security.web.FilterChainProxy        : Invoking LogoutFilter (6/11)
2025-11-30T17:55:24.804+03:00 TRACE 18848 --- [auction] [http-nio-8080-exec-9] o.s.s.w.a.logout.LogoutFilter            : Did not match request to Or [PathPattern [GET /logout], PathPattern [POST /logout], PathPattern [PUT /logout], PathPattern [DELETE /logout]]
2025-11-30T17:55:24.804+03:00 TRACE 18848 --- [auction] [http-nio-8080-exec-9] o.s.security.web.FilterChainProxy        : Invoking RequestCacheAwareFilter (7/11)
2025-11-30T17:55:24.805+03:00 TRACE 18848 --- [auction] [http-nio-8080-exec-9] o.s.s.w.s.HttpSessionRequestCache        : matchingRequestParameterName is required for getMatchingRequest to lookup a value, but not provided
2025-11-30T17:55:24.808+03:00 TRACE 18848 --- [auction] [http-nio-8080-exec-9] o.s.security.web.FilterChainProxy        : Invoking SecurityContextHolderAwareRequestFilter (8/11)
2025-11-30T17:55:24.808+03:00 TRACE 18848 --- [auction] [http-nio-8080-exec-9] o.s.security.web.FilterChainProxy        : Invoking AnonymousAuthenticationFilter (9/11)
2025-11-30T17:55:24.810+03:00 TRACE 18848 --- [auction] [http-nio-8080-exec-9] o.s.security.web.FilterChainProxy        : Invoking ExceptionTranslationFilter (10/11)
2025-11-30T17:55:24.811+03:00 TRACE 18848 --- [auction] [http-nio-8080-exec-9] o.s.security.web.FilterChainProxy        : Invoking AuthorizationFilter (11/11)
2025-11-30T17:55:24.811+03:00 TRACE 18848 --- [auction] [http-nio-8080-exec-9] estMatcherDelegatingAuthorizationManager : Authorizing POST /signup
2025-11-30T17:55:24.812+03:00 TRACE 18848 --- [auction] [http-nio-8080-exec-9] estMatcherDelegatingAuthorizationManager : Checking authorization on POST /signup using org.springframework.security.authorization.SingleResultAuthorizationManager@59e820b8
2025-11-30T17:55:24.813+03:00 DEBUG 18848 --- [auction] [http-nio-8080-exec-9] o.s.security.web.FilterChainProxy        : Secured POST /signup
2025-11-30T17:55:24.814+03:00 TRACE 18848 --- [auction] [http-nio-8080-exec-9] o.s.s.w.header.writers.HstsHeaderWriter  : Not injecting HSTS header since it did not match request to [Is Secure]
2025-11-30T17:55:24.965+03:00 TRACE 18848 --- [auction] [http-nio-8080-exec-3] o.s.security.web.FilterChainProxy        : Trying to match request against DefaultSecurityFilterChain defined as 'filterChain' in [class path resource [com/project/auction/config/WebSecurityConfig.class]] matching [any request] and having filters [DisableEncodeUrl, WebAsyncManagerIntegration, SecurityContextHolder, HeaderWriter, Cors, Logout, RequestCacheAware, SecurityContextHolderAwareRequest, AnonymousAuthentication, ExceptionTranslation, Authorization] (1/1)
2025-11-30T17:55:24.965+03:00 DEBUG 18848 --- [auction] [http-nio-8080-exec-3] o.s.security.web.FilterChainProxy        : Securing POST /signup
2025-11-30T17:55:24.965+03:00 TRACE 18848 --- [auction] [http-nio-8080-exec-3] o.s.security.web.FilterChainProxy        : Invoking DisableEncodeUrlFilter (1/11)
2025-11-30T17:55:24.965+03:00 TRACE 18848 --- [auction] [http-nio-8080-exec-3] o.s.security.web.FilterChainProxy        : Invoking WebAsyncManagerIntegrationFilter (2/11)
2025-11-30T17:55:24.965+03:00 TRACE 18848 --- [auction] [http-nio-8080-exec-3] o.s.security.web.FilterChainProxy        : Invoking SecurityContextHolderFilter (3/11)
2025-11-30T17:55:24.965+03:00 TRACE 18848 --- [auction] [http-nio-8080-exec-3] o.s.security.web.FilterChainProxy        : Invoking HeaderWriterFilter (4/11)
2025-11-30T17:55:24.965+03:00 TRACE 18848 --- [auction] [http-nio-8080-exec-3] o.s.security.web.FilterChainProxy        : Invoking CorsFilter (5/11)
2025-11-30T17:55:24.965+03:00 TRACE 18848 --- [auction] [http-nio-8080-exec-3] o.s.security.web.FilterChainProxy        : Invoking LogoutFilter (6/11)
2025-11-30T17:55:24.965+03:00 TRACE 18848 --- [auction] [http-nio-8080-exec-3] o.s.s.w.a.logout.LogoutFilter            : Did not match request to Or [PathPattern [GET /logout], PathPattern [POST /logout], PathPattern [PUT /logout], PathPattern [DELETE /logout]]
2025-11-30T17:55:24.965+03:00 TRACE 18848 --- [auction] [http-nio-8080-exec-3] o.s.security.web.FilterChainProxy        : Invoking RequestCacheAwareFilter (7/11)
2025-11-30T17:55:24.965+03:00 TRACE 18848 --- [auction] [http-nio-8080-exec-3] o.s.s.w.s.HttpSessionRequestCache        : matchingRequestParameterName is required for getMatchingRequest to lookup a value, but not provided
2025-11-30T17:55:24.974+03:00 TRACE 18848 --- [auction] [http-nio-8080-exec-3] o.s.security.web.FilterChainProxy        : Invoking SecurityContextHolderAwareRequestFilter (8/11)
2025-11-30T17:55:24.974+03:00 TRACE 18848 --- [auction] [http-nio-8080-exec-3] o.s.security.web.FilterChainProxy        : Invoking AnonymousAuthenticationFilter (9/11)
2025-11-30T17:55:24.974+03:00 TRACE 18848 --- [auction] [http-nio-8080-exec-3] o.s.security.web.FilterChainProxy        : Invoking ExceptionTranslationFilter (10/11)
2025-11-30T17:55:24.974+03:00 TRACE 18848 --- [auction] [http-nio-8080-exec-3] o.s.security.web.FilterChainProxy        : Invoking AuthorizationFilter (11/11)
2025-11-30T17:55:24.974+03:00 TRACE 18848 --- [auction] [http-nio-8080-exec-3] estMatcherDelegatingAuthorizationManager : Authorizing POST /signup
2025-11-30T17:55:24.974+03:00 TRACE 18848 --- [auction] [http-nio-8080-exec-3] estMatcherDelegatingAuthorizationManager : Checking authorization on POST /signup using org.springframework.security.authorization.SingleResultAuthorizationManager@59e820b8
2025-11-30T17:55:24.974+03:00 DEBUG 18848 --- [auction] [http-nio-8080-exec-3] o.s.security.web.FilterChainProxy        : Secured POST /signup
2025-11-30T17:55:24.974+03:00 TRACE 18848 --- [auction] [http-nio-8080-exec-3] o.s.s.w.header.writers.HstsHeaderWriter  : Not injecting HSTS header since it did not match request to [Is Secure]
2025-11-30T17:55:25.119+03:00 TRACE 18848 --- [auction] [http-nio-8080-exec-10] o.s.security.web.FilterChainProxy        : Trying to match request against DefaultSecurityFilterChain defined as 'filterChain' in [class path resource [com/project/auction/config/WebSecurityConfig.class]] matching [any request] and having filters [DisableEncodeUrl, WebAsyncManagerIntegration, SecurityContextHolder, HeaderWriter, Cors, Logout, RequestCacheAware, SecurityContextHolderAwareRequest, AnonymousAuthentication, ExceptionTranslation, Authorization] (1/1)
2025-11-30T17:55:25.120+03:00 DEBUG 18848 --- [auction] [http-nio-8080-exec-10] o.s.security.web.FilterChainProxy        : Securing POST /signup
2025-11-30T17:55:25.120+03:00 TRACE 18848 --- [auction] [http-nio-8080-exec-10] o.s.security.web.FilterChainProxy        : Invoking DisableEncodeUrlFilter (1/11)
2025-11-30T17:55:25.121+03:00 TRACE 18848 --- [auction] [http-nio-8080-exec-10] o.s.security.web.FilterChainProxy        : Invoking WebAsyncManagerIntegrationFilter (2/11)
2025-11-30T17:55:25.121+03:00 TRACE 18848 --- [auction] [http-nio-8080-exec-10] o.s.security.web.FilterChainProxy        : Invoking SecurityContextHolderFilter (3/11)
2025-11-30T17:55:25.122+03:00 TRACE 18848 --- [auction] [http-nio-8080-exec-10] o.s.security.web.FilterChainProxy        : Invoking HeaderWriterFilter (4/11)
2025-11-30T17:55:25.122+03:00 TRACE 18848 --- [auction] [http-nio-8080-exec-10] o.s.security.web.FilterChainProxy        : Invoking CorsFilter (5/11)
2025-11-30T17:55:25.123+03:00 TRACE 18848 --- [auction] [http-nio-8080-exec-10] o.s.security.web.FilterChainProxy        : Invoking LogoutFilter (6/11)
2025-11-30T17:55:25.124+03:00 TRACE 18848 --- [auction] [http-nio-8080-exec-10] o.s.s.w.a.logout.LogoutFilter            : Did not match request to Or [PathPattern [GET /logout], PathPattern [POST /logout], PathPattern [PUT /logout], PathPattern [DELETE /logout]]
2025-11-30T17:55:25.125+03:00 TRACE 18848 --- [auction] [http-nio-8080-exec-10] o.s.security.web.FilterChainProxy        : Invoking RequestCacheAwareFilter (7/11)
2025-11-30T17:55:25.125+03:00 TRACE 18848 --- [auction] [http-nio-8080-exec-10] o.s.s.w.s.HttpSessionRequestCache        : matchingRequestParameterName is required for getMatchingRequest to lookup a value, but not provided
2025-11-30T17:55:25.127+03:00 TRACE 18848 --- [auction] [http-nio-8080-exec-10] o.s.security.web.FilterChainProxy        : Invoking SecurityContextHolderAwareRequestFilter (8/11)
2025-11-30T17:55:25.128+03:00 TRACE 18848 --- [auction] [http-nio-8080-exec-10] o.s.security.web.FilterChainProxy        : Invoking AnonymousAuthenticationFilter (9/11)
2025-11-30T17:55:25.129+03:00 TRACE 18848 --- [auction] [http-nio-8080-exec-10] o.s.security.web.FilterChainProxy        : Invoking ExceptionTranslationFilter (10/11)
2025-11-30T17:55:25.130+03:00 TRACE 18848 --- [auction] [http-nio-8080-exec-10] o.s.security.web.FilterChainProxy        : Invoking AuthorizationFilter (11/11)
2025-11-30T17:55:25.131+03:00 TRACE 18848 --- [auction] [http-nio-8080-exec-10] estMatcherDelegatingAuthorizationManager : Authorizing POST /signup
2025-11-30T17:55:25.132+03:00 TRACE 18848 --- [auction] [http-nio-8080-exec-10] estMatcherDelegatingAuthorizationManager : Checking authorization on POST /signup using org.springframework.security.authorization.SingleResultAuthorizationManager@59e820b8
2025-11-30T17:55:25.133+03:00 DEBUG 18848 --- [auction] [http-nio-8080-exec-10] o.s.security.web.FilterChainProxy        : Secured POST /signup
2025-11-30T17:55:25.134+03:00 TRACE 18848 --- [auction] [http-nio-8080-exec-10] o.s.s.w.header.writers.HstsHeaderWriter  : Not injecting HSTS header since it did not match request to [Is Secure]
2025-11-30T17:55:25.271+03:00 TRACE 18848 --- [auction] [http-nio-8080-exec-4] o.s.security.web.FilterChainProxy        : Trying to match request against DefaultSecurityFilterChain defined as 'filterChain' in [class path resource [com/project/auction/config/WebSecurityConfig.class]] matching [any request] and having filters [DisableEncodeUrl, WebAsyncManagerIntegration, SecurityContextHolder, HeaderWriter, Cors, Logout, RequestCacheAware, SecurityContextHolderAwareRequest, AnonymousAuthentication, ExceptionTranslation, Authorization] (1/1)
2025-11-30T17:55:25.272+03:00 DEBUG 18848 --- [auction] [http-nio-8080-exec-4] o.s.security.web.FilterChainProxy        : Securing POST /signup
2025-11-30T17:55:25.273+03:00 TRACE 18848 --- [auction] [http-nio-8080-exec-4] o.s.security.web.FilterChainProxy        : Invoking DisableEncodeUrlFilter (1/11)
2025-11-30T17:55:25.274+03:00 TRACE 18848 --- [auction] [http-nio-8080-exec-4] o.s.security.web.FilterChainProxy        : Invoking WebAsyncManagerIntegrationFilter (2/11)
2025-11-30T17:55:25.275+03:00 TRACE 18848 --- [auction] [http-nio-8080-exec-4] o.s.security.web.FilterChainProxy        : Invoking SecurityContextHolderFilter (3/11)
2025-11-30T17:55:25.277+03:00 TRACE 18848 --- [auction] [http-nio-8080-exec-4] o.s.security.web.FilterChainProxy        : Invoking HeaderWriterFilter (4/11)
2025-11-30T17:55:25.279+03:00 TRACE 18848 --- [auction] [http-nio-8080-exec-4] o.s.security.web.FilterChainProxy        : Invoking CorsFilter (5/11)
2025-11-30T17:55:25.281+03:00 TRACE 18848 --- [auction] [http-nio-8080-exec-4] o.s.security.web.FilterChainProxy        : Invoking LogoutFilter (6/11)
2025-11-30T17:55:25.282+03:00 TRACE 18848 --- [auction] [http-nio-8080-exec-4] o.s.s.w.a.logout.LogoutFilter            : Did not match request to Or [PathPattern [GET /logout], PathPattern [POST /logout], PathPattern [PUT /logout], PathPattern [DELETE /logout]]
2025-11-30T17:55:25.284+03:00 TRACE 18848 --- [auction] [http-nio-8080-exec-4] o.s.security.web.FilterChainProxy        : Invoking RequestCacheAwareFilter (7/11)
2025-11-30T17:55:25.285+03:00 TRACE 18848 --- [auction] [http-nio-8080-exec-4] o.s.s.w.s.HttpSessionRequestCache        : matchingRequestParameterName is required for getMatchingRequest to lookup a value, but not provided
2025-11-30T17:55:25.286+03:00 TRACE 18848 --- [auction] [http-nio-8080-exec-4] o.s.security.web.FilterChainProxy        : Invoking SecurityContextHolderAwareRequestFilter (8/11)
2025-11-30T17:55:25.286+03:00 TRACE 18848 --- [auction] [http-nio-8080-exec-4] o.s.security.web.FilterChainProxy        : Invoking AnonymousAuthenticationFilter (9/11)
2025-11-30T17:55:25.287+03:00 TRACE 18848 --- [auction] [http-nio-8080-exec-4] o.s.security.web.FilterChainProxy        : Invoking ExceptionTranslationFilter (10/11)
2025-11-30T17:55:25.287+03:00 TRACE 18848 --- [auction] [http-nio-8080-exec-4] o.s.security.web.FilterChainProxy        : Invoking AuthorizationFilter (11/11)
2025-11-30T17:55:25.288+03:00 TRACE 18848 --- [auction] [http-nio-8080-exec-4] estMatcherDelegatingAuthorizationManager : Authorizing POST /signup
2025-11-30T17:55:25.289+03:00 TRACE 18848 --- [auction] [http-nio-8080-exec-4] estMatcherDelegatingAuthorizationManager : Checking authorization on POST /signup using org.springframework.security.authorization.SingleResultAuthorizationManager@59e820b8
2025-11-30T17:55:25.290+03:00 DEBUG 18848 --- [auction] [http-nio-8080-exec-4] o.s.security.web.FilterChainProxy        : Secured POST /signup
2025-11-30T17:55:25.291+03:00 TRACE 18848 --- [auction] [http-nio-8080-exec-4] o.s.s.w.header.writers.HstsHeaderWriter  : Not injecting HSTS header since it did not match request to [Is Secure]
2025-11-30T17:55:25.425+03:00 TRACE 18848 --- [auction] [http-nio-8080-exec-1] o.s.security.web.FilterChainProxy        : Trying to match request against DefaultSecurityFilterChain defined as 'filterChain' in [class path resource [com/project/auction/config/WebSecurityConfig.class]] matching [any request] and having filters [DisableEncodeUrl, WebAsyncManagerIntegration, SecurityContextHolder, HeaderWriter, Cors, Logout, RequestCacheAware, SecurityContextHolderAwareRequest, AnonymousAuthentication, ExceptionTranslation, Authorization] (1/1)
2025-11-30T17:55:25.426+03:00 DEBUG 18848 --- [auction] [http-nio-8080-exec-1] o.s.security.web.FilterChainProxy        : Securing POST /signup
2025-11-30T17:55:25.427+03:00 TRACE 18848 --- [auction] [http-nio-8080-exec-1] o.s.security.web.FilterChainProxy        : Invoking DisableEncodeUrlFilter (1/11)
2025-11-30T17:55:25.428+03:00 TRACE 18848 --- [auction] [http-nio-8080-exec-1] o.s.security.web.FilterChainProxy        : Invoking WebAsyncManagerIntegrationFilter (2/11)
2025-11-30T17:55:25.428+03:00 TRACE 18848 --- [auction] [http-nio-8080-exec-1] o.s.security.web.FilterChainProxy        : Invoking SecurityContextHolderFilter (3/11)
2025-11-30T17:55:25.429+03:00 TRACE 18848 --- [auction] [http-nio-8080-exec-1] o.s.security.web.FilterChainProxy        : Invoking HeaderWriterFilter (4/11)
2025-11-30T17:55:25.429+03:00 TRACE 18848 --- [auction] [http-nio-8080-exec-1] o.s.security.web.FilterChainProxy        : Invoking CorsFilter (5/11)
2025-11-30T17:55:25.430+03:00 TRACE 18848 --- [auction] [http-nio-8080-exec-1] o.s.security.web.FilterChainProxy        : Invoking LogoutFilter (6/11)
2025-11-30T17:55:25.431+03:00 TRACE 18848 --- [auction] [http-nio-8080-exec-1] o.s.s.w.a.logout.LogoutFilter            : Did not match request to Or [PathPattern [GET /logout], PathPattern [POST /logout], PathPattern [PUT /logout], PathPattern [DELETE /logout]]
2025-11-30T17:55:25.432+03:00 TRACE 18848 --- [auction] [http-nio-8080-exec-1] o.s.security.web.FilterChainProxy        : Invoking RequestCacheAwareFilter (7/11)
2025-11-30T17:55:25.432+03:00 TRACE 18848 --- [auction] [http-nio-8080-exec-1] o.s.s.w.s.HttpSessionRequestCache        : matchingRequestParameterName is required for getMatchingRequest to lookup a value, but not provided
2025-11-30T17:55:25.433+03:00 TRACE 18848 --- [auction] [http-nio-8080-exec-1] o.s.security.web.FilterChainProxy        : Invoking SecurityContextHolderAwareRequestFilter (8/11)
2025-11-30T17:55:25.433+03:00 TRACE 18848 --- [auction] [http-nio-8080-exec-1] o.s.security.web.FilterChainProxy        : Invoking AnonymousAuthenticationFilter (9/11)
2025-11-30T17:55:25.434+03:00 TRACE 18848 --- [auction] [http-nio-8080-exec-1] o.s.security.web.FilterChainProxy        : Invoking ExceptionTranslationFilter (10/11)
2025-11-30T17:55:25.434+03:00 TRACE 18848 --- [auction] [http-nio-8080-exec-1] o.s.security.web.FilterChainProxy        : Invoking AuthorizationFilter (11/11)
2025-11-30T17:55:25.435+03:00 TRACE 18848 --- [auction] [http-nio-8080-exec-1] estMatcherDelegatingAuthorizationManager : Authorizing POST /signup
2025-11-30T17:55:25.436+03:00 TRACE 18848 --- [auction] [http-nio-8080-exec-1] estMatcherDelegatingAuthorizationManager : Checking authorization on POST /signup using org.springframework.security.authorization.SingleResultAuthorizationManager@59e820b8
2025-11-30T17:55:25.437+03:00 DEBUG 18848 --- [auction] [http-nio-8080-exec-1] o.s.security.web.FilterChainProxy        : Secured POST /signup
2025-11-30T17:55:25.438+03:00 TRACE 18848 --- [auction] [http-nio-8080-exec-1] o.s.s.w.header.writers.HstsHeaderWriter  : Not injecting HSTS header since it did not match request to [Is Secure]
2025-11-30T17:55:25.570+03:00 TRACE 18848 --- [auction] [http-nio-8080-exec-7] o.s.security.web.FilterChainProxy        : Trying to match request against DefaultSecurityFilterChain defined as 'filterChain' in [class path resource [com/project/auction/config/WebSecurityConfig.class]] matching [any request] and having filters [DisableEncodeUrl, WebAsyncManagerIntegration, SecurityContextHolder, HeaderWriter, Cors, Logout, RequestCacheAware, SecurityContextHolderAwareRequest, AnonymousAuthentication, ExceptionTranslation, Authorization] (1/1)
2025-11-30T17:55:25.571+03:00 DEBUG 18848 --- [auction] [http-nio-8080-exec-7] o.s.security.web.FilterChainProxy        : Securing POST /signup
2025-11-30T17:55:25.572+03:00 TRACE 18848 --- [auction] [http-nio-8080-exec-7] o.s.security.web.FilterChainProxy        : Invoking DisableEncodeUrlFilter (1/11)
2025-11-30T17:55:25.572+03:00 TRACE 18848 --- [auction] [http-nio-8080-exec-7] o.s.security.web.FilterChainProxy        : Invoking WebAsyncManagerIntegrationFilter (2/11)
2025-11-30T17:55:25.573+03:00 TRACE 18848 --- [auction] [http-nio-8080-exec-7] o.s.security.web.FilterChainProxy        : Invoking SecurityContextHolderFilter (3/11)
2025-11-30T17:55:25.573+03:00 TRACE 18848 --- [auction] [http-nio-8080-exec-7] o.s.security.web.FilterChainProxy        : Invoking HeaderWriterFilter (4/11)
2025-11-30T17:55:25.574+03:00 TRACE 18848 --- [auction] [http-nio-8080-exec-7] o.s.security.web.FilterChainProxy        : Invoking CorsFilter (5/11)
2025-11-30T17:55:25.575+03:00 TRACE 18848 --- [auction] [http-nio-8080-exec-7] o.s.security.web.FilterChainProxy        : Invoking LogoutFilter (6/11)
2025-11-30T17:55:25.576+03:00 TRACE 18848 --- [auction] [http-nio-8080-exec-7] o.s.s.w.a.logout.LogoutFilter            : Did not match request to Or [PathPattern [GET /logout], PathPattern [POST /logout], PathPattern [PUT /logout], PathPattern [DELETE /logout]]
2025-11-30T17:55:25.578+03:00 TRACE 18848 --- [auction] [http-nio-8080-exec-7] o.s.security.web.FilterChainProxy        : Invoking RequestCacheAwareFilter (7/11)
2025-11-30T17:55:25.578+03:00 TRACE 18848 --- [auction] [http-nio-8080-exec-7] o.s.s.w.s.HttpSessionRequestCache        : matchingRequestParameterName is required for getMatchingRequest to lookup a value, but not provided
2025-11-30T17:55:25.579+03:00 TRACE 18848 --- [auction] [http-nio-8080-exec-7] o.s.security.web.FilterChainProxy        : Invoking SecurityContextHolderAwareRequestFilter (8/11)
2025-11-30T17:55:25.580+03:00 TRACE 18848 --- [auction] [http-nio-8080-exec-7] o.s.security.web.FilterChainProxy        : Invoking AnonymousAuthenticationFilter (9/11)
2025-11-30T17:55:25.581+03:00 TRACE 18848 --- [auction] [http-nio-8080-exec-7] o.s.security.web.FilterChainProxy        : Invoking ExceptionTranslationFilter (10/11)
2025-11-30T17:55:25.581+03:00 TRACE 18848 --- [auction] [http-nio-8080-exec-7] o.s.security.web.FilterChainProxy        : Invoking AuthorizationFilter (11/11)
2025-11-30T17:55:25.582+03:00 TRACE 18848 --- [auction] [http-nio-8080-exec-7] estMatcherDelegatingAuthorizationManager : Authorizing POST /signup
2025-11-30T17:55:25.582+03:00 TRACE 18848 --- [auction] [http-nio-8080-exec-7] estMatcherDelegatingAuthorizationManager : Checking authorization on POST /signup using org.springframework.security.authorization.SingleResultAuthorizationManager@59e820b8
2025-11-30T17:55:25.583+03:00 DEBUG 18848 --- [auction] [http-nio-8080-exec-7] o.s.security.web.FilterChainProxy        : Secured POST /signup
2025-11-30T17:55:25.584+03:00 TRACE 18848 --- [auction] [http-nio-8080-exec-7] o.s.s.w.header.writers.HstsHeaderWriter  : Not injecting HSTS header since it did not match request to [Is Secure]
2025-11-30T17:55:25.722+03:00 TRACE 18848 --- [auction] [http-nio-8080-exec-5] o.s.security.web.FilterChainProxy        : Trying to match request against DefaultSecurityFilterChain defined as 'filterChain' in [class path resource [com/project/auction/config/WebSecurityConfig.class]] matching [any request] and having filters [DisableEncodeUrl, WebAsyncManagerIntegration, SecurityContextHolder, HeaderWriter, Cors, Logout, RequestCacheAware, SecurityContextHolderAwareRequest, AnonymousAuthentication, ExceptionTranslation, Authorization] (1/1)
2025-11-30T17:55:25.722+03:00 DEBUG 18848 --- [auction] [http-nio-8080-exec-5] o.s.security.web.FilterChainProxy        : Securing POST /signup
2025-11-30T17:55:25.722+03:00 TRACE 18848 --- [auction] [http-nio-8080-exec-5] o.s.security.web.FilterChainProxy        : Invoking DisableEncodeUrlFilter (1/11)
2025-11-30T17:55:25.726+03:00 TRACE 18848 --- [auction] [http-nio-8080-exec-5] o.s.security.web.FilterChainProxy        : Invoking WebAsyncManagerIntegrationFilter (2/11)
2025-11-30T17:55:25.726+03:00 TRACE 18848 --- [auction] [http-nio-8080-exec-5] o.s.security.web.FilterChainProxy        : Invoking SecurityContextHolderFilter (3/11)
2025-11-30T17:55:25.726+03:00 TRACE 18848 --- [auction] [http-nio-8080-exec-5] o.s.security.web.FilterChainProxy        : Invoking HeaderWriterFilter (4/11)
2025-11-30T17:55:25.726+03:00 TRACE 18848 --- [auction] [http-nio-8080-exec-5] o.s.security.web.FilterChainProxy        : Invoking CorsFilter (5/11)
2025-11-30T17:55:25.726+03:00 TRACE 18848 --- [auction] [http-nio-8080-exec-5] o.s.security.web.FilterChainProxy        : Invoking LogoutFilter (6/11)
2025-11-30T17:55:25.726+03:00 TRACE 18848 --- [auction] [http-nio-8080-exec-5] o.s.s.w.a.logout.LogoutFilter            : Did not match request to Or [PathPattern [GET /logout], PathPattern [POST /logout], PathPattern [PUT /logout], PathPattern [DELETE /logout]]
2025-11-30T17:55:25.726+03:00 TRACE 18848 --- [auction] [http-nio-8080-exec-5] o.s.security.web.FilterChainProxy        : Invoking RequestCacheAwareFilter (7/11)
2025-11-30T17:55:25.726+03:00 TRACE 18848 --- [auction] [http-nio-8080-exec-5] o.s.s.w.s.HttpSessionRequestCache        : matchingRequestParameterName is required for getMatchingRequest to lookup a value, but not provided
2025-11-30T17:55:25.726+03:00 TRACE 18848 --- [auction] [http-nio-8080-exec-5] o.s.security.web.FilterChainProxy        : Invoking SecurityContextHolderAwareRequestFilter (8/11)
2025-11-30T17:55:25.734+03:00 TRACE 18848 --- [auction] [http-nio-8080-exec-5] o.s.security.web.FilterChainProxy        : Invoking AnonymousAuthenticationFilter (9/11)
2025-11-30T17:55:25.734+03:00 TRACE 18848 --- [auction] [http-nio-8080-exec-5] o.s.security.web.FilterChainProxy        : Invoking ExceptionTranslationFilter (10/11)
2025-11-30T17:55:25.734+03:00 TRACE 18848 --- [auction] [http-nio-8080-exec-5] o.s.security.web.FilterChainProxy        : Invoking AuthorizationFilter (11/11)
2025-11-30T17:55:25.734+03:00 TRACE 18848 --- [auction] [http-nio-8080-exec-5] estMatcherDelegatingAuthorizationManager : Authorizing POST /signup
2025-11-30T17:55:25.734+03:00 TRACE 18848 --- [auction] [http-nio-8080-exec-5] estMatcherDelegatingAuthorizationManager : Checking authorization on POST /signup using org.springframework.security.authorization.SingleResultAuthorizationManager@59e820b8
2025-11-30T17:55:25.734+03:00 DEBUG 18848 --- [auction] [http-nio-8080-exec-5] o.s.security.web.FilterChainProxy        : Secured POST /signup
2025-11-30T17:55:25.742+03:00 TRACE 18848 --- [auction] [http-nio-8080-exec-5] o.s.s.w.header.writers.HstsHeaderWriter  : Not injecting HSTS header since it did not match request to [Is Secure]
2025-11-30T17:55:25.875+03:00 TRACE 18848 --- [auction] [http-nio-8080-exec-6] o.s.security.web.FilterChainProxy        : Trying to match request against DefaultSecurityFilterChain defined as 'filterChain' in [class path resource [com/project/auction/config/WebSecurityConfig.class]] matching [any request] and having filters [DisableEncodeUrl, WebAsyncManagerIntegration, SecurityContextHolder, HeaderWriter, Cors, Logout, RequestCacheAware, SecurityContextHolderAwareRequest, AnonymousAuthentication, ExceptionTranslation, Authorization] (1/1)
2025-11-30T17:55:25.877+03:00 DEBUG 18848 --- [auction] [http-nio-8080-exec-6] o.s.security.web.FilterChainProxy        : Securing POST /signup
2025-11-30T17:55:25.878+03:00 TRACE 18848 --- [auction] [http-nio-8080-exec-6] o.s.security.web.FilterChainProxy        : Invoking DisableEncodeUrlFilter (1/11)
2025-11-30T17:55:25.878+03:00 TRACE 18848 --- [auction] [http-nio-8080-exec-6] o.s.security.web.FilterChainProxy        : Invoking WebAsyncManagerIntegrationFilter (2/11)
2025-11-30T17:55:25.879+03:00 TRACE 18848 --- [auction] [http-nio-8080-exec-6] o.s.security.web.FilterChainProxy        : Invoking SecurityContextHolderFilter (3/11)
2025-11-30T17:55:25.879+03:00 TRACE 18848 --- [auction] [http-nio-8080-exec-6] o.s.security.web.FilterChainProxy        : Invoking HeaderWriterFilter (4/11)
2025-11-30T17:55:25.880+03:00 TRACE 18848 --- [auction] [http-nio-8080-exec-6] o.s.security.web.FilterChainProxy        : Invoking CorsFilter (5/11)
2025-11-30T17:55:25.881+03:00 TRACE 18848 --- [auction] [http-nio-8080-exec-6] o.s.security.web.FilterChainProxy        : Invoking LogoutFilter (6/11)
2025-11-30T17:55:25.882+03:00 TRACE 18848 --- [auction] [http-nio-8080-exec-6] o.s.s.w.a.logout.LogoutFilter            : Did not match request to Or [PathPattern [GET /logout], PathPattern [POST /logout], PathPattern [PUT /logout], PathPattern [DELETE /logout]]
2025-11-30T17:55:25.882+03:00 TRACE 18848 --- [auction] [http-nio-8080-exec-6] o.s.security.web.FilterChainProxy        : Invoking RequestCacheAwareFilter (7/11)
2025-11-30T17:55:25.883+03:00 TRACE 18848 --- [auction] [http-nio-8080-exec-6] o.s.s.w.s.HttpSessionRequestCache        : matchingRequestParameterName is required for getMatchingRequest to lookup a value, but not provided
2025-11-30T17:55:25.883+03:00 TRACE 18848 --- [auction] [http-nio-8080-exec-6] o.s.security.web.FilterChainProxy        : Invoking SecurityContextHolderAwareRequestFilter (8/11)
2025-11-30T17:55:25.884+03:00 TRACE 18848 --- [auction] [http-nio-8080-exec-6] o.s.security.web.FilterChainProxy        : Invoking AnonymousAuthenticationFilter (9/11)
2025-11-30T17:55:25.885+03:00 TRACE 18848 --- [auction] [http-nio-8080-exec-6] o.s.security.web.FilterChainProxy        : Invoking ExceptionTranslationFilter (10/11)
2025-11-30T17:55:25.885+03:00 TRACE 18848 --- [auction] [http-nio-8080-exec-6] o.s.security.web.FilterChainProxy        : Invoking AuthorizationFilter (11/11)
2025-11-30T17:55:25.886+03:00 TRACE 18848 --- [auction] [http-nio-8080-exec-6] estMatcherDelegatingAuthorizationManager : Authorizing POST /signup
2025-11-30T17:55:25.886+03:00 TRACE 18848 --- [auction] [http-nio-8080-exec-6] estMatcherDelegatingAuthorizationManager : Checking authorization on POST /signup using org.springframework.security.authorization.SingleResultAuthorizationManager@59e820b8
2025-11-30T17:55:25.887+03:00 DEBUG 18848 --- [auction] [http-nio-8080-exec-6] o.s.security.web.FilterChainProxy        : Secured POST /signup
2025-11-30T17:55:25.888+03:00 TRACE 18848 --- [auction] [http-nio-8080-exec-6] o.s.s.w.header.writers.HstsHeaderWriter  : Not injecting HSTS header since it did not match request to [Is Secure]
2025-11-30T17:55:26.034+03:00 TRACE 18848 --- [auction] [http-nio-8080-exec-2] o.s.security.web.FilterChainProxy        : Trying to match request against DefaultSecurityFilterChain defined as 'filterChain' in [class path resource [com/project/auction/config/WebSecurityConfig.class]] matching [any request] and having filters [DisableEncodeUrl, WebAsyncManagerIntegration, SecurityContextHolder, HeaderWriter, Cors, Logout, RequestCacheAware, SecurityContextHolderAwareRequest, AnonymousAuthentication, ExceptionTranslation, Authorization] (1/1)
2025-11-30T17:55:26.035+03:00 DEBUG 18848 --- [auction] [http-nio-8080-exec-2] o.s.security.web.FilterChainProxy        : Securing POST /signup
2025-11-30T17:55:26.036+03:00 TRACE 18848 --- [auction] [http-nio-8080-exec-2] o.s.security.web.FilterChainProxy        : Invoking DisableEncodeUrlFilter (1/11)
2025-11-30T17:55:26.036+03:00 TRACE 18848 --- [auction] [http-nio-8080-exec-2] o.s.security.web.FilterChainProxy        : Invoking WebAsyncManagerIntegrationFilter (2/11)
2025-11-30T17:55:26.037+03:00 TRACE 18848 --- [auction] [http-nio-8080-exec-2] o.s.security.web.FilterChainProxy        : Invoking SecurityContextHolderFilter (3/11)
2025-11-30T17:55:26.037+03:00 TRACE 18848 --- [auction] [http-nio-8080-exec-2] o.s.security.web.FilterChainProxy        : Invoking HeaderWriterFilter (4/11)
2025-11-30T17:55:26.038+03:00 TRACE 18848 --- [auction] [http-nio-8080-exec-2] o.s.security.web.FilterChainProxy        : Invoking CorsFilter (5/11)
2025-11-30T17:55:26.039+03:00 TRACE 18848 --- [auction] [http-nio-8080-exec-2] o.s.security.web.FilterChainProxy        : Invoking LogoutFilter (6/11)
2025-11-30T17:55:26.039+03:00 TRACE 18848 --- [auction] [http-nio-8080-exec-2] o.s.s.w.a.logout.LogoutFilter            : Did not match request to Or [PathPattern [GET /logout], PathPattern [POST /logout], PathPattern [PUT /logout], PathPattern [DELETE /logout]]
2025-11-30T17:55:26.039+03:00 TRACE 18848 --- [auction] [http-nio-8080-exec-2] o.s.security.web.FilterChainProxy        : Invoking RequestCacheAwareFilter (7/11)
2025-11-30T17:55:26.040+03:00 TRACE 18848 --- [auction] [http-nio-8080-exec-2] o.s.s.w.s.HttpSessionRequestCache        : matchingRequestParameterName is required for getMatchingRequest to lookup a value, but not provided
2025-11-30T17:55:26.041+03:00 TRACE 18848 --- [auction] [http-nio-8080-exec-2] o.s.security.web.FilterChainProxy        : Invoking SecurityContextHolderAwareRequestFilter (8/11)
2025-11-30T17:55:26.042+03:00 TRACE 18848 --- [auction] [http-nio-8080-exec-2] o.s.security.web.FilterChainProxy        : Invoking AnonymousAuthenticationFilter (9/11)
2025-11-30T17:55:26.044+03:00 TRACE 18848 --- [auction] [http-nio-8080-exec-2] o.s.security.web.FilterChainProxy        : Invoking ExceptionTranslationFilter (10/11)
2025-11-30T17:55:26.047+03:00 TRACE 18848 --- [auction] [http-nio-8080-exec-2] o.s.security.web.FilterChainProxy        : Invoking AuthorizationFilter (11/11)
2025-11-30T17:55:26.049+03:00 TRACE 18848 --- [auction] [http-nio-8080-exec-2] estMatcherDelegatingAuthorizationManager : Authorizing POST /signup
2025-11-30T17:55:26.049+03:00 TRACE 18848 --- [auction] [http-nio-8080-exec-2] estMatcherDelegatingAuthorizationManager : Checking authorization on POST /signup using org.springframework.security.authorization.SingleResultAuthorizationManager@59e820b8
2025-11-30T17:55:26.049+03:00 DEBUG 18848 --- [auction] [http-nio-8080-exec-2] o.s.security.web.FilterChainProxy        : Secured POST /signup
2025-11-30T17:55:26.051+03:00 TRACE 18848 --- [auction] [http-nio-8080-exec-2] o.s.s.w.header.writers.HstsHeaderWriter  : Not injecting HSTS header since it did not match request to [Is Secure]
2025-11-30T17:55:26.183+03:00 TRACE 18848 --- [auction] [http-nio-8080-exec-8] o.s.security.web.FilterChainProxy        : Trying to match request against DefaultSecurityFilterChain defined as 'filterChain' in [class path resource [com/project/auction/config/WebSecurityConfig.class]] matching [any request] and having filters [DisableEncodeUrl, WebAsyncManagerIntegration, SecurityContextHolder, HeaderWriter, Cors, Logout, RequestCacheAware, SecurityContextHolderAwareRequest, AnonymousAuthentication, ExceptionTranslation, Authorization] (1/1)
2025-11-30T17:55:26.184+03:00 DEBUG 18848 --- [auction] [http-nio-8080-exec-8] o.s.security.web.FilterChainProxy        : Securing POST /signup
2025-11-30T17:55:26.184+03:00 TRACE 18848 --- [auction] [http-nio-8080-exec-8] o.s.security.web.FilterChainProxy        : Invoking DisableEncodeUrlFilter (1/11)
2025-11-30T17:55:26.185+03:00 TRACE 18848 --- [auction] [http-nio-8080-exec-8] o.s.security.web.FilterChainProxy        : Invoking WebAsyncManagerIntegrationFilter (2/11)
2025-11-30T17:55:26.185+03:00 TRACE 18848 --- [auction] [http-nio-8080-exec-8] o.s.security.web.FilterChainProxy        : Invoking SecurityContextHolderFilter (3/11)
2025-11-30T17:55:26.186+03:00 TRACE 18848 --- [auction] [http-nio-8080-exec-8] o.s.security.web.FilterChainProxy        : Invoking HeaderWriterFilter (4/11)
2025-11-30T17:55:26.187+03:00 TRACE 18848 --- [auction] [http-nio-8080-exec-8] o.s.security.web.FilterChainProxy        : Invoking CorsFilter (5/11)
2025-11-30T17:55:26.188+03:00 TRACE 18848 --- [auction] [http-nio-8080-exec-8] o.s.security.web.FilterChainProxy        : Invoking LogoutFilter (6/11)
2025-11-30T17:55:26.188+03:00 TRACE 18848 --- [auction] [http-nio-8080-exec-8] o.s.s.w.a.logout.LogoutFilter            : Did not match request to Or [PathPattern [GET /logout], PathPattern [POST /logout], PathPattern [PUT /logout], PathPattern [DELETE /logout]]
2025-11-30T17:55:26.189+03:00 TRACE 18848 --- [auction] [http-nio-8080-exec-8] o.s.security.web.FilterChainProxy        : Invoking RequestCacheAwareFilter (7/11)
2025-11-30T17:55:26.189+03:00 TRACE 18848 --- [auction] [http-nio-8080-exec-8] o.s.s.w.s.HttpSessionRequestCache        : matchingRequestParameterName is required for getMatchingRequest to lookup a value, but not provided
2025-11-30T17:55:26.190+03:00 TRACE 18848 --- [auction] [http-nio-8080-exec-8] o.s.security.web.FilterChainProxy        : Invoking SecurityContextHolderAwareRequestFilter (8/11)
2025-11-30T17:55:26.191+03:00 TRACE 18848 --- [auction] [http-nio-8080-exec-8] o.s.security.web.FilterChainProxy        : Invoking AnonymousAuthenticationFilter (9/11)
2025-11-30T17:55:26.192+03:00 TRACE 18848 --- [auction] [http-nio-8080-exec-8] o.s.security.web.FilterChainProxy        : Invoking ExceptionTranslationFilter (10/11)
2025-11-30T17:55:26.193+03:00 TRACE 18848 --- [auction] [http-nio-8080-exec-8] o.s.security.web.FilterChainProxy        : Invoking AuthorizationFilter (11/11)
2025-11-30T17:55:26.194+03:00 TRACE 18848 --- [auction] [http-nio-8080-exec-8] estMatcherDelegatingAuthorizationManager : Authorizing POST /signup
2025-11-30T17:55:26.194+03:00 TRACE 18848 --- [auction] [http-nio-8080-exec-8] estMatcherDelegatingAuthorizationManager : Checking authorization on POST /signup using org.springframework.security.authorization.SingleResultAuthorizationManager@59e820b8
2025-11-30T17:55:26.195+03:00 DEBUG 18848 --- [auction] [http-nio-8080-exec-8] o.s.security.web.FilterChainProxy        : Secured POST /signup
2025-11-30T17:55:26.196+03:00 TRACE 18848 --- [auction] [http-nio-8080-exec-8] o.s.s.w.header.writers.HstsHeaderWriter  : Not injecting HSTS header since it did not match request to [Is Secure]
2025-11-30T17:55:26.348+03:00 TRACE 18848 --- [auction] [http-nio-8080-exec-9] o.s.security.web.FilterChainProxy        : Trying to match request against DefaultSecurityFilterChain defined as 'filterChain' in [class path resource [com/project/auction/config/WebSecurityConfig.class]] matching [any request] and having filters [DisableEncodeUrl, WebAsyncManagerIntegration, SecurityContextHolder, HeaderWriter, Cors, Logout, RequestCacheAware, SecurityContextHolderAwareRequest, AnonymousAuthentication, ExceptionTranslation, Authorization] (1/1)
2025-11-30T17:55:26.350+03:00 DEBUG 18848 --- [auction] [http-nio-8080-exec-9] o.s.security.web.FilterChainProxy        : Securing POST /signup
2025-11-30T17:55:26.350+03:00 TRACE 18848 --- [auction] [http-nio-8080-exec-9] o.s.security.web.FilterChainProxy        : Invoking DisableEncodeUrlFilter (1/11)
2025-11-30T17:55:26.350+03:00 TRACE 18848 --- [auction] [http-nio-8080-exec-9] o.s.security.web.FilterChainProxy        : Invoking WebAsyncManagerIntegrationFilter (2/11)
2025-11-30T17:55:26.351+03:00 TRACE 18848 --- [auction] [http-nio-8080-exec-9] o.s.security.web.FilterChainProxy        : Invoking SecurityContextHolderFilter (3/11)
2025-11-30T17:55:26.351+03:00 TRACE 18848 --- [auction] [http-nio-8080-exec-9] o.s.security.web.FilterChainProxy        : Invoking HeaderWriterFilter (4/11)
2025-11-30T17:55:26.352+03:00 TRACE 18848 --- [auction] [http-nio-8080-exec-9] o.s.security.web.FilterChainProxy        : Invoking CorsFilter (5/11)
2025-11-30T17:55:26.353+03:00 TRACE 18848 --- [auction] [http-nio-8080-exec-9] o.s.security.web.FilterChainProxy        : Invoking LogoutFilter (6/11)
2025-11-30T17:55:26.354+03:00 TRACE 18848 --- [auction] [http-nio-8080-exec-9] o.s.s.w.a.logout.LogoutFilter            : Did not match request to Or [PathPattern [GET /logout], PathPattern [POST /logout], PathPattern [PUT /logout], PathPattern [DELETE /logout]]
2025-11-30T17:55:26.354+03:00 TRACE 18848 --- [auction] [http-nio-8080-exec-9] o.s.security.web.FilterChainProxy        : Invoking RequestCacheAwareFilter (7/11)
2025-11-30T17:55:26.355+03:00 TRACE 18848 --- [auction] [http-nio-8080-exec-9] o.s.s.w.s.HttpSessionRequestCache        : matchingRequestParameterName is required for getMatchingRequest to lookup a value, but not provided
2025-11-30T17:55:26.356+03:00 TRACE 18848 --- [auction] [http-nio-8080-exec-9] o.s.security.web.FilterChainProxy        : Invoking SecurityContextHolderAwareRequestFilter (8/11)
2025-11-30T17:55:26.356+03:00 TRACE 18848 --- [auction] [http-nio-8080-exec-9] o.s.security.web.FilterChainProxy        : Invoking AnonymousAuthenticationFilter (9/11)
2025-11-30T17:55:26.357+03:00 TRACE 18848 --- [auction] [http-nio-8080-exec-9] o.s.security.web.FilterChainProxy        : Invoking ExceptionTranslationFilter (10/11)
2025-11-30T17:55:26.358+03:00 TRACE 18848 --- [auction] [http-nio-8080-exec-9] o.s.security.web.FilterChainProxy        : Invoking AuthorizationFilter (11/11)
2025-11-30T17:55:26.362+03:00 TRACE 18848 --- [auction] [http-nio-8080-exec-9] estMatcherDelegatingAuthorizationManager : Authorizing POST /signup
2025-11-30T17:55:26.364+03:00 TRACE 18848 --- [auction] [http-nio-8080-exec-9] estMatcherDelegatingAuthorizationManager : Checking authorization on POST /signup using org.springframework.security.authorization.SingleResultAuthorizationManager@59e820b8
2025-11-30T17:55:26.364+03:00 DEBUG 18848 --- [auction] [http-nio-8080-exec-9] o.s.security.web.FilterChainProxy        : Secured POST /signup
2025-11-30T17:55:26.365+03:00 TRACE 18848 --- [auction] [http-nio-8080-exec-9] o.s.s.w.header.writers.HstsHeaderWriter  : Not injecting HSTS header since it did not match request to [Is Secure]
2025-11-30T17:55:26.510+03:00 TRACE 18848 --- [auction] [http-nio-8080-exec-3] o.s.security.web.FilterChainProxy        : Trying to match request against DefaultSecurityFilterChain defined as 'filterChain' in [class path resource [com/project/auction/config/WebSecurityConfig.class]] matching [any request] and having filters [DisableEncodeUrl, WebAsyncManagerIntegration, SecurityContextHolder, HeaderWriter, Cors, Logout, RequestCacheAware, SecurityContextHolderAwareRequest, AnonymousAuthentication, ExceptionTranslation, Authorization] (1/1)
2025-11-30T17:55:26.510+03:00 DEBUG 18848 --- [auction] [http-nio-8080-exec-3] o.s.security.web.FilterChainProxy        : Securing POST /signup
2025-11-30T17:55:26.510+03:00 TRACE 18848 --- [auction] [http-nio-8080-exec-3] o.s.security.web.FilterChainProxy        : Invoking DisableEncodeUrlFilter (1/11)
2025-11-30T17:55:26.510+03:00 TRACE 18848 --- [auction] [http-nio-8080-exec-3] o.s.security.web.FilterChainProxy        : Invoking WebAsyncManagerIntegrationFilter (2/11)
2025-11-30T17:55:26.510+03:00 TRACE 18848 --- [auction] [http-nio-8080-exec-3] o.s.security.web.FilterChainProxy        : Invoking SecurityContextHolderFilter (3/11)
2025-11-30T17:55:26.510+03:00 TRACE 18848 --- [auction] [http-nio-8080-exec-3] o.s.security.web.FilterChainProxy        : Invoking HeaderWriterFilter (4/11)
2025-11-30T17:55:26.510+03:00 TRACE 18848 --- [auction] [http-nio-8080-exec-3] o.s.security.web.FilterChainProxy        : Invoking CorsFilter (5/11)
2025-11-30T17:55:26.510+03:00 TRACE 18848 --- [auction] [http-nio-8080-exec-3] o.s.security.web.FilterChainProxy        : Invoking LogoutFilter (6/11)
2025-11-30T17:55:26.510+03:00 TRACE 18848 --- [auction] [http-nio-8080-exec-3] o.s.s.w.a.logout.LogoutFilter            : Did not match request to Or [PathPattern [GET /logout], PathPattern [POST /logout], PathPattern [PUT /logout], PathPattern [DELETE /logout]]
2025-11-30T17:55:26.510+03:00 TRACE 18848 --- [auction] [http-nio-8080-exec-3] o.s.security.web.FilterChainProxy        : Invoking RequestCacheAwareFilter (7/11)
2025-11-30T17:55:26.510+03:00 TRACE 18848 --- [auction] [http-nio-8080-exec-3] o.s.s.w.s.HttpSessionRequestCache        : matchingRequestParameterName is required for getMatchingRequest to lookup a value, but not provided
2025-11-30T17:55:26.510+03:00 TRACE 18848 --- [auction] [http-nio-8080-exec-3] o.s.security.web.FilterChainProxy        : Invoking SecurityContextHolderAwareRequestFilter (8/11)
2025-11-30T17:55:26.510+03:00 TRACE 18848 --- [auction] [http-nio-8080-exec-3] o.s.security.web.FilterChainProxy        : Invoking AnonymousAuthenticationFilter (9/11)
2025-11-30T17:55:26.518+03:00 TRACE 18848 --- [auction] [http-nio-8080-exec-3] o.s.security.web.FilterChainProxy        : Invoking ExceptionTranslationFilter (10/11)
2025-11-30T17:55:26.519+03:00 TRACE 18848 --- [auction] [http-nio-8080-exec-3] o.s.security.web.FilterChainProxy        : Invoking AuthorizationFilter (11/11)
2025-11-30T17:55:26.520+03:00 TRACE 18848 --- [auction] [http-nio-8080-exec-3] estMatcherDelegatingAuthorizationManager : Authorizing POST /signup
2025-11-30T17:55:26.520+03:00 TRACE 18848 --- [auction] [http-nio-8080-exec-3] estMatcherDelegatingAuthorizationManager : Checking authorization on POST /signup using org.springframework.security.authorization.SingleResultAuthorizationManager@59e820b8
2025-11-30T17:55:26.522+03:00 DEBUG 18848 --- [auction] [http-nio-8080-exec-3] o.s.security.web.FilterChainProxy        : Secured POST /signup
2025-11-30T17:55:26.525+03:00 TRACE 18848 --- [auction] [http-nio-8080-exec-3] o.s.s.w.header.writers.HstsHeaderWriter  : Not injecting HSTS header since it did not match request to [Is Secure]
2025-11-30T17:55:26.680+03:00 TRACE 18848 --- [auction] [http-nio-8080-exec-10] o.s.security.web.FilterChainProxy        : Trying to match request against DefaultSecurityFilterChain defined as 'filterChain' in [class path resource [com/project/auction/config/WebSecurityConfig.class]] matching [any request] and having filters [DisableEncodeUrl, WebAsyncManagerIntegration, SecurityContextHolder, HeaderWriter, Cors, Logout, RequestCacheAware, SecurityContextHolderAwareRequest, AnonymousAuthentication, ExceptionTranslation, Authorization] (1/1)
2025-11-30T17:55:26.681+03:00 DEBUG 18848 --- [auction] [http-nio-8080-exec-10] o.s.security.web.FilterChainProxy        : Securing POST /signup
2025-11-30T17:55:26.681+03:00 TRACE 18848 --- [auction] [http-nio-8080-exec-10] o.s.security.web.FilterChainProxy        : Invoking DisableEncodeUrlFilter (1/11)
2025-11-30T17:55:26.682+03:00 TRACE 18848 --- [auction] [http-nio-8080-exec-10] o.s.security.web.FilterChainProxy        : Invoking WebAsyncManagerIntegrationFilter (2/11)
2025-11-30T17:55:26.682+03:00 TRACE 18848 --- [auction] [http-nio-8080-exec-10] o.s.security.web.FilterChainProxy        : Invoking SecurityContextHolderFilter (3/11)
2025-11-30T17:55:26.683+03:00 TRACE 18848 --- [auction] [http-nio-8080-exec-10] o.s.security.web.FilterChainProxy        : Invoking HeaderWriterFilter (4/11)
2025-11-30T17:55:26.683+03:00 TRACE 18848 --- [auction] [http-nio-8080-exec-10] o.s.security.web.FilterChainProxy        : Invoking CorsFilter (5/11)
2025-11-30T17:55:26.685+03:00 TRACE 18848 --- [auction] [http-nio-8080-exec-10] o.s.security.web.FilterChainProxy        : Invoking LogoutFilter (6/11)
2025-11-30T17:55:26.685+03:00 TRACE 18848 --- [auction] [http-nio-8080-exec-10] o.s.s.w.a.logout.LogoutFilter            : Did not match request to Or [PathPattern [GET /logout], PathPattern [POST /logout], PathPattern [PUT /logout], PathPattern [DELETE /logout]]
2025-11-30T17:55:26.686+03:00 TRACE 18848 --- [auction] [http-nio-8080-exec-10] o.s.security.web.FilterChainProxy        : Invoking RequestCacheAwareFilter (7/11)
2025-11-30T17:55:26.686+03:00 TRACE 18848 --- [auction] [http-nio-8080-exec-10] o.s.s.w.s.HttpSessionRequestCache        : matchingRequestParameterName is required for getMatchingRequest to lookup a value, but not provided
2025-11-30T17:55:26.687+03:00 TRACE 18848 --- [auction] [http-nio-8080-exec-10] o.s.security.web.FilterChainProxy        : Invoking SecurityContextHolderAwareRequestFilter (8/11)
2025-11-30T17:55:26.687+03:00 TRACE 18848 --- [auction] [http-nio-8080-exec-10] o.s.security.web.FilterChainProxy        : Invoking AnonymousAuthenticationFilter (9/11)
2025-11-30T17:55:26.688+03:00 TRACE 18848 --- [auction] [http-nio-8080-exec-10] o.s.security.web.FilterChainProxy        : Invoking ExceptionTranslationFilter (10/11)
2025-11-30T17:55:26.688+03:00 TRACE 18848 --- [auction] [http-nio-8080-exec-10] o.s.security.web.FilterChainProxy        : Invoking AuthorizationFilter (11/11)
2025-11-30T17:55:26.689+03:00 TRACE 18848 --- [auction] [http-nio-8080-exec-10] estMatcherDelegatingAuthorizationManager : Authorizing POST /signup
2025-11-30T17:55:26.690+03:00 TRACE 18848 --- [auction] [http-nio-8080-exec-10] estMatcherDelegatingAuthorizationManager : Checking authorization on POST /signup using org.springframework.security.authorization.SingleResultAuthorizationManager@59e820b8
2025-11-30T17:55:26.690+03:00 DEBUG 18848 --- [auction] [http-nio-8080-exec-10] o.s.security.web.FilterChainProxy        : Secured POST /signup
2025-11-30T17:55:26.692+03:00 TRACE 18848 --- [auction] [http-nio-8080-exec-10] o.s.s.w.header.writers.HstsHeaderWriter  : Not injecting HSTS header since it did not match request to [Is Secure]
2025-11-30T17:55:26.805+03:00 TRACE 18848 --- [auction] [http-nio-8080-exec-4] o.s.security.web.FilterChainProxy        : Trying to match request against DefaultSecurityFilterChain defined as 'filterChain' in [class path resource [com/project/auction/config/WebSecurityConfig.class]] matching [any request] and having filters [DisableEncodeUrl, WebAsyncManagerIntegration, SecurityContextHolder, HeaderWriter, Cors, Logout, RequestCacheAware, SecurityContextHolderAwareRequest, AnonymousAuthentication, ExceptionTranslation, Authorization] (1/1)
2025-11-30T17:55:26.813+03:00 DEBUG 18848 --- [auction] [http-nio-8080-exec-4] o.s.security.web.FilterChainProxy        : Securing POST /signup
2025-11-30T17:55:26.813+03:00 TRACE 18848 --- [auction] [http-nio-8080-exec-4] o.s.security.web.FilterChainProxy        : Invoking DisableEncodeUrlFilter (1/11)
2025-11-30T17:55:26.813+03:00 TRACE 18848 --- [auction] [http-nio-8080-exec-4] o.s.security.web.FilterChainProxy        : Invoking WebAsyncManagerIntegrationFilter (2/11)
2025-11-30T17:55:26.813+03:00 TRACE 18848 --- [auction] [http-nio-8080-exec-4] o.s.security.web.FilterChainProxy        : Invoking SecurityContextHolderFilter (3/11)
2025-11-30T17:55:26.813+03:00 TRACE 18848 --- [auction] [http-nio-8080-exec-4] o.s.security.web.FilterChainProxy        : Invoking HeaderWriterFilter (4/11)
2025-11-30T17:55:26.813+03:00 TRACE 18848 --- [auction] [http-nio-8080-exec-4] o.s.security.web.FilterChainProxy        : Invoking CorsFilter (5/11)
2025-11-30T17:55:26.813+03:00 TRACE 18848 --- [auction] [http-nio-8080-exec-4] o.s.security.web.FilterChainProxy        : Invoking LogoutFilter (6/11)
2025-11-30T17:55:26.813+03:00 TRACE 18848 --- [auction] [http-nio-8080-exec-4] o.s.s.w.a.logout.LogoutFilter            : Did not match request to Or [PathPattern [GET /logout], PathPattern [POST /logout], PathPattern [PUT /logout], PathPattern [DELETE /logout]]
2025-11-30T17:55:26.813+03:00 TRACE 18848 --- [auction] [http-nio-8080-exec-4] o.s.security.web.FilterChainProxy        : Invoking RequestCacheAwareFilter (7/11)
2025-11-30T17:55:26.813+03:00 TRACE 18848 --- [auction] [http-nio-8080-exec-4] o.s.s.w.s.HttpSessionRequestCache        : matchingRequestParameterName is required for getMatchingRequest to lookup a value, but not provided
2025-11-30T17:55:26.819+03:00 TRACE 18848 --- [auction] [http-nio-8080-exec-4] o.s.security.web.FilterChainProxy        : Invoking SecurityContextHolderAwareRequestFilter (8/11)
2025-11-30T17:55:26.819+03:00 TRACE 18848 --- [auction] [http-nio-8080-exec-4] o.s.security.web.FilterChainProxy        : Invoking AnonymousAuthenticationFilter (9/11)
2025-11-30T17:55:26.820+03:00 TRACE 18848 --- [auction] [http-nio-8080-exec-4] o.s.security.web.FilterChainProxy        : Invoking ExceptionTranslationFilter (10/11)
2025-11-30T17:55:26.821+03:00 TRACE 18848 --- [auction] [http-nio-8080-exec-4] o.s.security.web.FilterChainProxy        : Invoking AuthorizationFilter (11/11)
2025-11-30T17:55:26.822+03:00 TRACE 18848 --- [auction] [http-nio-8080-exec-4] estMatcherDelegatingAuthorizationManager : Authorizing POST /signup
2025-11-30T17:55:26.822+03:00 TRACE 18848 --- [auction] [http-nio-8080-exec-4] estMatcherDelegatingAuthorizationManager : Checking authorization on POST /signup using org.springframework.security.authorization.SingleResultAuthorizationManager@59e820b8
2025-11-30T17:55:26.822+03:00 DEBUG 18848 --- [auction] [http-nio-8080-exec-4] o.s.security.web.FilterChainProxy        : Secured POST /signup
2025-11-30T17:55:26.823+03:00 TRACE 18848 --- [auction] [http-nio-8080-exec-4] o.s.s.w.header.writers.HstsHeaderWriter  : Not injecting HSTS header since it did not match request to [Is Secure]
2025-11-30T17:58:56.613+03:00  INFO 18848 --- [auction] [SpringApplicationShutdownHook] o.s.boot.tomcat.GracefulShutdown         : Commencing graceful shutdown. Waiting for active requests to complete
2025-11-30T17:58:56.676+03:00  INFO 18848 --- [auction] [tomcat-shutdown] o.s.boot.tomcat.GracefulShutdown         : Graceful shutdown complete
2025-11-30T17:58:56.684+03:00  INFO 18848 --- [auction] [SpringApplicationShutdownHook] j.LocalContainerEntityManagerFactoryBean : Closing JPA EntityManagerFactory for persistence unit 'default'
2025-11-30T17:58:56.692+03:00  INFO 18848 --- [auction] [SpringApplicationShutdownHook] com.zaxxer.hikari.HikariDataSource       : HikariPool-1 - Shutdown initiated...
2025-11-30T17:58:56.701+03:00  INFO 18848 --- [auction] [SpringApplicationShutdownHook] com.zaxxer.hikari.HikariDataSource       : HikariPool-1 - Shutdown completed.
2025-11-30T17:59:04.800+03:00  INFO 11124 --- [auction] [main] com.project.auction.AuctionApplication   : Starting AuctionApplication using Java 17.0.16 with PID 11124 (C:\progect\auction\auction\server\target\classes started by User in C:\progect\auction\auction\server)
2025-11-30T17:59:04.803+03:00  INFO 11124 --- [auction] [main] com.project.auction.AuctionApplication   : No active profile set, falling back to 1 default profile: "default"
2025-11-30T17:59:05.317+03:00  INFO 11124 --- [auction] [main] .s.d.r.c.RepositoryConfigurationDelegate : Bootstrapping Spring Data JPA repositories in DEFAULT mode.
2025-11-30T17:59:05.369+03:00  INFO 11124 --- [auction] [main] .s.d.r.c.RepositoryConfigurationDelegate : Finished Spring Data repository scanning in 41 ms. Found 1 JPA repository interface.
2025-11-30T17:59:05.837+03:00  INFO 11124 --- [auction] [main] o.s.boot.tomcat.TomcatWebServer          : Tomcat initialized with port 8080 (http)
2025-11-30T17:59:05.846+03:00  INFO 11124 --- [auction] [main] o.apache.catalina.core.StandardService   : Starting service [Tomcat]
2025-11-30T17:59:05.846+03:00  INFO 11124 --- [auction] [main] o.apache.catalina.core.StandardEngine    : Starting Servlet engine: [Apache Tomcat/11.0.14]
2025-11-30T17:59:05.885+03:00  INFO 11124 --- [auction] [main] b.w.c.s.WebApplicationContextInitializer : Root WebApplicationContext: initialization completed in 1044 ms
2025-11-30T17:59:05.957+03:00  INFO 11124 --- [auction] [main] com.zaxxer.hikari.HikariDataSource       : HikariPool-1 - Starting...
2025-11-30T17:59:06.059+03:00  INFO 11124 --- [auction] [main] com.zaxxer.hikari.pool.HikariPool        : HikariPool-1 - Added connection org.postgresql.jdbc.PgConnection@70716259
2025-11-30T17:59:06.061+03:00  INFO 11124 --- [auction] [main] com.zaxxer.hikari.HikariDataSource       : HikariPool-1 - Start completed.
2025-11-30T17:59:06.080+03:00  INFO 11124 --- [auction] [main] o.hibernate.jpa.internal.util.LogHelper  : HHH000204: Processing PersistenceUnitInfo [name: default]
2025-11-30T17:59:06.115+03:00  INFO 11124 --- [auction] [main] org.hibernate.Version                    : HHH000412: Hibernate ORM core version 7.1.8.Final
2025-11-30T17:59:06.473+03:00  INFO 11124 --- [auction] [main] o.s.o.j.p.SpringPersistenceUnitInfo      : No LoadTimeWeaver setup: ignoring JPA class transformer
2025-11-30T17:59:07.047+03:00  INFO 11124 --- [auction] [main] org.hibernate.orm.connections.pooling    : HHH10001005: Database info:
	Database JDBC URL [jdbc:postgresql://localhost:5432/auction]
	Database driver: PostgreSQL JDBC Driver
	Database dialect: PostgreSQLDialect
	Database version: 18.1
	Default catalog/schema: auction/public
	Autocommit mode: undefined/unknown
	Isolation level: READ_COMMITTED [default READ_COMMITTED]
	JDBC fetch size: none
	Pool: DatasourceConnectionProviderImpl
	Minimum pool size: undefined/unknown
	Maximum pool size: undefined/unknown
2025-11-30T17:59:07.712+03:00  INFO 11124 --- [auction] [main] o.h.e.t.j.p.i.JtaPlatformInitiator       : HHH000489: No JTA platform available (set 'hibernate.transaction.jta.platform' to enable JTA platform integration)
2025-11-30T17:59:07.718+03:00  INFO 11124 --- [auction] [main] j.LocalContainerEntityManagerFactoryBean : Initialized JPA EntityManagerFactory for persistence unit 'default'
2025-11-30T17:59:07.770+03:00  INFO 11124 --- [auction] [main] o.s.d.j.r.query.QueryEnhancerFactories   : Hibernate is in classpath; If applicable, HQL parser will be used.
2025-11-30T17:59:08.012+03:00  INFO 11124 --- [auction] [main] r$InitializeUserDetailsManagerConfigurer : Global AuthenticationManager configured with UserDetailsService bean with name userDetailsServiceImpl
2025-11-30T17:59:08.043+03:00  WARN 11124 --- [auction] [main] JpaBaseConfiguration$JpaWebConfiguration : spring.jpa.open-in-view is enabled by default. Therefore, database queries may be performed during view rendering. Explicitly configure spring.jpa.open-in-view to disable this warning
2025-11-30T17:59:08.193+03:00 DEBUG 11124 --- [auction] [main] o.s.s.web.DefaultSecurityFilterChain     : Will secure any request with filters: DisableEncodeUrlFilter, WebAsyncManagerIntegrationFilter, SecurityContextHolderFilter, HeaderWriterFilter, CorsFilter, LogoutFilter, RequestCacheAwareFilter, SecurityContextHolderAwareRequestFilter, AnonymousAuthenticationFilter, ExceptionTranslationFilter, AuthorizationFilter
2025-11-30T17:59:08.243+03:00  INFO 11124 --- [auction] [main] o.s.b.w.a.WelcomePageHandlerMapping      : Adding welcome page: class path resource [static/index.html]
2025-11-30T17:59:08.279+03:00  WARN 11124 --- [auction] [main] ConfigServletWebServerApplicationContext : Exception encountered during context initialization - cancelling refresh attempt: org.springframework.beans.factory.BeanCreationException: Error creating bean with name 'requestMappingHandlerMapping' defined in class path resource [org/springframework/boot/webmvc/autoconfigure/WebMvcAutoConfiguration$EnableWebMvcConfiguration.class]: Ambiguous mapping. Cannot map 'authController' method 
com.project.auction.controller.AuthController#registerUser()
to {POST [/signup]}: There is already 'authController' bean method
com.project.auction.controller.AuthController#registerUser(String) mapped.
2025-11-30T17:59:08.281+03:00  INFO 11124 --- [auction] [main] j.LocalContainerEntityManagerFactoryBean : Closing JPA EntityManagerFactory for persistence unit 'default'
2025-11-30T17:59:08.284+03:00  INFO 11124 --- [auction] [main] com.zaxxer.hikari.HikariDataSource       : HikariPool-1 - Shutdown initiated...
2025-11-30T17:59:08.289+03:00  INFO 11124 --- [auction] [main] com.zaxxer.hikari.HikariDataSource       : HikariPool-1 - Shutdown completed.
2025-11-30T17:59:08.296+03:00  INFO 11124 --- [auction] [main] o.apache.catalina.core.StandardService   : Stopping service [Tomcat]
2025-11-30T17:59:08.308+03:00  INFO 11124 --- [auction] [main] .s.b.a.l.ConditionEvaluationReportLogger : 

Error starting ApplicationContext. To display the condition evaluation report re-run your application with 'debug' enabled.
2025-11-30T17:59:08.320+03:00 ERROR 11124 --- [auction] [main] o.s.boot.SpringApplication               : Application run failed

org.springframework.beans.factory.BeanCreationException: Error creating bean with name 'requestMappingHandlerMapping' defined in class path resource [org/springframework/boot/webmvc/autoconfigure/WebMvcAutoConfiguration$EnableWebMvcConfiguration.class]: Ambiguous mapping. Cannot map 'authController' method 
com.project.auction.controller.AuthController#registerUser()
to {POST [/signup]}: There is already 'authController' bean method
com.project.auction.controller.AuthController#registerUser(String) mapped.
	at org.springframework.beans.factory.support.AbstractAutowireCapableBeanFactory.initializeBean(AbstractAutowireCapableBeanFactory.java:1817) ~[spring-beans-7.0.1.jar:7.0.1]
	at org.springframework.beans.factory.support.AbstractAutowireCapableBeanFactory.doCreateBean(AbstractAutowireCapableBeanFactory.java:603) ~[spring-beans-7.0.1.jar:7.0.1]
	at org.springframework.beans.factory.support.AbstractAutowireCapableBeanFactory.createBean(AbstractAutowireCapableBeanFactory.java:525) ~[spring-beans-7.0.1.jar:7.0.1]
	at org.springframework.beans.factory.support.AbstractBeanFactory.lambda$doGetBean$0(AbstractBeanFactory.java:333) ~[spring-beans-7.0.1.jar:7.0.1]
	at org.springframework.beans.factory.support.DefaultSingletonBeanRegistry.getSingleton(DefaultSingletonBeanRegistry.java:371) ~[spring-beans-7.0.1.jar:7.0.1]
	at org.springframework.beans.factory.support.AbstractBeanFactory.doGetBean(AbstractBeanFactory.java:331) ~[spring-beans-7.0.1.jar:7.0.1]
	at org.springframework.beans.factory.support.AbstractBeanFactory.getBean(AbstractBeanFactory.java:196) ~[spring-beans-7.0.1.jar:7.0.1]
	at org.springframework.beans.factory.support.DefaultListableBeanFactory.instantiateSingleton(DefaultListableBeanFactory.java:1218) ~[spring-beans-7.0.1.jar:7.0.1]
	at org.springframework.beans.factory.support.DefaultListableBeanFactory.preInstantiateSingleton(DefaultListableBeanFactory.java:1184) ~[spring-beans-7.0.1.jar:7.0.1]
	at org.springframework.beans.factory.support.DefaultListableBeanFactory.preInstantiateSingletons(DefaultListableBeanFactory.java:1121) ~[spring-beans-7.0.1.jar:7.0.1]
	at org.springframework.context.support.AbstractApplicationContext.finishBeanFactoryInitialization(AbstractApplicationContext.java:983) ~[spring-context-7.0.1.jar:7.0.1]
	at org.springframework.context.support.AbstractApplicationContext.refresh(AbstractApplicationContext.java:620) ~[spring-context-7.0.1.jar:7.0.1]
	at org.springframework.boot.web.server.servlet.context.ServletWebServerApplicationContext.refresh(ServletWebServerApplicationContext.java:143) ~[spring-boot-web-server-4.0.0.jar:4.0.0]
	at org.springframework.boot.SpringApplication.refresh(SpringApplication.java:765) ~[spring-boot-4.0.0.jar:4.0.0]
	at org.springframework.boot.SpringApplication.refreshContext(SpringApplication.java:454) ~[spring-boot-4.0.0.jar:4.0.0]
	at org.springframework.boot.SpringApplication.run(SpringApplication.java:321) ~[spring-boot-4.0.0.jar:4.0.0]
	at org.springframework.boot.SpringApplication.run(SpringApplication.java:1374) ~[spring-boot-4.0.0.jar:4.0.0]
	at org.springframework.boot.SpringApplication.run(SpringApplication.java:1363) ~[spring-boot-4.0.0.jar:4.0.0]
	at com.project.auction.AuctionApplication.main(AuctionApplication.java:10) ~[classes/:na]
Caused by: java.lang.IllegalStateException: Ambiguous mapping. Cannot map 'authController' method 
com.project.auction.controller.AuthController#registerUser()
to {POST [/signup]}: There is already 'authController' bean method
com.project.auction.controller.AuthController#registerUser(String) mapped.
	at org.springframework.web.servlet.handler.AbstractHandlerMethodMapping$MappingRegistry.validateMethodMapping(AbstractHandlerMethodMapping.java:645) ~[spring-webmvc-7.0.1.jar:7.0.1]
	at org.springframework.web.servlet.handler.AbstractHandlerMethodMapping$MappingRegistry.register(AbstractHandlerMethodMapping.java:606) ~[spring-webmvc-7.0.1.jar:7.0.1]
	at org.springframework.web.servlet.handler.AbstractHandlerMethodMapping.registerHandlerMethod(AbstractHandlerMethodMapping.java:327) ~[spring-webmvc-7.0.1.jar:7.0.1]
	at org.springframework.web.servlet.mvc.method.annotation.RequestMappingHandlerMapping.registerHandlerMethod(RequestMappingHandlerMapping.java:459) ~[spring-webmvc-7.0.1.jar:7.0.1]
	at org.springframework.web.servlet.mvc.method.annotation.RequestMappingHandlerMapping.registerHandlerMethod(RequestMappingHandlerMapping.java:80) ~[spring-webmvc-7.0.1.jar:7.0.1]
	at org.springframework.web.servlet.handler.AbstractHandlerMethodMapping.lambda$detectHandlerMethods$1(AbstractHandlerMethodMapping.java:294) ~[spring-webmvc-7.0.1.jar:7.0.1]
	at java.base/java.util.LinkedHashMap.forEach(LinkedHashMap.java:721) ~[na:na]
	at org.springframework.web.servlet.handler.AbstractHandlerMethodMapping.detectHandlerMethods(AbstractHandlerMethodMapping.java:292) ~[spring-webmvc-7.0.1.jar:7.0.1]
	at org.springframework.web.servlet.handler.AbstractHandlerMethodMapping.processCandidateBean(AbstractHandlerMethodMapping.java:261) ~[spring-webmvc-7.0.1.jar:7.0.1]
	at org.springframework.web.servlet.handler.AbstractHandlerMethodMapping.initHandlerMethods(AbstractHandlerMethodMapping.java:220) ~[spring-webmvc-7.0.1.jar:7.0.1]
	at org.springframework.web.servlet.handler.AbstractHandlerMethodMapping.afterPropertiesSet(AbstractHandlerMethodMapping.java:208) ~[spring-webmvc-7.0.1.jar:7.0.1]
	at org.springframework.web.servlet.mvc.method.annotation.RequestMappingHandlerMapping.afterPropertiesSet(RequestMappingHandlerMapping.java:158) ~[spring-webmvc-7.0.1.jar:7.0.1]
	at org.springframework.beans.factory.support.AbstractAutowireCapableBeanFactory.invokeInitMethods(AbstractAutowireCapableBeanFactory.java:1864) ~[spring-beans-7.0.1.jar:7.0.1]
	at org.springframework.beans.factory.support.AbstractAutowireCapableBeanFactory.initializeBean(AbstractAutowireCapableBeanFactory.java:1813) ~[spring-beans-7.0.1.jar:7.0.1]
	... 18 common frames omitted

2025-11-30T18:01:10.448+03:00  INFO 1824 --- [auction] [main] com.project.auction.AuctionApplication   : Starting AuctionApplication using Java 17.0.16 with PID 1824 (C:\progect\auction\auction\server\target\classes started by User in C:\progect\auction\auction\server)
2025-11-30T18:01:10.448+03:00  INFO 1824 --- [auction] [main] com.project.auction.AuctionApplication   : No active profile set, falling back to 1 default profile: "default"
2025-11-30T18:01:10.946+03:00  INFO 1824 --- [auction] [main] .s.d.r.c.RepositoryConfigurationDelegate : Bootstrapping Spring Data JPA repositories in DEFAULT mode.
2025-11-30T18:01:10.989+03:00  INFO 1824 --- [auction] [main] .s.d.r.c.RepositoryConfigurationDelegate : Finished Spring Data repository scanning in 34 ms. Found 1 JPA repository interface.
2025-11-30T18:01:11.449+03:00  INFO 1824 --- [auction] [main] o.s.boot.tomcat.TomcatWebServer          : Tomcat initialized with port 8080 (http)
2025-11-30T18:01:11.458+03:00  INFO 1824 --- [auction] [main] o.apache.catalina.core.StandardService   : Starting service [Tomcat]
2025-11-30T18:01:11.459+03:00  INFO 1824 --- [auction] [main] o.apache.catalina.core.StandardEngine    : Starting Servlet engine: [Apache Tomcat/11.0.14]
2025-11-30T18:01:11.502+03:00  INFO 1824 --- [auction] [main] b.w.c.s.WebApplicationContextInitializer : Root WebApplicationContext: initialization completed in 1009 ms
2025-11-30T18:01:11.582+03:00  INFO 1824 --- [auction] [main] com.zaxxer.hikari.HikariDataSource       : HikariPool-1 - Starting...
2025-11-30T18:01:11.664+03:00  INFO 1824 --- [auction] [main] com.zaxxer.hikari.pool.HikariPool        : HikariPool-1 - Added connection org.postgresql.jdbc.PgConnection@498a612d
2025-11-30T18:01:11.666+03:00  INFO 1824 --- [auction] [main] com.zaxxer.hikari.HikariDataSource       : HikariPool-1 - Start completed.
2025-11-30T18:01:11.685+03:00  INFO 1824 --- [auction] [main] o.hibernate.jpa.internal.util.LogHelper  : HHH000204: Processing PersistenceUnitInfo [name: default]
2025-11-30T18:01:11.721+03:00  INFO 1824 --- [auction] [main] org.hibernate.Version                    : HHH000412: Hibernate ORM core version 7.1.8.Final
2025-11-30T18:01:12.076+03:00  INFO 1824 --- [auction] [main] o.s.o.j.p.SpringPersistenceUnitInfo      : No LoadTimeWeaver setup: ignoring JPA class transformer
2025-11-30T18:01:12.640+03:00  INFO 1824 --- [auction] [main] org.hibernate.orm.connections.pooling    : HHH10001005: Database info:
	Database JDBC URL [jdbc:postgresql://localhost:5432/auction]
	Database driver: PostgreSQL JDBC Driver
	Database dialect: PostgreSQLDialect
	Database version: 18.1
	Default catalog/schema: auction/public
	Autocommit mode: undefined/unknown
	Isolation level: READ_COMMITTED [default READ_COMMITTED]
	JDBC fetch size: none
	Pool: DatasourceConnectionProviderImpl
	Minimum pool size: undefined/unknown
	Maximum pool size: undefined/unknown
2025-11-30T18:01:13.279+03:00  INFO 1824 --- [auction] [main] o.h.e.t.j.p.i.JtaPlatformInitiator       : HHH000489: No JTA platform available (set 'hibernate.transaction.jta.platform' to enable JTA platform integration)
2025-11-30T18:01:13.279+03:00  INFO 1824 --- [auction] [main] j.LocalContainerEntityManagerFactoryBean : Initialized JPA EntityManagerFactory for persistence unit 'default'
2025-11-30T18:01:13.350+03:00  INFO 1824 --- [auction] [main] o.s.d.j.r.query.QueryEnhancerFactories   : Hibernate is in classpath; If applicable, HQL parser will be used.
2025-11-30T18:01:13.564+03:00  INFO 1824 --- [auction] [main] r$InitializeUserDetailsManagerConfigurer : Global AuthenticationManager configured with UserDetailsService bean with name userDetailsServiceImpl
2025-11-30T18:01:13.606+03:00  WARN 1824 --- [auction] [main] JpaBaseConfiguration$JpaWebConfiguration : spring.jpa.open-in-view is enabled by default. Therefore, database queries may be performed during view rendering. Explicitly configure spring.jpa.open-in-view to disable this warning
2025-11-30T18:01:13.752+03:00 DEBUG 1824 --- [auction] [main] o.s.s.web.DefaultSecurityFilterChain     : Will secure any request with filters: DisableEncodeUrlFilter, WebAsyncManagerIntegrationFilter, SecurityContextHolderFilter, HeaderWriterFilter, CorsFilter, LogoutFilter, RequestCacheAwareFilter, SecurityContextHolderAwareRequestFilter, AnonymousAuthenticationFilter, ExceptionTranslationFilter, AuthorizationFilter
2025-11-30T18:01:13.794+03:00  INFO 1824 --- [auction] [main] o.s.b.w.a.WelcomePageHandlerMapping      : Adding welcome page: class path resource [static/index.html]
2025-11-30T18:01:14.000+03:00  INFO 1824 --- [auction] [main] o.s.boot.tomcat.TomcatWebServer          : Tomcat started on port 8080 (http) with context path '/'
2025-11-30T18:01:14.006+03:00  INFO 1824 --- [auction] [main] com.project.auction.AuctionApplication   : Started AuctionApplication in 3.931 seconds (process running for 4.185)
2025-11-30T18:01:22.888+03:00  INFO 1824 --- [auction] [http-nio-8080-exec-1] o.a.c.c.C.[Tomcat].[localhost].[/]       : Initializing Spring DispatcherServlet 'dispatcherServlet'
2025-11-30T18:01:22.888+03:00  INFO 1824 --- [auction] [http-nio-8080-exec-1] o.s.web.servlet.DispatcherServlet        : Initializing Servlet 'dispatcherServlet'
2025-11-30T18:01:22.888+03:00  INFO 1824 --- [auction] [http-nio-8080-exec-1] o.s.web.servlet.DispatcherServlet        : Completed initialization in 0 ms
2025-11-30T18:01:22.910+03:00 TRACE 1824 --- [auction] [http-nio-8080-exec-1] o.s.security.web.FilterChainProxy        : Trying to match request against DefaultSecurityFilterChain defined as 'filterChain' in [class path resource [com/project/auction/config/WebSecurityConfig.class]] matching [any request] and having filters [DisableEncodeUrl, WebAsyncManagerIntegration, SecurityContextHolder, HeaderWriter, Cors, Logout, RequestCacheAware, SecurityContextHolderAwareRequest, AnonymousAuthentication, ExceptionTranslation, Authorization] (1/1)
2025-11-30T18:01:22.912+03:00 DEBUG 1824 --- [auction] [http-nio-8080-exec-1] o.s.security.web.FilterChainProxy        : Securing OPTIONS /signup
2025-11-30T18:01:22.913+03:00 TRACE 1824 --- [auction] [http-nio-8080-exec-1] o.s.security.web.FilterChainProxy        : Invoking DisableEncodeUrlFilter (1/11)
2025-11-30T18:01:22.914+03:00 TRACE 1824 --- [auction] [http-nio-8080-exec-1] o.s.security.web.FilterChainProxy        : Invoking WebAsyncManagerIntegrationFilter (2/11)
2025-11-30T18:01:22.917+03:00 TRACE 1824 --- [auction] [http-nio-8080-exec-1] o.s.security.web.FilterChainProxy        : Invoking SecurityContextHolderFilter (3/11)
2025-11-30T18:01:22.918+03:00 TRACE 1824 --- [auction] [http-nio-8080-exec-1] o.s.security.web.FilterChainProxy        : Invoking HeaderWriterFilter (4/11)
2025-11-30T18:01:22.924+03:00 TRACE 1824 --- [auction] [http-nio-8080-exec-1] o.s.security.web.FilterChainProxy        : Invoking CorsFilter (5/11)
2025-11-30T18:01:22.988+03:00 TRACE 1824 --- [auction] [http-nio-8080-exec-1] o.s.s.w.header.writers.HstsHeaderWriter  : Not injecting HSTS header since it did not match request to [Is Secure]
2025-11-30T18:01:22.999+03:00 TRACE 1824 --- [auction] [http-nio-8080-exec-1] o.s.security.web.FilterChainProxy        : Trying to match request against DefaultSecurityFilterChain defined as 'filterChain' in [class path resource [com/project/auction/config/WebSecurityConfig.class]] matching [any request] and having filters [DisableEncodeUrl, WebAsyncManagerIntegration, SecurityContextHolder, HeaderWriter, Cors, Logout, RequestCacheAware, SecurityContextHolderAwareRequest, AnonymousAuthentication, ExceptionTranslation, Authorization] (1/1)
2025-11-30T18:01:23.003+03:00 DEBUG 1824 --- [auction] [http-nio-8080-exec-1] o.s.security.web.FilterChainProxy        : Securing POST /signup
2025-11-30T18:01:23.005+03:00 TRACE 1824 --- [auction] [http-nio-8080-exec-1] o.s.security.web.FilterChainProxy        : Invoking DisableEncodeUrlFilter (1/11)
2025-11-30T18:01:23.006+03:00 TRACE 1824 --- [auction] [http-nio-8080-exec-1] o.s.security.web.FilterChainProxy        : Invoking WebAsyncManagerIntegrationFilter (2/11)
2025-11-30T18:01:23.008+03:00 TRACE 1824 --- [auction] [http-nio-8080-exec-1] o.s.security.web.FilterChainProxy        : Invoking SecurityContextHolderFilter (3/11)
2025-11-30T18:01:23.010+03:00 TRACE 1824 --- [auction] [http-nio-8080-exec-1] o.s.security.web.FilterChainProxy        : Invoking HeaderWriterFilter (4/11)
2025-11-30T18:01:23.012+03:00 TRACE 1824 --- [auction] [http-nio-8080-exec-1] o.s.security.web.FilterChainProxy        : Invoking CorsFilter (5/11)
2025-11-30T18:01:23.017+03:00 TRACE 1824 --- [auction] [http-nio-8080-exec-1] o.s.security.web.FilterChainProxy        : Invoking LogoutFilter (6/11)
2025-11-30T18:01:23.023+03:00 TRACE 1824 --- [auction] [http-nio-8080-exec-1] o.s.s.w.a.logout.LogoutFilter            : Did not match request to Or [PathPattern [GET /logout], PathPattern [POST /logout], PathPattern [PUT /logout], PathPattern [DELETE /logout]]
2025-11-30T18:01:23.024+03:00 TRACE 1824 --- [auction] [http-nio-8080-exec-1] o.s.security.web.FilterChainProxy        : Invoking RequestCacheAwareFilter (7/11)
2025-11-30T18:01:23.025+03:00 TRACE 1824 --- [auction] [http-nio-8080-exec-1] o.s.s.w.s.HttpSessionRequestCache        : matchingRequestParameterName is required for getMatchingRequest to lookup a value, but not provided
2025-11-30T18:01:23.027+03:00 TRACE 1824 --- [auction] [http-nio-8080-exec-1] o.s.security.web.FilterChainProxy        : Invoking SecurityContextHolderAwareRequestFilter (8/11)
2025-11-30T18:01:23.031+03:00 TRACE 1824 --- [auction] [http-nio-8080-exec-1] o.s.security.web.FilterChainProxy        : Invoking AnonymousAuthenticationFilter (9/11)
2025-11-30T18:01:23.034+03:00 TRACE 1824 --- [auction] [http-nio-8080-exec-1] o.s.security.web.FilterChainProxy        : Invoking ExceptionTranslationFilter (10/11)
2025-11-30T18:01:23.035+03:00 TRACE 1824 --- [auction] [http-nio-8080-exec-1] o.s.security.web.FilterChainProxy        : Invoking AuthorizationFilter (11/11)
2025-11-30T18:01:23.037+03:00 TRACE 1824 --- [auction] [http-nio-8080-exec-1] estMatcherDelegatingAuthorizationManager : Authorizing POST /signup
2025-11-30T18:01:23.038+03:00 TRACE 1824 --- [auction] [http-nio-8080-exec-1] estMatcherDelegatingAuthorizationManager : Checking authorization on POST /signup using org.springframework.security.authorization.SingleResultAuthorizationManager@1dc54e6
2025-11-30T18:01:23.040+03:00 DEBUG 1824 --- [auction] [http-nio-8080-exec-1] o.s.security.web.FilterChainProxy        : Secured POST /signup
2025-11-30T18:01:23.041+03:00 TRACE 1824 --- [auction] [http-nio-8080-exec-1] o.s.s.w.header.writers.HstsHeaderWriter  : Not injecting HSTS header since it did not match request to [Is Secure]
2025-11-30T18:03:51.659+03:00  INFO 1824 --- [auction] [SpringApplicationShutdownHook] o.s.boot.tomcat.GracefulShutdown         : Commencing graceful shutdown. Waiting for active requests to complete
2025-11-30T18:03:51.730+03:00  INFO 1824 --- [auction] [tomcat-shutdown] o.s.boot.tomcat.GracefulShutdown         : Graceful shutdown complete
2025-11-30T18:03:51.734+03:00  INFO 1824 --- [auction] [SpringApplicationShutdownHook] j.LocalContainerEntityManagerFactoryBean : Closing JPA EntityManagerFactory for persistence unit 'default'
2025-11-30T18:03:51.735+03:00  INFO 1824 --- [auction] [SpringApplicationShutdownHook] com.zaxxer.hikari.HikariDataSource       : HikariPool-1 - Shutdown initiated...
2025-11-30T18:03:51.739+03:00  INFO 1824 --- [auction] [SpringApplicationShutdownHook] com.zaxxer.hikari.HikariDataSource       : HikariPool-1 - Shutdown completed.
2025-11-30T18:03:59.855+03:00  INFO 20448 --- [auction] [main] com.project.auction.AuctionApplication   : Starting AuctionApplication using Java 17.0.16 with PID 20448 (C:\progect\auction\auction\server\target\classes started by User in C:\progect\auction\auction\server)
2025-11-30T18:03:59.858+03:00  INFO 20448 --- [auction] [main] com.project.auction.AuctionApplication   : No active profile set, falling back to 1 default profile: "default"
2025-11-30T18:04:00.340+03:00  INFO 20448 --- [auction] [main] .s.d.r.c.RepositoryConfigurationDelegate : Bootstrapping Spring Data JPA repositories in DEFAULT mode.
2025-11-30T18:04:00.378+03:00  INFO 20448 --- [auction] [main] .s.d.r.c.RepositoryConfigurationDelegate : Finished Spring Data repository scanning in 38 ms. Found 1 JPA repository interface.
2025-11-30T18:04:00.895+03:00  INFO 20448 --- [auction] [main] o.s.boot.tomcat.TomcatWebServer          : Tomcat initialized with port 8080 (http)
2025-11-30T18:04:00.905+03:00  INFO 20448 --- [auction] [main] o.apache.catalina.core.StandardService   : Starting service [Tomcat]
2025-11-30T18:04:00.906+03:00  INFO 20448 --- [auction] [main] o.apache.catalina.core.StandardEngine    : Starting Servlet engine: [Apache Tomcat/11.0.14]
2025-11-30T18:04:00.947+03:00  INFO 20448 --- [auction] [main] b.w.c.s.WebApplicationContextInitializer : Root WebApplicationContext: initialization completed in 1057 ms
2025-11-30T18:04:01.025+03:00  INFO 20448 --- [auction] [main] com.zaxxer.hikari.HikariDataSource       : HikariPool-1 - Starting...
2025-11-30T18:04:01.111+03:00  INFO 20448 --- [auction] [main] com.zaxxer.hikari.pool.HikariPool        : HikariPool-1 - Added connection org.postgresql.jdbc.PgConnection@6da4feeb
2025-11-30T18:04:01.111+03:00  INFO 20448 --- [auction] [main] com.zaxxer.hikari.HikariDataSource       : HikariPool-1 - Start completed.
2025-11-30T18:04:01.128+03:00  INFO 20448 --- [auction] [main] o.hibernate.jpa.internal.util.LogHelper  : HHH000204: Processing PersistenceUnitInfo [name: default]
2025-11-30T18:04:01.167+03:00  INFO 20448 --- [auction] [main] org.hibernate.Version                    : HHH000412: Hibernate ORM core version 7.1.8.Final
2025-11-30T18:04:01.528+03:00  INFO 20448 --- [auction] [main] o.s.o.j.p.SpringPersistenceUnitInfo      : No LoadTimeWeaver setup: ignoring JPA class transformer
2025-11-30T18:04:02.105+03:00  INFO 20448 --- [auction] [main] org.hibernate.orm.connections.pooling    : HHH10001005: Database info:
	Database JDBC URL [jdbc:postgresql://localhost:5432/auction]
	Database driver: PostgreSQL JDBC Driver
	Database dialect: PostgreSQLDialect
	Database version: 18.1
	Default catalog/schema: auction/public
	Autocommit mode: undefined/unknown
	Isolation level: READ_COMMITTED [default READ_COMMITTED]
	JDBC fetch size: none
	Pool: DatasourceConnectionProviderImpl
	Minimum pool size: undefined/unknown
	Maximum pool size: undefined/unknown
2025-11-30T18:04:02.770+03:00  INFO 20448 --- [auction] [main] o.h.e.t.j.p.i.JtaPlatformInitiator       : HHH000489: No JTA platform available (set 'hibernate.transaction.jta.platform' to enable JTA platform integration)
2025-11-30T18:04:02.777+03:00  INFO 20448 --- [auction] [main] j.LocalContainerEntityManagerFactoryBean : Initialized JPA EntityManagerFactory for persistence unit 'default'
2025-11-30T18:04:02.827+03:00  INFO 20448 --- [auction] [main] o.s.d.j.r.query.QueryEnhancerFactories   : Hibernate is in classpath; If applicable, HQL parser will be used.
2025-11-30T18:04:03.062+03:00  INFO 20448 --- [auction] [main] r$InitializeUserDetailsManagerConfigurer : Global AuthenticationManager configured with UserDetailsService bean with name userDetailsServiceImpl
2025-11-30T18:04:03.094+03:00  WARN 20448 --- [auction] [main] JpaBaseConfiguration$JpaWebConfiguration : spring.jpa.open-in-view is enabled by default. Therefore, database queries may be performed during view rendering. Explicitly configure spring.jpa.open-in-view to disable this warning
2025-11-30T18:04:03.243+03:00 DEBUG 20448 --- [auction] [main] o.s.s.web.DefaultSecurityFilterChain     : Will secure any request with filters: DisableEncodeUrlFilter, WebAsyncManagerIntegrationFilter, SecurityContextHolderFilter, HeaderWriterFilter, LogoutFilter, AuthTokenFilter, RequestCacheAwareFilter, SecurityContextHolderAwareRequestFilter, AnonymousAuthenticationFilter, SessionManagementFilter, ExceptionTranslationFilter, AuthorizationFilter
2025-11-30T18:04:03.290+03:00  INFO 20448 --- [auction] [main] o.s.b.w.a.WelcomePageHandlerMapping      : Adding welcome page: class path resource [static/index.html]
2025-11-30T18:04:03.499+03:00  INFO 20448 --- [auction] [main] o.s.boot.tomcat.TomcatWebServer          : Tomcat started on port 8080 (http) with context path '/'
2025-11-30T18:04:03.505+03:00  INFO 20448 --- [auction] [main] com.project.auction.AuctionApplication   : Started AuctionApplication in 4.033 seconds (process running for 4.301)
2025-11-30T18:04:07.817+03:00  INFO 20448 --- [auction] [http-nio-8080-exec-1] o.a.c.c.C.[Tomcat].[localhost].[/]       : Initializing Spring DispatcherServlet 'dispatcherServlet'
2025-11-30T18:04:07.817+03:00  INFO 20448 --- [auction] [http-nio-8080-exec-1] o.s.web.servlet.DispatcherServlet        : Initializing Servlet 'dispatcherServlet'
2025-11-30T18:04:07.817+03:00  INFO 20448 --- [auction] [http-nio-8080-exec-1] o.s.web.servlet.DispatcherServlet        : Completed initialization in 0 ms
2025-11-30T18:04:07.833+03:00 TRACE 20448 --- [auction] [http-nio-8080-exec-1] o.s.security.web.FilterChainProxy        : Trying to match request against DefaultSecurityFilterChain defined as 'filterChain' in [class path resource [com/project/auction/config/WebSecurityConfig.class]] matching [any request] and having filters [DisableEncodeUrl, WebAsyncManagerIntegration, SecurityContextHolder, HeaderWriter, Logout, AuthToken, RequestCacheAware, SecurityContextHolderAwareRequest, AnonymousAuthentication, SessionManagement, ExceptionTranslation, Authorization] (1/1)
2025-11-30T18:04:07.834+03:00 DEBUG 20448 --- [auction] [http-nio-8080-exec-1] o.s.security.web.FilterChainProxy        : Securing OPTIONS /signup
2025-11-30T18:04:07.836+03:00 TRACE 20448 --- [auction] [http-nio-8080-exec-1] o.s.security.web.FilterChainProxy        : Invoking DisableEncodeUrlFilter (1/12)
2025-11-30T18:04:07.837+03:00 TRACE 20448 --- [auction] [http-nio-8080-exec-1] o.s.security.web.FilterChainProxy        : Invoking WebAsyncManagerIntegrationFilter (2/12)
2025-11-30T18:04:07.838+03:00 TRACE 20448 --- [auction] [http-nio-8080-exec-1] o.s.security.web.FilterChainProxy        : Invoking SecurityContextHolderFilter (3/12)
2025-11-30T18:04:07.842+03:00 TRACE 20448 --- [auction] [http-nio-8080-exec-1] o.s.security.web.FilterChainProxy        : Invoking HeaderWriterFilter (4/12)
2025-11-30T18:04:07.842+03:00 TRACE 20448 --- [auction] [http-nio-8080-exec-1] o.s.security.web.FilterChainProxy        : Invoking LogoutFilter (5/12)
2025-11-30T18:04:07.849+03:00 TRACE 20448 --- [auction] [http-nio-8080-exec-1] o.s.s.w.a.logout.LogoutFilter            : Did not match request to Or [PathPattern [GET /logout], PathPattern [POST /logout], PathPattern [PUT /logout], PathPattern [DELETE /logout]]
2025-11-30T18:04:07.850+03:00 TRACE 20448 --- [auction] [http-nio-8080-exec-1] o.s.security.web.FilterChainProxy        : Invoking AuthTokenFilter (6/12)
2025-11-30T18:04:07.851+03:00 TRACE 20448 --- [auction] [http-nio-8080-exec-1] o.s.s.w.header.writers.HstsHeaderWriter  : Not injecting HSTS header since it did not match request to [Is Secure]
2025-11-30T18:04:53.776+03:00  INFO 20448 --- [auction] [SpringApplicationShutdownHook] o.s.boot.tomcat.GracefulShutdown         : Commencing graceful shutdown. Waiting for active requests to complete
2025-11-30T18:04:53.822+03:00  INFO 20448 --- [auction] [tomcat-shutdown] o.s.boot.tomcat.GracefulShutdown         : Graceful shutdown complete
2025-11-30T18:04:53.822+03:00  INFO 20448 --- [auction] [SpringApplicationShutdownHook] j.LocalContainerEntityManagerFactoryBean : Closing JPA EntityManagerFactory for persistence unit 'default'
2025-11-30T18:04:53.834+03:00  INFO 20448 --- [auction] [SpringApplicationShutdownHook] com.zaxxer.hikari.HikariDataSource       : HikariPool-1 - Shutdown initiated...
2025-11-30T18:04:53.839+03:00  INFO 20448 --- [auction] [SpringApplicationShutdownHook] com.zaxxer.hikari.HikariDataSource       : HikariPool-1 - Shutdown completed.
2025-11-30T18:05:01.403+03:00  INFO 12156 --- [auction] [main] com.project.auction.AuctionApplication   : Starting AuctionApplication using Java 17.0.16 with PID 12156 (C:\progect\auction\auction\server\target\classes started by User in C:\progect\auction\auction\server)
2025-11-30T18:05:01.406+03:00  INFO 12156 --- [auction] [main] com.project.auction.AuctionApplication   : No active profile set, falling back to 1 default profile: "default"
2025-11-30T18:05:01.904+03:00  INFO 12156 --- [auction] [main] .s.d.r.c.RepositoryConfigurationDelegate : Bootstrapping Spring Data JPA repositories in DEFAULT mode.
2025-11-30T18:05:01.945+03:00  INFO 12156 --- [auction] [main] .s.d.r.c.RepositoryConfigurationDelegate : Finished Spring Data repository scanning in 36 ms. Found 1 JPA repository interface.
2025-11-30T18:05:02.387+03:00  INFO 12156 --- [auction] [main] o.s.boot.tomcat.TomcatWebServer          : Tomcat initialized with port 8080 (http)
2025-11-30T18:05:02.406+03:00  INFO 12156 --- [auction] [main] o.apache.catalina.core.StandardService   : Starting service [Tomcat]
2025-11-30T18:05:02.406+03:00  INFO 12156 --- [auction] [main] o.apache.catalina.core.StandardEngine    : Starting Servlet engine: [Apache Tomcat/11.0.14]
2025-11-30T18:05:02.445+03:00  INFO 12156 --- [auction] [main] b.w.c.s.WebApplicationContextInitializer : Root WebApplicationContext: initialization completed in 1004 ms
2025-11-30T18:05:02.535+03:00  INFO 12156 --- [auction] [main] com.zaxxer.hikari.HikariDataSource       : HikariPool-1 - Starting...
2025-11-30T18:05:02.618+03:00  INFO 12156 --- [auction] [main] com.zaxxer.hikari.pool.HikariPool        : HikariPool-1 - Added connection org.postgresql.jdbc.PgConnection@415a3f6a
2025-11-30T18:05:02.618+03:00  INFO 12156 --- [auction] [main] com.zaxxer.hikari.HikariDataSource       : HikariPool-1 - Start completed.
2025-11-30T18:05:02.644+03:00  INFO 12156 --- [auction] [main] o.hibernate.jpa.internal.util.LogHelper  : HHH000204: Processing PersistenceUnitInfo [name: default]
2025-11-30T18:05:02.680+03:00  INFO 12156 --- [auction] [main] org.hibernate.Version                    : HHH000412: Hibernate ORM core version 7.1.8.Final
2025-11-30T18:05:03.002+03:00  INFO 12156 --- [auction] [main] o.s.o.j.p.SpringPersistenceUnitInfo      : No LoadTimeWeaver setup: ignoring JPA class transformer
2025-11-30T18:05:03.586+03:00  INFO 12156 --- [auction] [main] org.hibernate.orm.connections.pooling    : HHH10001005: Database info:
	Database JDBC URL [jdbc:postgresql://localhost:5432/auction]
	Database driver: PostgreSQL JDBC Driver
	Database dialect: PostgreSQLDialect
	Database version: 18.1
	Default catalog/schema: auction/public
	Autocommit mode: undefined/unknown
	Isolation level: READ_COMMITTED [default READ_COMMITTED]
	JDBC fetch size: none
	Pool: DatasourceConnectionProviderImpl
	Minimum pool size: undefined/unknown
	Maximum pool size: undefined/unknown
2025-11-30T18:05:04.232+03:00  INFO 12156 --- [auction] [main] o.h.e.t.j.p.i.JtaPlatformInitiator       : HHH000489: No JTA platform available (set 'hibernate.transaction.jta.platform' to enable JTA platform integration)
2025-11-30T18:05:04.239+03:00  INFO 12156 --- [auction] [main] j.LocalContainerEntityManagerFactoryBean : Initialized JPA EntityManagerFactory for persistence unit 'default'
2025-11-30T18:05:04.294+03:00  INFO 12156 --- [auction] [main] o.s.d.j.r.query.QueryEnhancerFactories   : Hibernate is in classpath; If applicable, HQL parser will be used.
2025-11-30T18:05:04.520+03:00  INFO 12156 --- [auction] [main] r$InitializeUserDetailsManagerConfigurer : Global AuthenticationManager configured with UserDetailsService bean with name userDetailsServiceImpl
2025-11-30T18:05:04.548+03:00  WARN 12156 --- [auction] [main] JpaBaseConfiguration$JpaWebConfiguration : spring.jpa.open-in-view is enabled by default. Therefore, database queries may be performed during view rendering. Explicitly configure spring.jpa.open-in-view to disable this warning
2025-11-30T18:05:04.690+03:00 DEBUG 12156 --- [auction] [main] o.s.s.web.DefaultSecurityFilterChain     : Will secure any request with filters: DisableEncodeUrlFilter, WebAsyncManagerIntegrationFilter, SecurityContextHolderFilter, HeaderWriterFilter, LogoutFilter, AuthTokenFilter, RequestCacheAwareFilter, SecurityContextHolderAwareRequestFilter, AnonymousAuthenticationFilter, SessionManagementFilter, ExceptionTranslationFilter, AuthorizationFilter
2025-11-30T18:05:04.735+03:00  INFO 12156 --- [auction] [main] o.s.b.w.a.WelcomePageHandlerMapping      : Adding welcome page: class path resource [static/index.html]
2025-11-30T18:05:04.951+03:00  INFO 12156 --- [auction] [main] o.s.boot.tomcat.TomcatWebServer          : Tomcat started on port 8080 (http) with context path '/'
2025-11-30T18:05:04.959+03:00  INFO 12156 --- [auction] [main] com.project.auction.AuctionApplication   : Started AuctionApplication in 3.932 seconds (process running for 4.204)
2025-11-30T18:05:08.173+03:00  INFO 12156 --- [auction] [http-nio-8080-exec-1] o.a.c.c.C.[Tomcat].[localhost].[/]       : Initializing Spring DispatcherServlet 'dispatcherServlet'
2025-11-30T18:05:08.173+03:00  INFO 12156 --- [auction] [http-nio-8080-exec-1] o.s.web.servlet.DispatcherServlet        : Initializing Servlet 'dispatcherServlet'
2025-11-30T18:05:08.173+03:00  INFO 12156 --- [auction] [http-nio-8080-exec-1] o.s.web.servlet.DispatcherServlet        : Completed initialization in 0 ms
2025-11-30T18:05:08.189+03:00 TRACE 12156 --- [auction] [http-nio-8080-exec-1] o.s.security.web.FilterChainProxy        : Trying to match request against DefaultSecurityFilterChain defined as 'filterChain' in [class path resource [com/project/auction/config/WebSecurityConfig.class]] matching [any request] and having filters [DisableEncodeUrl, WebAsyncManagerIntegration, SecurityContextHolder, HeaderWriter, Logout, AuthToken, RequestCacheAware, SecurityContextHolderAwareRequest, AnonymousAuthentication, SessionManagement, ExceptionTranslation, Authorization] (1/1)
2025-11-30T18:05:08.189+03:00 DEBUG 12156 --- [auction] [http-nio-8080-exec-1] o.s.security.web.FilterChainProxy        : Securing OPTIONS /signup
2025-11-30T18:05:08.196+03:00 TRACE 12156 --- [auction] [http-nio-8080-exec-1] o.s.security.web.FilterChainProxy        : Invoking DisableEncodeUrlFilter (1/12)
2025-11-30T18:05:08.197+03:00 TRACE 12156 --- [auction] [http-nio-8080-exec-1] o.s.security.web.FilterChainProxy        : Invoking WebAsyncManagerIntegrationFilter (2/12)
2025-11-30T18:05:08.199+03:00 TRACE 12156 --- [auction] [http-nio-8080-exec-1] o.s.security.web.FilterChainProxy        : Invoking SecurityContextHolderFilter (3/12)
2025-11-30T18:05:08.199+03:00 TRACE 12156 --- [auction] [http-nio-8080-exec-1] o.s.security.web.FilterChainProxy        : Invoking HeaderWriterFilter (4/12)
2025-11-30T18:05:08.204+03:00 TRACE 12156 --- [auction] [http-nio-8080-exec-1] o.s.security.web.FilterChainProxy        : Invoking LogoutFilter (5/12)
2025-11-30T18:05:08.204+03:00 TRACE 12156 --- [auction] [http-nio-8080-exec-1] o.s.s.w.a.logout.LogoutFilter            : Did not match request to Or [PathPattern [GET /logout], PathPattern [POST /logout], PathPattern [PUT /logout], PathPattern [DELETE /logout]]
2025-11-30T18:05:08.207+03:00 TRACE 12156 --- [auction] [http-nio-8080-exec-1] o.s.security.web.FilterChainProxy        : Invoking AuthTokenFilter (6/12)
2025-11-30T18:05:08.207+03:00 TRACE 12156 --- [auction] [http-nio-8080-exec-1] o.s.s.w.header.writers.HstsHeaderWriter  : Not injecting HSTS header since it did not match request to [Is Secure]
2025-11-30T18:05:09.377+03:00 TRACE 12156 --- [auction] [http-nio-8080-exec-3] o.s.security.web.FilterChainProxy        : Trying to match request against DefaultSecurityFilterChain defined as 'filterChain' in [class path resource [com/project/auction/config/WebSecurityConfig.class]] matching [any request] and having filters [DisableEncodeUrl, WebAsyncManagerIntegration, SecurityContextHolder, HeaderWriter, Logout, AuthToken, RequestCacheAware, SecurityContextHolderAwareRequest, AnonymousAuthentication, SessionManagement, ExceptionTranslation, Authorization] (1/1)
2025-11-30T18:05:09.377+03:00 DEBUG 12156 --- [auction] [http-nio-8080-exec-3] o.s.security.web.FilterChainProxy        : Securing OPTIONS /signup
2025-11-30T18:05:09.377+03:00 TRACE 12156 --- [auction] [http-nio-8080-exec-3] o.s.security.web.FilterChainProxy        : Invoking DisableEncodeUrlFilter (1/12)
2025-11-30T18:05:09.377+03:00 TRACE 12156 --- [auction] [http-nio-8080-exec-3] o.s.security.web.FilterChainProxy        : Invoking WebAsyncManagerIntegrationFilter (2/12)
2025-11-30T18:05:09.377+03:00 TRACE 12156 --- [auction] [http-nio-8080-exec-3] o.s.security.web.FilterChainProxy        : Invoking SecurityContextHolderFilter (3/12)
2025-11-30T18:05:09.386+03:00 TRACE 12156 --- [auction] [http-nio-8080-exec-3] o.s.security.web.FilterChainProxy        : Invoking HeaderWriterFilter (4/12)
2025-11-30T18:05:09.386+03:00 TRACE 12156 --- [auction] [http-nio-8080-exec-3] o.s.security.web.FilterChainProxy        : Invoking LogoutFilter (5/12)
2025-11-30T18:05:09.386+03:00 TRACE 12156 --- [auction] [http-nio-8080-exec-3] o.s.s.w.a.logout.LogoutFilter            : Did not match request to Or [PathPattern [GET /logout], PathPattern [POST /logout], PathPattern [PUT /logout], PathPattern [DELETE /logout]]
2025-11-30T18:05:09.386+03:00 TRACE 12156 --- [auction] [http-nio-8080-exec-3] o.s.security.web.FilterChainProxy        : Invoking AuthTokenFilter (6/12)
2025-11-30T18:05:09.386+03:00 TRACE 12156 --- [auction] [http-nio-8080-exec-3] o.s.s.w.header.writers.HstsHeaderWriter  : Not injecting HSTS header since it did not match request to [Is Secure]
2025-11-30T18:05:57.242+03:00 TRACE 12156 --- [auction] [http-nio-8080-exec-4] o.s.security.web.FilterChainProxy        : Trying to match request against DefaultSecurityFilterChain defined as 'filterChain' in [class path resource [com/project/auction/config/WebSecurityConfig.class]] matching [any request] and having filters [DisableEncodeUrl, WebAsyncManagerIntegration, SecurityContextHolder, HeaderWriter, Logout, AuthToken, RequestCacheAware, SecurityContextHolderAwareRequest, AnonymousAuthentication, SessionManagement, ExceptionTranslation, Authorization] (1/1)
2025-11-30T18:05:57.243+03:00 DEBUG 12156 --- [auction] [http-nio-8080-exec-4] o.s.security.web.FilterChainProxy        : Securing OPTIONS /api/auth/signup
2025-11-30T18:05:57.245+03:00 TRACE 12156 --- [auction] [http-nio-8080-exec-4] o.s.security.web.FilterChainProxy        : Invoking DisableEncodeUrlFilter (1/12)
2025-11-30T18:05:57.246+03:00 TRACE 12156 --- [auction] [http-nio-8080-exec-4] o.s.security.web.FilterChainProxy        : Invoking WebAsyncManagerIntegrationFilter (2/12)
2025-11-30T18:05:57.246+03:00 TRACE 12156 --- [auction] [http-nio-8080-exec-4] o.s.security.web.FilterChainProxy        : Invoking SecurityContextHolderFilter (3/12)
2025-11-30T18:05:57.247+03:00 TRACE 12156 --- [auction] [http-nio-8080-exec-4] o.s.security.web.FilterChainProxy        : Invoking HeaderWriterFilter (4/12)
2025-11-30T18:05:57.248+03:00 TRACE 12156 --- [auction] [http-nio-8080-exec-4] o.s.security.web.FilterChainProxy        : Invoking LogoutFilter (5/12)
2025-11-30T18:05:57.250+03:00 TRACE 12156 --- [auction] [http-nio-8080-exec-4] o.s.s.w.a.logout.LogoutFilter            : Did not match request to Or [PathPattern [GET /logout], PathPattern [POST /logout], PathPattern [PUT /logout], PathPattern [DELETE /logout]]
2025-11-30T18:05:57.252+03:00 TRACE 12156 --- [auction] [http-nio-8080-exec-4] o.s.security.web.FilterChainProxy        : Invoking AuthTokenFilter (6/12)
2025-11-30T18:05:57.254+03:00 TRACE 12156 --- [auction] [http-nio-8080-exec-4] o.s.s.w.header.writers.HstsHeaderWriter  : Not injecting HSTS header since it did not match request to [Is Secure]
2025-11-30T18:06:24.882+03:00 TRACE 12156 --- [auction] [http-nio-8080-exec-5] o.s.security.web.FilterChainProxy        : Trying to match request against DefaultSecurityFilterChain defined as 'filterChain' in [class path resource [com/project/auction/config/WebSecurityConfig.class]] matching [any request] and having filters [DisableEncodeUrl, WebAsyncManagerIntegration, SecurityContextHolder, HeaderWriter, Logout, AuthToken, RequestCacheAware, SecurityContextHolderAwareRequest, AnonymousAuthentication, SessionManagement, ExceptionTranslation, Authorization] (1/1)
2025-11-30T18:06:24.883+03:00 DEBUG 12156 --- [auction] [http-nio-8080-exec-5] o.s.security.web.FilterChainProxy        : Securing OPTIONS /api/auth/signup
2025-11-30T18:06:24.884+03:00 TRACE 12156 --- [auction] [http-nio-8080-exec-5] o.s.security.web.FilterChainProxy        : Invoking DisableEncodeUrlFilter (1/12)
2025-11-30T18:06:24.885+03:00 TRACE 12156 --- [auction] [http-nio-8080-exec-5] o.s.security.web.FilterChainProxy        : Invoking WebAsyncManagerIntegrationFilter (2/12)
2025-11-30T18:06:24.886+03:00 TRACE 12156 --- [auction] [http-nio-8080-exec-5] o.s.security.web.FilterChainProxy        : Invoking SecurityContextHolderFilter (3/12)
2025-11-30T18:06:24.887+03:00 TRACE 12156 --- [auction] [http-nio-8080-exec-5] o.s.security.web.FilterChainProxy        : Invoking HeaderWriterFilter (4/12)
2025-11-30T18:06:24.888+03:00 TRACE 12156 --- [auction] [http-nio-8080-exec-5] o.s.security.web.FilterChainProxy        : Invoking LogoutFilter (5/12)
2025-11-30T18:06:24.890+03:00 TRACE 12156 --- [auction] [http-nio-8080-exec-5] o.s.s.w.a.logout.LogoutFilter            : Did not match request to Or [PathPattern [GET /logout], PathPattern [POST /logout], PathPattern [PUT /logout], PathPattern [DELETE /logout]]
2025-11-30T18:06:24.892+03:00 TRACE 12156 --- [auction] [http-nio-8080-exec-5] o.s.security.web.FilterChainProxy        : Invoking AuthTokenFilter (6/12)
2025-11-30T18:06:24.894+03:00 TRACE 12156 --- [auction] [http-nio-8080-exec-5] o.s.s.w.header.writers.HstsHeaderWriter  : Not injecting HSTS header since it did not match request to [Is Secure]
2025-11-30T18:06:43.716+03:00 TRACE 12156 --- [auction] [http-nio-8080-exec-6] o.s.security.web.FilterChainProxy        : Trying to match request against DefaultSecurityFilterChain defined as 'filterChain' in [class path resource [com/project/auction/config/WebSecurityConfig.class]] matching [any request] and having filters [DisableEncodeUrl, WebAsyncManagerIntegration, SecurityContextHolder, HeaderWriter, Logout, AuthToken, RequestCacheAware, SecurityContextHolderAwareRequest, AnonymousAuthentication, SessionManagement, ExceptionTranslation, Authorization] (1/1)
2025-11-30T18:06:43.717+03:00 DEBUG 12156 --- [auction] [http-nio-8080-exec-6] o.s.security.web.FilterChainProxy        : Securing OPTIONS /api/auth/signup
2025-11-30T18:06:43.718+03:00 TRACE 12156 --- [auction] [http-nio-8080-exec-6] o.s.security.web.FilterChainProxy        : Invoking DisableEncodeUrlFilter (1/12)
2025-11-30T18:06:43.719+03:00 TRACE 12156 --- [auction] [http-nio-8080-exec-6] o.s.security.web.FilterChainProxy        : Invoking WebAsyncManagerIntegrationFilter (2/12)
2025-11-30T18:06:43.720+03:00 TRACE 12156 --- [auction] [http-nio-8080-exec-6] o.s.security.web.FilterChainProxy        : Invoking SecurityContextHolderFilter (3/12)
2025-11-30T18:06:43.721+03:00 TRACE 12156 --- [auction] [http-nio-8080-exec-6] o.s.security.web.FilterChainProxy        : Invoking HeaderWriterFilter (4/12)
2025-11-30T18:06:43.722+03:00 TRACE 12156 --- [auction] [http-nio-8080-exec-6] o.s.security.web.FilterChainProxy        : Invoking LogoutFilter (5/12)
2025-11-30T18:06:43.724+03:00 TRACE 12156 --- [auction] [http-nio-8080-exec-6] o.s.s.w.a.logout.LogoutFilter            : Did not match request to Or [PathPattern [GET /logout], PathPattern [POST /logout], PathPattern [PUT /logout], PathPattern [DELETE /logout]]
2025-11-30T18:06:43.725+03:00 TRACE 12156 --- [auction] [http-nio-8080-exec-6] o.s.security.web.FilterChainProxy        : Invoking AuthTokenFilter (6/12)
2025-11-30T18:06:43.726+03:00 TRACE 12156 --- [auction] [http-nio-8080-exec-6] o.s.s.w.header.writers.HstsHeaderWriter  : Not injecting HSTS header since it did not match request to [Is Secure]
2025-11-30T18:07:36.333+03:00  INFO 14656 --- [auction] [main] com.project.auction.AuctionApplication   : Starting AuctionApplication using Java 17.0.16 with PID 14656 (C:\progect\auction\auction\server\target\classes started by User in C:\progect\auction\auction\server)
2025-11-30T18:07:36.336+03:00  INFO 14656 --- [auction] [main] com.project.auction.AuctionApplication   : No active profile set, falling back to 1 default profile: "default"
2025-11-30T18:07:36.840+03:00  INFO 14656 --- [auction] [main] .s.d.r.c.RepositoryConfigurationDelegate : Bootstrapping Spring Data JPA repositories in DEFAULT mode.
2025-11-30T18:07:36.887+03:00  INFO 14656 --- [auction] [main] .s.d.r.c.RepositoryConfigurationDelegate : Finished Spring Data repository scanning in 35 ms. Found 1 JPA repository interface.
2025-11-30T18:07:37.327+03:00  INFO 14656 --- [auction] [main] o.s.boot.tomcat.TomcatWebServer          : Tomcat initialized with port 8080 (http)
2025-11-30T18:07:37.344+03:00  INFO 14656 --- [auction] [main] o.apache.catalina.core.StandardService   : Starting service [Tomcat]
2025-11-30T18:07:37.344+03:00  INFO 14656 --- [auction] [main] o.apache.catalina.core.StandardEngine    : Starting Servlet engine: [Apache Tomcat/11.0.14]
2025-11-30T18:07:37.384+03:00  INFO 14656 --- [auction] [main] b.w.c.s.WebApplicationContextInitializer : Root WebApplicationContext: initialization completed in 1006 ms
2025-11-30T18:07:37.458+03:00  INFO 14656 --- [auction] [main] com.zaxxer.hikari.HikariDataSource       : HikariPool-1 - Starting...
2025-11-30T18:07:37.559+03:00  INFO 14656 --- [auction] [main] com.zaxxer.hikari.pool.HikariPool        : HikariPool-1 - Added connection org.postgresql.jdbc.PgConnection@415a3f6a
2025-11-30T18:07:37.559+03:00  INFO 14656 --- [auction] [main] com.zaxxer.hikari.HikariDataSource       : HikariPool-1 - Start completed.
2025-11-30T18:07:37.583+03:00  INFO 14656 --- [auction] [main] o.hibernate.jpa.internal.util.LogHelper  : HHH000204: Processing PersistenceUnitInfo [name: default]
2025-11-30T18:07:37.620+03:00  INFO 14656 --- [auction] [main] org.hibernate.Version                    : HHH000412: Hibernate ORM core version 7.1.8.Final
2025-11-30T18:07:37.982+03:00  INFO 14656 --- [auction] [main] o.s.o.j.p.SpringPersistenceUnitInfo      : No LoadTimeWeaver setup: ignoring JPA class transformer
2025-11-30T18:07:38.560+03:00  INFO 14656 --- [auction] [main] org.hibernate.orm.connections.pooling    : HHH10001005: Database info:
	Database JDBC URL [jdbc:postgresql://localhost:5432/auction]
	Database driver: PostgreSQL JDBC Driver
	Database dialect: PostgreSQLDialect
	Database version: 18.1
	Default catalog/schema: auction/public
	Autocommit mode: undefined/unknown
	Isolation level: READ_COMMITTED [default READ_COMMITTED]
	JDBC fetch size: none
	Pool: DatasourceConnectionProviderImpl
	Minimum pool size: undefined/unknown
	Maximum pool size: undefined/unknown
2025-11-30T18:07:39.228+03:00  INFO 14656 --- [auction] [main] o.h.e.t.j.p.i.JtaPlatformInitiator       : HHH000489: No JTA platform available (set 'hibernate.transaction.jta.platform' to enable JTA platform integration)
2025-11-30T18:07:39.236+03:00  INFO 14656 --- [auction] [main] j.LocalContainerEntityManagerFactoryBean : Initialized JPA EntityManagerFactory for persistence unit 'default'
2025-11-30T18:07:39.297+03:00  INFO 14656 --- [auction] [main] o.s.d.j.r.query.QueryEnhancerFactories   : Hibernate is in classpath; If applicable, HQL parser will be used.
2025-11-30T18:07:39.532+03:00  INFO 14656 --- [auction] [main] r$InitializeUserDetailsManagerConfigurer : Global AuthenticationManager configured with UserDetailsService bean with name userDetailsServiceImpl
2025-11-30T18:07:39.560+03:00  WARN 14656 --- [auction] [main] JpaBaseConfiguration$JpaWebConfiguration : spring.jpa.open-in-view is enabled by default. Therefore, database queries may be performed during view rendering. Explicitly configure spring.jpa.open-in-view to disable this warning
2025-11-30T18:07:39.723+03:00 DEBUG 14656 --- [auction] [main] o.s.s.web.DefaultSecurityFilterChain     : Will secure any request with filters: DisableEncodeUrlFilter, WebAsyncManagerIntegrationFilter, SecurityContextHolderFilter, HeaderWriterFilter, LogoutFilter, AuthTokenFilter, RequestCacheAwareFilter, SecurityContextHolderAwareRequestFilter, AnonymousAuthenticationFilter, SessionManagementFilter, ExceptionTranslationFilter, AuthorizationFilter
2025-11-30T18:07:39.770+03:00  INFO 14656 --- [auction] [main] o.s.b.w.a.WelcomePageHandlerMapping      : Adding welcome page: class path resource [static/index.html]
2025-11-30T18:07:40.001+03:00  INFO 14656 --- [auction] [main] o.s.boot.tomcat.TomcatWebServer          : Tomcat started on port 8080 (http) with context path '/'
2025-11-30T18:07:40.008+03:00  INFO 14656 --- [auction] [main] com.project.auction.AuctionApplication   : Started AuctionApplication in 4.039 seconds (process running for 4.284)
2025-11-30T18:07:56.452+03:00  INFO 14656 --- [auction] [http-nio-8080-exec-1] o.a.c.c.C.[Tomcat].[localhost].[/]       : Initializing Spring DispatcherServlet 'dispatcherServlet'
2025-11-30T18:07:56.453+03:00  INFO 14656 --- [auction] [http-nio-8080-exec-1] o.s.web.servlet.DispatcherServlet        : Initializing Servlet 'dispatcherServlet'
2025-11-30T18:07:56.455+03:00  INFO 14656 --- [auction] [http-nio-8080-exec-1] o.s.web.servlet.DispatcherServlet        : Completed initialization in 0 ms
2025-11-30T18:07:56.462+03:00 TRACE 14656 --- [auction] [http-nio-8080-exec-1] o.s.security.web.FilterChainProxy        : Trying to match request against DefaultSecurityFilterChain defined as 'filterChain' in [class path resource [com/project/auction/config/WebSecurityConfig.class]] matching [any request] and having filters [DisableEncodeUrl, WebAsyncManagerIntegration, SecurityContextHolder, HeaderWriter, Logout, AuthToken, RequestCacheAware, SecurityContextHolderAwareRequest, AnonymousAuthentication, SessionManagement, ExceptionTranslation, Authorization] (1/1)
2025-11-30T18:07:56.463+03:00 DEBUG 14656 --- [auction] [http-nio-8080-exec-1] o.s.security.web.FilterChainProxy        : Securing OPTIONS /api/auth/signup
2025-11-30T18:07:56.464+03:00 TRACE 14656 --- [auction] [http-nio-8080-exec-1] o.s.security.web.FilterChainProxy        : Invoking DisableEncodeUrlFilter (1/12)
2025-11-30T18:07:56.464+03:00 TRACE 14656 --- [auction] [http-nio-8080-exec-1] o.s.security.web.FilterChainProxy        : Invoking WebAsyncManagerIntegrationFilter (2/12)
2025-11-30T18:07:56.468+03:00 TRACE 14656 --- [auction] [http-nio-8080-exec-1] o.s.security.web.FilterChainProxy        : Invoking SecurityContextHolderFilter (3/12)
2025-11-30T18:07:56.470+03:00 TRACE 14656 --- [auction] [http-nio-8080-exec-1] o.s.security.web.FilterChainProxy        : Invoking HeaderWriterFilter (4/12)
2025-11-30T18:07:56.473+03:00 TRACE 14656 --- [auction] [http-nio-8080-exec-1] o.s.security.web.FilterChainProxy        : Invoking LogoutFilter (5/12)
2025-11-30T18:07:56.474+03:00 TRACE 14656 --- [auction] [http-nio-8080-exec-1] o.s.s.w.a.logout.LogoutFilter            : Did not match request to Or [PathPattern [GET /logout], PathPattern [POST /logout], PathPattern [PUT /logout], PathPattern [DELETE /logout]]
2025-11-30T18:07:56.475+03:00 TRACE 14656 --- [auction] [http-nio-8080-exec-1] o.s.security.web.FilterChainProxy        : Invoking AuthTokenFilter (6/12)
2025-11-30T18:07:56.476+03:00 TRACE 14656 --- [auction] [http-nio-8080-exec-1] o.s.s.w.header.writers.HstsHeaderWriter  : Not injecting HSTS header since it did not match request to [Is Secure]
2025-11-30T18:08:51.179+03:00 TRACE 14656 --- [auction] [http-nio-8080-exec-2] o.s.security.web.FilterChainProxy        : Trying to match request against DefaultSecurityFilterChain defined as 'filterChain' in [class path resource [com/project/auction/config/WebSecurityConfig.class]] matching [any request] and having filters [DisableEncodeUrl, WebAsyncManagerIntegration, SecurityContextHolder, HeaderWriter, Logout, AuthToken, RequestCacheAware, SecurityContextHolderAwareRequest, AnonymousAuthentication, SessionManagement, ExceptionTranslation, Authorization] (1/1)
2025-11-30T18:08:51.187+03:00 DEBUG 14656 --- [auction] [http-nio-8080-exec-2] o.s.security.web.FilterChainProxy        : Securing GET /api/auth/signup
2025-11-30T18:08:51.187+03:00 TRACE 14656 --- [auction] [http-nio-8080-exec-2] o.s.security.web.FilterChainProxy        : Invoking DisableEncodeUrlFilter (1/12)
2025-11-30T18:08:51.187+03:00 TRACE 14656 --- [auction] [http-nio-8080-exec-2] o.s.security.web.FilterChainProxy        : Invoking WebAsyncManagerIntegrationFilter (2/12)
2025-11-30T18:08:51.195+03:00 TRACE 14656 --- [auction] [http-nio-8080-exec-2] o.s.security.web.FilterChainProxy        : Invoking SecurityContextHolderFilter (3/12)
2025-11-30T18:08:51.195+03:00 TRACE 14656 --- [auction] [http-nio-8080-exec-2] o.s.security.web.FilterChainProxy        : Invoking HeaderWriterFilter (4/12)
2025-11-30T18:08:51.195+03:00 TRACE 14656 --- [auction] [http-nio-8080-exec-2] o.s.security.web.FilterChainProxy        : Invoking LogoutFilter (5/12)
2025-11-30T18:08:51.195+03:00 TRACE 14656 --- [auction] [http-nio-8080-exec-2] o.s.s.w.a.logout.LogoutFilter            : Did not match request to Or [PathPattern [GET /logout], PathPattern [POST /logout], PathPattern [PUT /logout], PathPattern [DELETE /logout]]
2025-11-30T18:08:51.195+03:00 TRACE 14656 --- [auction] [http-nio-8080-exec-2] o.s.security.web.FilterChainProxy        : Invoking AuthTokenFilter (6/12)
2025-11-30T18:08:51.203+03:00 TRACE 14656 --- [auction] [http-nio-8080-exec-2] o.s.s.w.header.writers.HstsHeaderWriter  : Not injecting HSTS header since it did not match request to [Is Secure]
2025-11-30T18:08:51.229+03:00 TRACE 14656 --- [auction] [http-nio-8080-exec-3] o.s.security.web.FilterChainProxy        : Trying to match request against DefaultSecurityFilterChain defined as 'filterChain' in [class path resource [com/project/auction/config/WebSecurityConfig.class]] matching [any request] and having filters [DisableEncodeUrl, WebAsyncManagerIntegration, SecurityContextHolder, HeaderWriter, Logout, AuthToken, RequestCacheAware, SecurityContextHolderAwareRequest, AnonymousAuthentication, SessionManagement, ExceptionTranslation, Authorization] (1/1)
2025-11-30T18:08:51.230+03:00 DEBUG 14656 --- [auction] [http-nio-8080-exec-3] o.s.security.web.FilterChainProxy        : Securing GET /favicon.ico
2025-11-30T18:08:51.231+03:00 TRACE 14656 --- [auction] [http-nio-8080-exec-3] o.s.security.web.FilterChainProxy        : Invoking DisableEncodeUrlFilter (1/12)
2025-11-30T18:08:51.231+03:00 TRACE 14656 --- [auction] [http-nio-8080-exec-3] o.s.security.web.FilterChainProxy        : Invoking WebAsyncManagerIntegrationFilter (2/12)
2025-11-30T18:08:51.232+03:00 TRACE 14656 --- [auction] [http-nio-8080-exec-3] o.s.security.web.FilterChainProxy        : Invoking SecurityContextHolderFilter (3/12)
2025-11-30T18:08:51.232+03:00 TRACE 14656 --- [auction] [http-nio-8080-exec-3] o.s.security.web.FilterChainProxy        : Invoking HeaderWriterFilter (4/12)
2025-11-30T18:08:51.233+03:00 TRACE 14656 --- [auction] [http-nio-8080-exec-3] o.s.security.web.FilterChainProxy        : Invoking LogoutFilter (5/12)
2025-11-30T18:08:51.233+03:00 TRACE 14656 --- [auction] [http-nio-8080-exec-3] o.s.s.w.a.logout.LogoutFilter            : Did not match request to Or [PathPattern [GET /logout], PathPattern [POST /logout], PathPattern [PUT /logout], PathPattern [DELETE /logout]]
2025-11-30T18:08:51.233+03:00 TRACE 14656 --- [auction] [http-nio-8080-exec-3] o.s.security.web.FilterChainProxy        : Invoking AuthTokenFilter (6/12)
2025-11-30T18:08:51.234+03:00 TRACE 14656 --- [auction] [http-nio-8080-exec-3] o.s.s.w.header.writers.HstsHeaderWriter  : Not injecting HSTS header since it did not match request to [Is Secure]
2025-11-30T18:08:51.240+03:00 TRACE 14656 --- [auction] [http-nio-8080-exec-5] o.s.security.web.FilterChainProxy        : Trying to match request against DefaultSecurityFilterChain defined as 'filterChain' in [class path resource [com/project/auction/config/WebSecurityConfig.class]] matching [any request] and having filters [DisableEncodeUrl, WebAsyncManagerIntegration, SecurityContextHolder, HeaderWriter, Logout, AuthToken, RequestCacheAware, SecurityContextHolderAwareRequest, AnonymousAuthentication, SessionManagement, ExceptionTranslation, Authorization] (1/1)
2025-11-30T18:08:51.241+03:00 DEBUG 14656 --- [auction] [http-nio-8080-exec-5] o.s.security.web.FilterChainProxy        : Securing GET /.well-known/appspecific/com.chrome.devtools.json
2025-11-30T18:08:51.242+03:00 TRACE 14656 --- [auction] [http-nio-8080-exec-5] o.s.security.web.FilterChainProxy        : Invoking DisableEncodeUrlFilter (1/12)
2025-11-30T18:08:51.243+03:00 TRACE 14656 --- [auction] [http-nio-8080-exec-5] o.s.security.web.FilterChainProxy        : Invoking WebAsyncManagerIntegrationFilter (2/12)
2025-11-30T18:08:51.244+03:00 TRACE 14656 --- [auction] [http-nio-8080-exec-5] o.s.security.web.FilterChainProxy        : Invoking SecurityContextHolderFilter (3/12)
2025-11-30T18:08:51.244+03:00 TRACE 14656 --- [auction] [http-nio-8080-exec-5] o.s.security.web.FilterChainProxy        : Invoking HeaderWriterFilter (4/12)
2025-11-30T18:08:51.245+03:00 TRACE 14656 --- [auction] [http-nio-8080-exec-5] o.s.security.web.FilterChainProxy        : Invoking LogoutFilter (5/12)
2025-11-30T18:08:51.245+03:00 TRACE 14656 --- [auction] [http-nio-8080-exec-5] o.s.s.w.a.logout.LogoutFilter            : Did not match request to Or [PathPattern [GET /logout], PathPattern [POST /logout], PathPattern [PUT /logout], PathPattern [DELETE /logout]]
2025-11-30T18:08:51.246+03:00 TRACE 14656 --- [auction] [http-nio-8080-exec-5] o.s.security.web.FilterChainProxy        : Invoking AuthTokenFilter (6/12)
2025-11-30T18:08:51.247+03:00 TRACE 14656 --- [auction] [http-nio-8080-exec-5] o.s.s.w.header.writers.HstsHeaderWriter  : Not injecting HSTS header since it did not match request to [Is Secure]
2025-11-30T18:10:53.180+03:00 TRACE 14656 --- [auction] [http-nio-8080-exec-8] o.s.security.web.FilterChainProxy        : Trying to match request against DefaultSecurityFilterChain defined as 'filterChain' in [class path resource [com/project/auction/config/WebSecurityConfig.class]] matching [any request] and having filters [DisableEncodeUrl, WebAsyncManagerIntegration, SecurityContextHolder, HeaderWriter, Logout, AuthToken, RequestCacheAware, SecurityContextHolderAwareRequest, AnonymousAuthentication, SessionManagement, ExceptionTranslation, Authorization] (1/1)
2025-11-30T18:10:53.182+03:00 DEBUG 14656 --- [auction] [http-nio-8080-exec-8] o.s.security.web.FilterChainProxy        : Securing OPTIONS /api/auth/signup
2025-11-30T18:10:53.182+03:00 TRACE 14656 --- [auction] [http-nio-8080-exec-8] o.s.security.web.FilterChainProxy        : Invoking DisableEncodeUrlFilter (1/12)
2025-11-30T18:10:53.183+03:00 TRACE 14656 --- [auction] [http-nio-8080-exec-8] o.s.security.web.FilterChainProxy        : Invoking WebAsyncManagerIntegrationFilter (2/12)
2025-11-30T18:10:53.184+03:00 TRACE 14656 --- [auction] [http-nio-8080-exec-8] o.s.security.web.FilterChainProxy        : Invoking SecurityContextHolderFilter (3/12)
2025-11-30T18:10:53.185+03:00 TRACE 14656 --- [auction] [http-nio-8080-exec-8] o.s.security.web.FilterChainProxy        : Invoking HeaderWriterFilter (4/12)
2025-11-30T18:10:53.186+03:00 TRACE 14656 --- [auction] [http-nio-8080-exec-8] o.s.security.web.FilterChainProxy        : Invoking LogoutFilter (5/12)
2025-11-30T18:10:53.188+03:00 TRACE 14656 --- [auction] [http-nio-8080-exec-8] o.s.s.w.a.logout.LogoutFilter            : Did not match request to Or [PathPattern [GET /logout], PathPattern [POST /logout], PathPattern [PUT /logout], PathPattern [DELETE /logout]]
2025-11-30T18:10:53.189+03:00 TRACE 14656 --- [auction] [http-nio-8080-exec-8] o.s.security.web.FilterChainProxy        : Invoking AuthTokenFilter (6/12)
2025-11-30T18:10:53.190+03:00 TRACE 14656 --- [auction] [http-nio-8080-exec-8] o.s.s.w.header.writers.HstsHeaderWriter  : Not injecting HSTS header since it did not match request to [Is Secure]
2025-11-30T18:13:52.116+03:00  INFO 14656 --- [auction] [SpringApplicationShutdownHook] o.s.boot.tomcat.GracefulShutdown         : Commencing graceful shutdown. Waiting for active requests to complete
2025-11-30T18:13:52.188+03:00  INFO 14656 --- [auction] [tomcat-shutdown] o.s.boot.tomcat.GracefulShutdown         : Graceful shutdown complete
2025-11-30T18:13:52.194+03:00  INFO 14656 --- [auction] [SpringApplicationShutdownHook] j.LocalContainerEntityManagerFactoryBean : Closing JPA EntityManagerFactory for persistence unit 'default'
2025-11-30T18:13:52.198+03:00  INFO 14656 --- [auction] [SpringApplicationShutdownHook] com.zaxxer.hikari.HikariDataSource       : HikariPool-1 - Shutdown initiated...
2025-11-30T18:13:52.212+03:00  INFO 14656 --- [auction] [SpringApplicationShutdownHook] com.zaxxer.hikari.HikariDataSource       : HikariPool-1 - Shutdown completed.
2025-11-30T18:14:02.006+03:00  INFO 19996 --- [auction] [main] com.project.auction.AuctionApplication   : Starting AuctionApplication using Java 17.0.16 with PID 19996 (C:\progect\auction\auction\server\target\classes started by User in C:\progect\auction\auction\server)
2025-11-30T18:14:02.009+03:00  INFO 19996 --- [auction] [main] com.project.auction.AuctionApplication   : No active profile set, falling back to 1 default profile: "default"
2025-11-30T18:14:02.591+03:00  INFO 19996 --- [auction] [main] .s.d.r.c.RepositoryConfigurationDelegate : Bootstrapping Spring Data JPA repositories in DEFAULT mode.
2025-11-30T18:14:02.637+03:00  INFO 19996 --- [auction] [main] .s.d.r.c.RepositoryConfigurationDelegate : Finished Spring Data repository scanning in 38 ms. Found 1 JPA repository interface.
2025-11-30T18:14:03.105+03:00  INFO 19996 --- [auction] [main] o.s.boot.tomcat.TomcatWebServer          : Tomcat initialized with port 8080 (http)
2025-11-30T18:14:03.117+03:00  INFO 19996 --- [auction] [main] o.apache.catalina.core.StandardService   : Starting service [Tomcat]
2025-11-30T18:14:03.118+03:00  INFO 19996 --- [auction] [main] o.apache.catalina.core.StandardEngine    : Starting Servlet engine: [Apache Tomcat/11.0.14]
2025-11-30T18:14:03.168+03:00  INFO 19996 --- [auction] [main] b.w.c.s.WebApplicationContextInitializer : Root WebApplicationContext: initialization completed in 1120 ms
2025-11-30T18:14:03.249+03:00  INFO 19996 --- [auction] [main] com.zaxxer.hikari.HikariDataSource       : HikariPool-1 - Starting...
2025-11-30T18:14:03.344+03:00  INFO 19996 --- [auction] [main] com.zaxxer.hikari.pool.HikariPool        : HikariPool-1 - Added connection org.postgresql.jdbc.PgConnection@415a3f6a
2025-11-30T18:14:03.346+03:00  INFO 19996 --- [auction] [main] com.zaxxer.hikari.HikariDataSource       : HikariPool-1 - Start completed.
2025-11-30T18:14:03.367+03:00  INFO 19996 --- [auction] [main] o.hibernate.jpa.internal.util.LogHelper  : HHH000204: Processing PersistenceUnitInfo [name: default]
2025-11-30T18:14:03.401+03:00  INFO 19996 --- [auction] [main] org.hibernate.Version                    : HHH000412: Hibernate ORM core version 7.1.8.Final
2025-11-30T18:14:03.758+03:00  INFO 19996 --- [auction] [main] o.s.o.j.p.SpringPersistenceUnitInfo      : No LoadTimeWeaver setup: ignoring JPA class transformer
2025-11-30T18:14:04.332+03:00  INFO 19996 --- [auction] [main] org.hibernate.orm.connections.pooling    : HHH10001005: Database info:
	Database JDBC URL [jdbc:postgresql://localhost:5432/auction]
	Database driver: PostgreSQL JDBC Driver
	Database dialect: PostgreSQLDialect
	Database version: 18.1
	Default catalog/schema: auction/public
	Autocommit mode: undefined/unknown
	Isolation level: READ_COMMITTED [default READ_COMMITTED]
	JDBC fetch size: none
	Pool: DatasourceConnectionProviderImpl
	Minimum pool size: undefined/unknown
	Maximum pool size: undefined/unknown
2025-11-30T18:14:05.016+03:00  INFO 19996 --- [auction] [main] o.h.e.t.j.p.i.JtaPlatformInitiator       : HHH000489: No JTA platform available (set 'hibernate.transaction.jta.platform' to enable JTA platform integration)
2025-11-30T18:14:05.033+03:00  INFO 19996 --- [auction] [main] j.LocalContainerEntityManagerFactoryBean : Initialized JPA EntityManagerFactory for persistence unit 'default'
2025-11-30T18:14:05.092+03:00  INFO 19996 --- [auction] [main] o.s.d.j.r.query.QueryEnhancerFactories   : Hibernate is in classpath; If applicable, HQL parser will be used.
2025-11-30T18:14:05.327+03:00  INFO 19996 --- [auction] [main] r$InitializeUserDetailsManagerConfigurer : Global AuthenticationManager configured with UserDetailsService bean with name userDetailsServiceImpl
2025-11-30T18:14:05.357+03:00  WARN 19996 --- [auction] [main] JpaBaseConfiguration$JpaWebConfiguration : spring.jpa.open-in-view is enabled by default. Therefore, database queries may be performed during view rendering. Explicitly configure spring.jpa.open-in-view to disable this warning
2025-11-30T18:14:05.503+03:00 DEBUG 19996 --- [auction] [main] o.s.s.web.DefaultSecurityFilterChain     : Will secure any request with filters: DisableEncodeUrlFilter, WebAsyncManagerIntegrationFilter, SecurityContextHolderFilter, HeaderWriterFilter, LogoutFilter, AuthTokenFilter, RequestCacheAwareFilter, SecurityContextHolderAwareRequestFilter, AnonymousAuthenticationFilter, SessionManagementFilter, ExceptionTranslationFilter, AuthorizationFilter
2025-11-30T18:14:05.548+03:00  INFO 19996 --- [auction] [main] o.s.b.w.a.WelcomePageHandlerMapping      : Adding welcome page: class path resource [static/index.html]
2025-11-30T18:14:05.760+03:00  INFO 19996 --- [auction] [main] o.s.boot.tomcat.TomcatWebServer          : Tomcat started on port 8080 (http) with context path '/'
2025-11-30T18:14:05.761+03:00  INFO 19996 --- [auction] [main] com.project.auction.AuctionApplication   : Started AuctionApplication in 4.129 seconds (process running for 4.401)
2025-11-30T18:14:13.805+03:00  INFO 19996 --- [auction] [http-nio-8080-exec-1] o.a.c.c.C.[Tomcat].[localhost].[/]       : Initializing Spring DispatcherServlet 'dispatcherServlet'
2025-11-30T18:14:13.805+03:00  INFO 19996 --- [auction] [http-nio-8080-exec-1] o.s.web.servlet.DispatcherServlet        : Initializing Servlet 'dispatcherServlet'
2025-11-30T18:14:13.805+03:00  INFO 19996 --- [auction] [http-nio-8080-exec-1] o.s.web.servlet.DispatcherServlet        : Completed initialization in 0 ms
2025-11-30T18:14:13.831+03:00 TRACE 19996 --- [auction] [http-nio-8080-exec-1] o.s.security.web.FilterChainProxy        : Trying to match request against DefaultSecurityFilterChain defined as 'filterChain' in [class path resource [com/project/auction/config/WebSecurityConfig.class]] matching [any request] and having filters [DisableEncodeUrl, WebAsyncManagerIntegration, SecurityContextHolder, HeaderWriter, Logout, AuthToken, RequestCacheAware, SecurityContextHolderAwareRequest, AnonymousAuthentication, SessionManagement, ExceptionTranslation, Authorization] (1/1)
2025-11-30T18:14:13.839+03:00 DEBUG 19996 --- [auction] [http-nio-8080-exec-1] o.s.security.web.FilterChainProxy        : Securing OPTIONS /api/auth/signup
2025-11-30T18:14:13.843+03:00 TRACE 19996 --- [auction] [http-nio-8080-exec-1] o.s.security.web.FilterChainProxy        : Invoking DisableEncodeUrlFilter (1/12)
2025-11-30T18:14:13.846+03:00 TRACE 19996 --- [auction] [http-nio-8080-exec-1] o.s.security.web.FilterChainProxy        : Invoking WebAsyncManagerIntegrationFilter (2/12)
2025-11-30T18:14:13.852+03:00 TRACE 19996 --- [auction] [http-nio-8080-exec-1] o.s.security.web.FilterChainProxy        : Invoking SecurityContextHolderFilter (3/12)
2025-11-30T18:14:13.860+03:00 TRACE 19996 --- [auction] [http-nio-8080-exec-1] o.s.security.web.FilterChainProxy        : Invoking HeaderWriterFilter (4/12)
2025-11-30T18:14:13.865+03:00 TRACE 19996 --- [auction] [http-nio-8080-exec-1] o.s.security.web.FilterChainProxy        : Invoking LogoutFilter (5/12)
2025-11-30T18:14:13.870+03:00 TRACE 19996 --- [auction] [http-nio-8080-exec-1] o.s.s.w.a.logout.LogoutFilter            : Did not match request to Or [PathPattern [GET /logout], PathPattern [POST /logout], PathPattern [PUT /logout], PathPattern [DELETE /logout]]
2025-11-30T18:14:13.872+03:00 TRACE 19996 --- [auction] [http-nio-8080-exec-1] o.s.security.web.FilterChainProxy        : Invoking AuthTokenFilter (6/12)
2025-11-30T18:14:13.874+03:00 TRACE 19996 --- [auction] [http-nio-8080-exec-1] o.s.s.w.header.writers.HstsHeaderWriter  : Not injecting HSTS header since it did not match request to [Is Secure]
2025-11-30T18:14:14.835+03:00 TRACE 19996 --- [auction] [http-nio-8080-exec-3] o.s.security.web.FilterChainProxy        : Trying to match request against DefaultSecurityFilterChain defined as 'filterChain' in [class path resource [com/project/auction/config/WebSecurityConfig.class]] matching [any request] and having filters [DisableEncodeUrl, WebAsyncManagerIntegration, SecurityContextHolder, HeaderWriter, Logout, AuthToken, RequestCacheAware, SecurityContextHolderAwareRequest, AnonymousAuthentication, SessionManagement, ExceptionTranslation, Authorization] (1/1)
2025-11-30T18:14:14.837+03:00 DEBUG 19996 --- [auction] [http-nio-8080-exec-3] o.s.security.web.FilterChainProxy        : Securing OPTIONS /api/auth/signup
2025-11-30T18:14:14.838+03:00 TRACE 19996 --- [auction] [http-nio-8080-exec-3] o.s.security.web.FilterChainProxy        : Invoking DisableEncodeUrlFilter (1/12)
2025-11-30T18:14:14.839+03:00 TRACE 19996 --- [auction] [http-nio-8080-exec-3] o.s.security.web.FilterChainProxy        : Invoking WebAsyncManagerIntegrationFilter (2/12)
2025-11-30T18:14:14.841+03:00 TRACE 19996 --- [auction] [http-nio-8080-exec-3] o.s.security.web.FilterChainProxy        : Invoking SecurityContextHolderFilter (3/12)
2025-11-30T18:14:14.841+03:00 TRACE 19996 --- [auction] [http-nio-8080-exec-3] o.s.security.web.FilterChainProxy        : Invoking HeaderWriterFilter (4/12)
2025-11-30T18:14:14.845+03:00 TRACE 19996 --- [auction] [http-nio-8080-exec-3] o.s.security.web.FilterChainProxy        : Invoking LogoutFilter (5/12)
2025-11-30T18:14:14.846+03:00 TRACE 19996 --- [auction] [http-nio-8080-exec-3] o.s.s.w.a.logout.LogoutFilter            : Did not match request to Or [PathPattern [GET /logout], PathPattern [POST /logout], PathPattern [PUT /logout], PathPattern [DELETE /logout]]
2025-11-30T18:14:14.848+03:00 TRACE 19996 --- [auction] [http-nio-8080-exec-3] o.s.security.web.FilterChainProxy        : Invoking AuthTokenFilter (6/12)
2025-11-30T18:14:14.850+03:00 TRACE 19996 --- [auction] [http-nio-8080-exec-3] o.s.s.w.header.writers.HstsHeaderWriter  : Not injecting HSTS header since it did not match request to [Is Secure]
2025-11-30T18:14:15.184+03:00 TRACE 19996 --- [auction] [http-nio-8080-exec-7] o.s.security.web.FilterChainProxy        : Trying to match request against DefaultSecurityFilterChain defined as 'filterChain' in [class path resource [com/project/auction/config/WebSecurityConfig.class]] matching [any request] and having filters [DisableEncodeUrl, WebAsyncManagerIntegration, SecurityContextHolder, HeaderWriter, Logout, AuthToken, RequestCacheAware, SecurityContextHolderAwareRequest, AnonymousAuthentication, SessionManagement, ExceptionTranslation, Authorization] (1/1)
2025-11-30T18:14:15.185+03:00 DEBUG 19996 --- [auction] [http-nio-8080-exec-7] o.s.security.web.FilterChainProxy        : Securing OPTIONS /api/auth/signup
2025-11-30T18:14:15.186+03:00 TRACE 19996 --- [auction] [http-nio-8080-exec-7] o.s.security.web.FilterChainProxy        : Invoking DisableEncodeUrlFilter (1/12)
2025-11-30T18:14:15.187+03:00 TRACE 19996 --- [auction] [http-nio-8080-exec-7] o.s.security.web.FilterChainProxy        : Invoking WebAsyncManagerIntegrationFilter (2/12)
2025-11-30T18:14:15.188+03:00 TRACE 19996 --- [auction] [http-nio-8080-exec-7] o.s.security.web.FilterChainProxy        : Invoking SecurityContextHolderFilter (3/12)
2025-11-30T18:14:15.189+03:00 TRACE 19996 --- [auction] [http-nio-8080-exec-7] o.s.security.web.FilterChainProxy        : Invoking HeaderWriterFilter (4/12)
2025-11-30T18:14:15.189+03:00 TRACE 19996 --- [auction] [http-nio-8080-exec-7] o.s.security.web.FilterChainProxy        : Invoking LogoutFilter (5/12)
2025-11-30T18:14:15.190+03:00 TRACE 19996 --- [auction] [http-nio-8080-exec-7] o.s.s.w.a.logout.LogoutFilter            : Did not match request to Or [PathPattern [GET /logout], PathPattern [POST /logout], PathPattern [PUT /logout], PathPattern [DELETE /logout]]
2025-11-30T18:14:15.192+03:00 TRACE 19996 --- [auction] [http-nio-8080-exec-7] o.s.security.web.FilterChainProxy        : Invoking AuthTokenFilter (6/12)
2025-11-30T18:14:15.193+03:00 TRACE 19996 --- [auction] [http-nio-8080-exec-7] o.s.s.w.header.writers.HstsHeaderWriter  : Not injecting HSTS header since it did not match request to [Is Secure]
2025-11-30T18:14:15.481+03:00 TRACE 19996 --- [auction] [http-nio-8080-exec-4] o.s.security.web.FilterChainProxy        : Trying to match request against DefaultSecurityFilterChain defined as 'filterChain' in [class path resource [com/project/auction/config/WebSecurityConfig.class]] matching [any request] and having filters [DisableEncodeUrl, WebAsyncManagerIntegration, SecurityContextHolder, HeaderWriter, Logout, AuthToken, RequestCacheAware, SecurityContextHolderAwareRequest, AnonymousAuthentication, SessionManagement, ExceptionTranslation, Authorization] (1/1)
2025-11-30T18:14:15.482+03:00 DEBUG 19996 --- [auction] [http-nio-8080-exec-4] o.s.security.web.FilterChainProxy        : Securing OPTIONS /api/auth/signup
2025-11-30T18:14:15.482+03:00 TRACE 19996 --- [auction] [http-nio-8080-exec-4] o.s.security.web.FilterChainProxy        : Invoking DisableEncodeUrlFilter (1/12)
2025-11-30T18:14:15.482+03:00 TRACE 19996 --- [auction] [http-nio-8080-exec-4] o.s.security.web.FilterChainProxy        : Invoking WebAsyncManagerIntegrationFilter (2/12)
2025-11-30T18:14:15.482+03:00 TRACE 19996 --- [auction] [http-nio-8080-exec-4] o.s.security.web.FilterChainProxy        : Invoking SecurityContextHolderFilter (3/12)
2025-11-30T18:14:15.482+03:00 TRACE 19996 --- [auction] [http-nio-8080-exec-4] o.s.security.web.FilterChainProxy        : Invoking HeaderWriterFilter (4/12)
2025-11-30T18:14:15.482+03:00 TRACE 19996 --- [auction] [http-nio-8080-exec-4] o.s.security.web.FilterChainProxy        : Invoking LogoutFilter (5/12)
2025-11-30T18:14:15.482+03:00 TRACE 19996 --- [auction] [http-nio-8080-exec-4] o.s.s.w.a.logout.LogoutFilter            : Did not match request to Or [PathPattern [GET /logout], PathPattern [POST /logout], PathPattern [PUT /logout], PathPattern [DELETE /logout]]
2025-11-30T18:14:15.490+03:00 TRACE 19996 --- [auction] [http-nio-8080-exec-4] o.s.security.web.FilterChainProxy        : Invoking AuthTokenFilter (6/12)
2025-11-30T18:14:15.490+03:00 TRACE 19996 --- [auction] [http-nio-8080-exec-4] o.s.s.w.header.writers.HstsHeaderWriter  : Not injecting HSTS header since it did not match request to [Is Secure]
2025-11-30T18:14:15.771+03:00 TRACE 19996 --- [auction] [http-nio-8080-exec-5] o.s.security.web.FilterChainProxy        : Trying to match request against DefaultSecurityFilterChain defined as 'filterChain' in [class path resource [com/project/auction/config/WebSecurityConfig.class]] matching [any request] and having filters [DisableEncodeUrl, WebAsyncManagerIntegration, SecurityContextHolder, HeaderWriter, Logout, AuthToken, RequestCacheAware, SecurityContextHolderAwareRequest, AnonymousAuthentication, SessionManagement, ExceptionTranslation, Authorization] (1/1)
2025-11-30T18:14:15.773+03:00 DEBUG 19996 --- [auction] [http-nio-8080-exec-5] o.s.security.web.FilterChainProxy        : Securing OPTIONS /api/auth/signup
2025-11-30T18:14:15.774+03:00 TRACE 19996 --- [auction] [http-nio-8080-exec-5] o.s.security.web.FilterChainProxy        : Invoking DisableEncodeUrlFilter (1/12)
2025-11-30T18:14:15.774+03:00 TRACE 19996 --- [auction] [http-nio-8080-exec-5] o.s.security.web.FilterChainProxy        : Invoking WebAsyncManagerIntegrationFilter (2/12)
2025-11-30T18:14:15.775+03:00 TRACE 19996 --- [auction] [http-nio-8080-exec-5] o.s.security.web.FilterChainProxy        : Invoking SecurityContextHolderFilter (3/12)
2025-11-30T18:14:15.776+03:00 TRACE 19996 --- [auction] [http-nio-8080-exec-5] o.s.security.web.FilterChainProxy        : Invoking HeaderWriterFilter (4/12)
2025-11-30T18:14:15.777+03:00 TRACE 19996 --- [auction] [http-nio-8080-exec-5] o.s.security.web.FilterChainProxy        : Invoking LogoutFilter (5/12)
2025-11-30T18:14:15.779+03:00 TRACE 19996 --- [auction] [http-nio-8080-exec-5] o.s.s.w.a.logout.LogoutFilter            : Did not match request to Or [PathPattern [GET /logout], PathPattern [POST /logout], PathPattern [PUT /logout], PathPattern [DELETE /logout]]
2025-11-30T18:14:15.780+03:00 TRACE 19996 --- [auction] [http-nio-8080-exec-5] o.s.security.web.FilterChainProxy        : Invoking AuthTokenFilter (6/12)
2025-11-30T18:14:15.783+03:00 TRACE 19996 --- [auction] [http-nio-8080-exec-5] o.s.s.w.header.writers.HstsHeaderWriter  : Not injecting HSTS header since it did not match request to [Is Secure]
2025-11-30T18:14:16.127+03:00 TRACE 19996 --- [auction] [http-nio-8080-exec-6] o.s.security.web.FilterChainProxy        : Trying to match request against DefaultSecurityFilterChain defined as 'filterChain' in [class path resource [com/project/auction/config/WebSecurityConfig.class]] matching [any request] and having filters [DisableEncodeUrl, WebAsyncManagerIntegration, SecurityContextHolder, HeaderWriter, Logout, AuthToken, RequestCacheAware, SecurityContextHolderAwareRequest, AnonymousAuthentication, SessionManagement, ExceptionTranslation, Authorization] (1/1)
2025-11-30T18:14:16.129+03:00 DEBUG 19996 --- [auction] [http-nio-8080-exec-6] o.s.security.web.FilterChainProxy        : Securing OPTIONS /api/auth/signup
2025-11-30T18:14:16.129+03:00 TRACE 19996 --- [auction] [http-nio-8080-exec-6] o.s.security.web.FilterChainProxy        : Invoking DisableEncodeUrlFilter (1/12)
2025-11-30T18:14:16.131+03:00 TRACE 19996 --- [auction] [http-nio-8080-exec-6] o.s.security.web.FilterChainProxy        : Invoking WebAsyncManagerIntegrationFilter (2/12)
2025-11-30T18:14:16.132+03:00 TRACE 19996 --- [auction] [http-nio-8080-exec-6] o.s.security.web.FilterChainProxy        : Invoking SecurityContextHolderFilter (3/12)
2025-11-30T18:14:16.133+03:00 TRACE 19996 --- [auction] [http-nio-8080-exec-6] o.s.security.web.FilterChainProxy        : Invoking HeaderWriterFilter (4/12)
2025-11-30T18:14:16.136+03:00 TRACE 19996 --- [auction] [http-nio-8080-exec-6] o.s.security.web.FilterChainProxy        : Invoking LogoutFilter (5/12)
2025-11-30T18:14:16.138+03:00 TRACE 19996 --- [auction] [http-nio-8080-exec-6] o.s.s.w.a.logout.LogoutFilter            : Did not match request to Or [PathPattern [GET /logout], PathPattern [POST /logout], PathPattern [PUT /logout], PathPattern [DELETE /logout]]
2025-11-30T18:14:16.140+03:00 TRACE 19996 --- [auction] [http-nio-8080-exec-6] o.s.security.web.FilterChainProxy        : Invoking AuthTokenFilter (6/12)
2025-11-30T18:14:16.143+03:00 TRACE 19996 --- [auction] [http-nio-8080-exec-6] o.s.s.w.header.writers.HstsHeaderWriter  : Not injecting HSTS header since it did not match request to [Is Secure]
2025-11-30T18:14:16.499+03:00 TRACE 19996 --- [auction] [http-nio-8080-exec-2] o.s.security.web.FilterChainProxy        : Trying to match request against DefaultSecurityFilterChain defined as 'filterChain' in [class path resource [com/project/auction/config/WebSecurityConfig.class]] matching [any request] and having filters [DisableEncodeUrl, WebAsyncManagerIntegration, SecurityContextHolder, HeaderWriter, Logout, AuthToken, RequestCacheAware, SecurityContextHolderAwareRequest, AnonymousAuthentication, SessionManagement, ExceptionTranslation, Authorization] (1/1)
2025-11-30T18:14:16.500+03:00 DEBUG 19996 --- [auction] [http-nio-8080-exec-2] o.s.security.web.FilterChainProxy        : Securing OPTIONS /api/auth/signup
2025-11-30T18:14:16.502+03:00 TRACE 19996 --- [auction] [http-nio-8080-exec-2] o.s.security.web.FilterChainProxy        : Invoking DisableEncodeUrlFilter (1/12)
2025-11-30T18:14:16.503+03:00 TRACE 19996 --- [auction] [http-nio-8080-exec-2] o.s.security.web.FilterChainProxy        : Invoking WebAsyncManagerIntegrationFilter (2/12)
2025-11-30T18:14:16.503+03:00 TRACE 19996 --- [auction] [http-nio-8080-exec-2] o.s.security.web.FilterChainProxy        : Invoking SecurityContextHolderFilter (3/12)
2025-11-30T18:14:16.504+03:00 TRACE 19996 --- [auction] [http-nio-8080-exec-2] o.s.security.web.FilterChainProxy        : Invoking HeaderWriterFilter (4/12)
2025-11-30T18:14:16.506+03:00 TRACE 19996 --- [auction] [http-nio-8080-exec-2] o.s.security.web.FilterChainProxy        : Invoking LogoutFilter (5/12)
2025-11-30T18:14:16.507+03:00 TRACE 19996 --- [auction] [http-nio-8080-exec-2] o.s.s.w.a.logout.LogoutFilter            : Did not match request to Or [PathPattern [GET /logout], PathPattern [POST /logout], PathPattern [PUT /logout], PathPattern [DELETE /logout]]
2025-11-30T18:14:16.509+03:00 TRACE 19996 --- [auction] [http-nio-8080-exec-2] o.s.security.web.FilterChainProxy        : Invoking AuthTokenFilter (6/12)
2025-11-30T18:14:16.512+03:00 TRACE 19996 --- [auction] [http-nio-8080-exec-2] o.s.s.w.header.writers.HstsHeaderWriter  : Not injecting HSTS header since it did not match request to [Is Secure]
2025-11-30T18:14:16.759+03:00 TRACE 19996 --- [auction] [http-nio-8080-exec-8] o.s.security.web.FilterChainProxy        : Trying to match request against DefaultSecurityFilterChain defined as 'filterChain' in [class path resource [com/project/auction/config/WebSecurityConfig.class]] matching [any request] and having filters [DisableEncodeUrl, WebAsyncManagerIntegration, SecurityContextHolder, HeaderWriter, Logout, AuthToken, RequestCacheAware, SecurityContextHolderAwareRequest, AnonymousAuthentication, SessionManagement, ExceptionTranslation, Authorization] (1/1)
2025-11-30T18:14:16.761+03:00 DEBUG 19996 --- [auction] [http-nio-8080-exec-8] o.s.security.web.FilterChainProxy        : Securing OPTIONS /api/auth/signup
2025-11-30T18:14:16.762+03:00 TRACE 19996 --- [auction] [http-nio-8080-exec-8] o.s.security.web.FilterChainProxy        : Invoking DisableEncodeUrlFilter (1/12)
2025-11-30T18:14:16.764+03:00 TRACE 19996 --- [auction] [http-nio-8080-exec-8] o.s.security.web.FilterChainProxy        : Invoking WebAsyncManagerIntegrationFilter (2/12)
2025-11-30T18:14:16.765+03:00 TRACE 19996 --- [auction] [http-nio-8080-exec-8] o.s.security.web.FilterChainProxy        : Invoking SecurityContextHolderFilter (3/12)
2025-11-30T18:14:16.765+03:00 TRACE 19996 --- [auction] [http-nio-8080-exec-8] o.s.security.web.FilterChainProxy        : Invoking HeaderWriterFilter (4/12)
2025-11-30T18:14:16.766+03:00 TRACE 19996 --- [auction] [http-nio-8080-exec-8] o.s.security.web.FilterChainProxy        : Invoking LogoutFilter (5/12)
2025-11-30T18:14:16.767+03:00 TRACE 19996 --- [auction] [http-nio-8080-exec-8] o.s.s.w.a.logout.LogoutFilter            : Did not match request to Or [PathPattern [GET /logout], PathPattern [POST /logout], PathPattern [PUT /logout], PathPattern [DELETE /logout]]
2025-11-30T18:14:16.769+03:00 TRACE 19996 --- [auction] [http-nio-8080-exec-8] o.s.security.web.FilterChainProxy        : Invoking AuthTokenFilter (6/12)
2025-11-30T18:14:16.770+03:00 TRACE 19996 --- [auction] [http-nio-8080-exec-8] o.s.s.w.header.writers.HstsHeaderWriter  : Not injecting HSTS header since it did not match request to [Is Secure]
2025-11-30T18:14:17.055+03:00 TRACE 19996 --- [auction] [http-nio-8080-exec-10] o.s.security.web.FilterChainProxy        : Trying to match request against DefaultSecurityFilterChain defined as 'filterChain' in [class path resource [com/project/auction/config/WebSecurityConfig.class]] matching [any request] and having filters [DisableEncodeUrl, WebAsyncManagerIntegration, SecurityContextHolder, HeaderWriter, Logout, AuthToken, RequestCacheAware, SecurityContextHolderAwareRequest, AnonymousAuthentication, SessionManagement, ExceptionTranslation, Authorization] (1/1)
2025-11-30T18:14:17.055+03:00 DEBUG 19996 --- [auction] [http-nio-8080-exec-10] o.s.security.web.FilterChainProxy        : Securing OPTIONS /api/auth/signup
2025-11-30T18:14:17.055+03:00 TRACE 19996 --- [auction] [http-nio-8080-exec-10] o.s.security.web.FilterChainProxy        : Invoking DisableEncodeUrlFilter (1/12)
2025-11-30T18:14:17.055+03:00 TRACE 19996 --- [auction] [http-nio-8080-exec-10] o.s.security.web.FilterChainProxy        : Invoking WebAsyncManagerIntegrationFilter (2/12)
2025-11-30T18:14:17.055+03:00 TRACE 19996 --- [auction] [http-nio-8080-exec-10] o.s.security.web.FilterChainProxy        : Invoking SecurityContextHolderFilter (3/12)
2025-11-30T18:14:17.055+03:00 TRACE 19996 --- [auction] [http-nio-8080-exec-10] o.s.security.web.FilterChainProxy        : Invoking HeaderWriterFilter (4/12)
2025-11-30T18:14:17.055+03:00 TRACE 19996 --- [auction] [http-nio-8080-exec-10] o.s.security.web.FilterChainProxy        : Invoking LogoutFilter (5/12)
2025-11-30T18:14:17.055+03:00 TRACE 19996 --- [auction] [http-nio-8080-exec-10] o.s.s.w.a.logout.LogoutFilter            : Did not match request to Or [PathPattern [GET /logout], PathPattern [POST /logout], PathPattern [PUT /logout], PathPattern [DELETE /logout]]
2025-11-30T18:14:17.064+03:00 TRACE 19996 --- [auction] [http-nio-8080-exec-10] o.s.security.web.FilterChainProxy        : Invoking AuthTokenFilter (6/12)
2025-11-30T18:14:17.064+03:00 TRACE 19996 --- [auction] [http-nio-8080-exec-10] o.s.s.w.header.writers.HstsHeaderWriter  : Not injecting HSTS header since it did not match request to [Is Secure]
2025-11-30T18:14:17.323+03:00 TRACE 19996 --- [auction] [http-nio-8080-exec-9] o.s.security.web.FilterChainProxy        : Trying to match request against DefaultSecurityFilterChain defined as 'filterChain' in [class path resource [com/project/auction/config/WebSecurityConfig.class]] matching [any request] and having filters [DisableEncodeUrl, WebAsyncManagerIntegration, SecurityContextHolder, HeaderWriter, Logout, AuthToken, RequestCacheAware, SecurityContextHolderAwareRequest, AnonymousAuthentication, SessionManagement, ExceptionTranslation, Authorization] (1/1)
2025-11-30T18:14:17.323+03:00 DEBUG 19996 --- [auction] [http-nio-8080-exec-9] o.s.security.web.FilterChainProxy        : Securing OPTIONS /api/auth/signup
2025-11-30T18:14:17.323+03:00 TRACE 19996 --- [auction] [http-nio-8080-exec-9] o.s.security.web.FilterChainProxy        : Invoking DisableEncodeUrlFilter (1/12)
2025-11-30T18:14:17.323+03:00 TRACE 19996 --- [auction] [http-nio-8080-exec-9] o.s.security.web.FilterChainProxy        : Invoking WebAsyncManagerIntegrationFilter (2/12)
2025-11-30T18:14:17.323+03:00 TRACE 19996 --- [auction] [http-nio-8080-exec-9] o.s.security.web.FilterChainProxy        : Invoking SecurityContextHolderFilter (3/12)
2025-11-30T18:14:17.331+03:00 TRACE 19996 --- [auction] [http-nio-8080-exec-9] o.s.security.web.FilterChainProxy        : Invoking HeaderWriterFilter (4/12)
2025-11-30T18:14:17.331+03:00 TRACE 19996 --- [auction] [http-nio-8080-exec-9] o.s.security.web.FilterChainProxy        : Invoking LogoutFilter (5/12)
2025-11-30T18:14:17.331+03:00 TRACE 19996 --- [auction] [http-nio-8080-exec-9] o.s.s.w.a.logout.LogoutFilter            : Did not match request to Or [PathPattern [GET /logout], PathPattern [POST /logout], PathPattern [PUT /logout], PathPattern [DELETE /logout]]
2025-11-30T18:14:17.331+03:00 TRACE 19996 --- [auction] [http-nio-8080-exec-9] o.s.security.web.FilterChainProxy        : Invoking AuthTokenFilter (6/12)
2025-11-30T18:14:17.331+03:00 TRACE 19996 --- [auction] [http-nio-8080-exec-9] o.s.s.w.header.writers.HstsHeaderWriter  : Not injecting HSTS header since it did not match request to [Is Secure]
2025-11-30T18:14:17.564+03:00 TRACE 19996 --- [auction] [http-nio-8080-exec-1] o.s.security.web.FilterChainProxy        : Trying to match request against DefaultSecurityFilterChain defined as 'filterChain' in [class path resource [com/project/auction/config/WebSecurityConfig.class]] matching [any request] and having filters [DisableEncodeUrl, WebAsyncManagerIntegration, SecurityContextHolder, HeaderWriter, Logout, AuthToken, RequestCacheAware, SecurityContextHolderAwareRequest, AnonymousAuthentication, SessionManagement, ExceptionTranslation, Authorization] (1/1)
2025-11-30T18:14:17.564+03:00 DEBUG 19996 --- [auction] [http-nio-8080-exec-1] o.s.security.web.FilterChainProxy        : Securing OPTIONS /api/auth/signup
2025-11-30T18:14:17.564+03:00 TRACE 19996 --- [auction] [http-nio-8080-exec-1] o.s.security.web.FilterChainProxy        : Invoking DisableEncodeUrlFilter (1/12)
2025-11-30T18:14:17.564+03:00 TRACE 19996 --- [auction] [http-nio-8080-exec-1] o.s.security.web.FilterChainProxy        : Invoking WebAsyncManagerIntegrationFilter (2/12)
2025-11-30T18:14:17.564+03:00 TRACE 19996 --- [auction] [http-nio-8080-exec-1] o.s.security.web.FilterChainProxy        : Invoking SecurityContextHolderFilter (3/12)
2025-11-30T18:14:17.564+03:00 TRACE 19996 --- [auction] [http-nio-8080-exec-1] o.s.security.web.FilterChainProxy        : Invoking HeaderWriterFilter (4/12)
2025-11-30T18:14:17.574+03:00 TRACE 19996 --- [auction] [http-nio-8080-exec-1] o.s.security.web.FilterChainProxy        : Invoking LogoutFilter (5/12)
2025-11-30T18:14:17.574+03:00 TRACE 19996 --- [auction] [http-nio-8080-exec-1] o.s.s.w.a.logout.LogoutFilter            : Did not match request to Or [PathPattern [GET /logout], PathPattern [POST /logout], PathPattern [PUT /logout], PathPattern [DELETE /logout]]
2025-11-30T18:14:17.576+03:00 TRACE 19996 --- [auction] [http-nio-8080-exec-1] o.s.security.web.FilterChainProxy        : Invoking AuthTokenFilter (6/12)
2025-11-30T18:14:17.578+03:00 TRACE 19996 --- [auction] [http-nio-8080-exec-1] o.s.s.w.header.writers.HstsHeaderWriter  : Not injecting HSTS header since it did not match request to [Is Secure]
2025-11-30T18:14:17.755+03:00 TRACE 19996 --- [auction] [http-nio-8080-exec-3] o.s.security.web.FilterChainProxy        : Trying to match request against DefaultSecurityFilterChain defined as 'filterChain' in [class path resource [com/project/auction/config/WebSecurityConfig.class]] matching [any request] and having filters [DisableEncodeUrl, WebAsyncManagerIntegration, SecurityContextHolder, HeaderWriter, Logout, AuthToken, RequestCacheAware, SecurityContextHolderAwareRequest, AnonymousAuthentication, SessionManagement, ExceptionTranslation, Authorization] (1/1)
2025-11-30T18:14:17.756+03:00 DEBUG 19996 --- [auction] [http-nio-8080-exec-3] o.s.security.web.FilterChainProxy        : Securing OPTIONS /api/auth/signup
2025-11-30T18:14:17.757+03:00 TRACE 19996 --- [auction] [http-nio-8080-exec-3] o.s.security.web.FilterChainProxy        : Invoking DisableEncodeUrlFilter (1/12)
2025-11-30T18:14:17.758+03:00 TRACE 19996 --- [auction] [http-nio-8080-exec-3] o.s.security.web.FilterChainProxy        : Invoking WebAsyncManagerIntegrationFilter (2/12)
2025-11-30T18:14:17.759+03:00 TRACE 19996 --- [auction] [http-nio-8080-exec-3] o.s.security.web.FilterChainProxy        : Invoking SecurityContextHolderFilter (3/12)
2025-11-30T18:14:17.759+03:00 TRACE 19996 --- [auction] [http-nio-8080-exec-3] o.s.security.web.FilterChainProxy        : Invoking HeaderWriterFilter (4/12)
2025-11-30T18:14:17.760+03:00 TRACE 19996 --- [auction] [http-nio-8080-exec-3] o.s.security.web.FilterChainProxy        : Invoking LogoutFilter (5/12)
2025-11-30T18:14:17.761+03:00 TRACE 19996 --- [auction] [http-nio-8080-exec-3] o.s.s.w.a.logout.LogoutFilter            : Did not match request to Or [PathPattern [GET /logout], PathPattern [POST /logout], PathPattern [PUT /logout], PathPattern [DELETE /logout]]
2025-11-30T18:14:17.761+03:00 TRACE 19996 --- [auction] [http-nio-8080-exec-3] o.s.security.web.FilterChainProxy        : Invoking AuthTokenFilter (6/12)
2025-11-30T18:14:17.763+03:00 TRACE 19996 --- [auction] [http-nio-8080-exec-3] o.s.s.w.header.writers.HstsHeaderWriter  : Not injecting HSTS header since it did not match request to [Is Secure]
2025-11-30T18:14:17.957+03:00 TRACE 19996 --- [auction] [http-nio-8080-exec-7] o.s.security.web.FilterChainProxy        : Trying to match request against DefaultSecurityFilterChain defined as 'filterChain' in [class path resource [com/project/auction/config/WebSecurityConfig.class]] matching [any request] and having filters [DisableEncodeUrl, WebAsyncManagerIntegration, SecurityContextHolder, HeaderWriter, Logout, AuthToken, RequestCacheAware, SecurityContextHolderAwareRequest, AnonymousAuthentication, SessionManagement, ExceptionTranslation, Authorization] (1/1)
2025-11-30T18:14:17.957+03:00 DEBUG 19996 --- [auction] [http-nio-8080-exec-7] o.s.security.web.FilterChainProxy        : Securing OPTIONS /api/auth/signup
2025-11-30T18:14:17.957+03:00 TRACE 19996 --- [auction] [http-nio-8080-exec-7] o.s.security.web.FilterChainProxy        : Invoking DisableEncodeUrlFilter (1/12)
2025-11-30T18:14:17.957+03:00 TRACE 19996 --- [auction] [http-nio-8080-exec-7] o.s.security.web.FilterChainProxy        : Invoking WebAsyncManagerIntegrationFilter (2/12)
2025-11-30T18:14:17.957+03:00 TRACE 19996 --- [auction] [http-nio-8080-exec-7] o.s.security.web.FilterChainProxy        : Invoking SecurityContextHolderFilter (3/12)
2025-11-30T18:14:17.957+03:00 TRACE 19996 --- [auction] [http-nio-8080-exec-7] o.s.security.web.FilterChainProxy        : Invoking HeaderWriterFilter (4/12)
2025-11-30T18:14:17.963+03:00 TRACE 19996 --- [auction] [http-nio-8080-exec-7] o.s.security.web.FilterChainProxy        : Invoking LogoutFilter (5/12)
2025-11-30T18:14:17.964+03:00 TRACE 19996 --- [auction] [http-nio-8080-exec-7] o.s.s.w.a.logout.LogoutFilter            : Did not match request to Or [PathPattern [GET /logout], PathPattern [POST /logout], PathPattern [PUT /logout], PathPattern [DELETE /logout]]
2025-11-30T18:14:17.965+03:00 TRACE 19996 --- [auction] [http-nio-8080-exec-7] o.s.security.web.FilterChainProxy        : Invoking AuthTokenFilter (6/12)
2025-11-30T18:14:17.966+03:00 TRACE 19996 --- [auction] [http-nio-8080-exec-7] o.s.s.w.header.writers.HstsHeaderWriter  : Not injecting HSTS header since it did not match request to [Is Secure]
2025-11-30T18:14:24.785+03:00 TRACE 19996 --- [auction] [http-nio-8080-exec-4] o.s.security.web.FilterChainProxy        : Trying to match request against DefaultSecurityFilterChain defined as 'filterChain' in [class path resource [com/project/auction/config/WebSecurityConfig.class]] matching [any request] and having filters [DisableEncodeUrl, WebAsyncManagerIntegration, SecurityContextHolder, HeaderWriter, Logout, AuthToken, RequestCacheAware, SecurityContextHolderAwareRequest, AnonymousAuthentication, SessionManagement, ExceptionTranslation, Authorization] (1/1)
2025-11-30T18:14:24.786+03:00 DEBUG 19996 --- [auction] [http-nio-8080-exec-4] o.s.security.web.FilterChainProxy        : Securing OPTIONS /api/auth/signup
2025-11-30T18:14:24.787+03:00 TRACE 19996 --- [auction] [http-nio-8080-exec-4] o.s.security.web.FilterChainProxy        : Invoking DisableEncodeUrlFilter (1/12)
2025-11-30T18:14:24.788+03:00 TRACE 19996 --- [auction] [http-nio-8080-exec-4] o.s.security.web.FilterChainProxy        : Invoking WebAsyncManagerIntegrationFilter (2/12)
2025-11-30T18:14:24.789+03:00 TRACE 19996 --- [auction] [http-nio-8080-exec-4] o.s.security.web.FilterChainProxy        : Invoking SecurityContextHolderFilter (3/12)
2025-11-30T18:14:24.789+03:00 TRACE 19996 --- [auction] [http-nio-8080-exec-4] o.s.security.web.FilterChainProxy        : Invoking HeaderWriterFilter (4/12)
2025-11-30T18:14:24.790+03:00 TRACE 19996 --- [auction] [http-nio-8080-exec-4] o.s.security.web.FilterChainProxy        : Invoking LogoutFilter (5/12)
2025-11-30T18:14:24.791+03:00 TRACE 19996 --- [auction] [http-nio-8080-exec-4] o.s.s.w.a.logout.LogoutFilter            : Did not match request to Or [PathPattern [GET /logout], PathPattern [POST /logout], PathPattern [PUT /logout], PathPattern [DELETE /logout]]
2025-11-30T18:14:24.792+03:00 TRACE 19996 --- [auction] [http-nio-8080-exec-4] o.s.security.web.FilterChainProxy        : Invoking AuthTokenFilter (6/12)
2025-11-30T18:14:24.794+03:00 TRACE 19996 --- [auction] [http-nio-8080-exec-4] o.s.s.w.header.writers.HstsHeaderWriter  : Not injecting HSTS header since it did not match request to [Is Secure]
2025-11-30T18:14:25.257+03:00 TRACE 19996 --- [auction] [http-nio-8080-exec-5] o.s.security.web.FilterChainProxy        : Trying to match request against DefaultSecurityFilterChain defined as 'filterChain' in [class path resource [com/project/auction/config/WebSecurityConfig.class]] matching [any request] and having filters [DisableEncodeUrl, WebAsyncManagerIntegration, SecurityContextHolder, HeaderWriter, Logout, AuthToken, RequestCacheAware, SecurityContextHolderAwareRequest, AnonymousAuthentication, SessionManagement, ExceptionTranslation, Authorization] (1/1)
2025-11-30T18:14:25.259+03:00 DEBUG 19996 --- [auction] [http-nio-8080-exec-5] o.s.security.web.FilterChainProxy        : Securing OPTIONS /api/auth/signup
2025-11-30T18:14:25.259+03:00 TRACE 19996 --- [auction] [http-nio-8080-exec-5] o.s.security.web.FilterChainProxy        : Invoking DisableEncodeUrlFilter (1/12)
2025-11-30T18:14:25.260+03:00 TRACE 19996 --- [auction] [http-nio-8080-exec-5] o.s.security.web.FilterChainProxy        : Invoking WebAsyncManagerIntegrationFilter (2/12)
2025-11-30T18:14:25.261+03:00 TRACE 19996 --- [auction] [http-nio-8080-exec-5] o.s.security.web.FilterChainProxy        : Invoking SecurityContextHolderFilter (3/12)
2025-11-30T18:14:25.262+03:00 TRACE 19996 --- [auction] [http-nio-8080-exec-5] o.s.security.web.FilterChainProxy        : Invoking HeaderWriterFilter (4/12)
2025-11-30T18:14:25.264+03:00 TRACE 19996 --- [auction] [http-nio-8080-exec-5] o.s.security.web.FilterChainProxy        : Invoking LogoutFilter (5/12)
2025-11-30T18:14:25.269+03:00 TRACE 19996 --- [auction] [http-nio-8080-exec-5] o.s.s.w.a.logout.LogoutFilter            : Did not match request to Or [PathPattern [GET /logout], PathPattern [POST /logout], PathPattern [PUT /logout], PathPattern [DELETE /logout]]
2025-11-30T18:14:25.274+03:00 TRACE 19996 --- [auction] [http-nio-8080-exec-5] o.s.security.web.FilterChainProxy        : Invoking AuthTokenFilter (6/12)
2025-11-30T18:14:25.275+03:00 TRACE 19996 --- [auction] [http-nio-8080-exec-5] o.s.s.w.header.writers.HstsHeaderWriter  : Not injecting HSTS header since it did not match request to [Is Secure]
2025-11-30T18:14:25.669+03:00 TRACE 19996 --- [auction] [http-nio-8080-exec-6] o.s.security.web.FilterChainProxy        : Trying to match request against DefaultSecurityFilterChain defined as 'filterChain' in [class path resource [com/project/auction/config/WebSecurityConfig.class]] matching [any request] and having filters [DisableEncodeUrl, WebAsyncManagerIntegration, SecurityContextHolder, HeaderWriter, Logout, AuthToken, RequestCacheAware, SecurityContextHolderAwareRequest, AnonymousAuthentication, SessionManagement, ExceptionTranslation, Authorization] (1/1)
2025-11-30T18:14:25.670+03:00 DEBUG 19996 --- [auction] [http-nio-8080-exec-6] o.s.security.web.FilterChainProxy        : Securing OPTIONS /api/auth/signup
2025-11-30T18:14:25.670+03:00 TRACE 19996 --- [auction] [http-nio-8080-exec-6] o.s.security.web.FilterChainProxy        : Invoking DisableEncodeUrlFilter (1/12)
2025-11-30T18:14:25.671+03:00 TRACE 19996 --- [auction] [http-nio-8080-exec-6] o.s.security.web.FilterChainProxy        : Invoking WebAsyncManagerIntegrationFilter (2/12)
2025-11-30T18:14:25.672+03:00 TRACE 19996 --- [auction] [http-nio-8080-exec-6] o.s.security.web.FilterChainProxy        : Invoking SecurityContextHolderFilter (3/12)
2025-11-30T18:14:25.672+03:00 TRACE 19996 --- [auction] [http-nio-8080-exec-6] o.s.security.web.FilterChainProxy        : Invoking HeaderWriterFilter (4/12)
2025-11-30T18:14:25.673+03:00 TRACE 19996 --- [auction] [http-nio-8080-exec-6] o.s.security.web.FilterChainProxy        : Invoking LogoutFilter (5/12)
2025-11-30T18:14:25.674+03:00 TRACE 19996 --- [auction] [http-nio-8080-exec-6] o.s.s.w.a.logout.LogoutFilter            : Did not match request to Or [PathPattern [GET /logout], PathPattern [POST /logout], PathPattern [PUT /logout], PathPattern [DELETE /logout]]
2025-11-30T18:14:25.675+03:00 TRACE 19996 --- [auction] [http-nio-8080-exec-6] o.s.security.web.FilterChainProxy        : Invoking AuthTokenFilter (6/12)
2025-11-30T18:14:25.676+03:00 TRACE 19996 --- [auction] [http-nio-8080-exec-6] o.s.s.w.header.writers.HstsHeaderWriter  : Not injecting HSTS header since it did not match request to [Is Secure]
2025-11-30T18:14:35.054+03:00 TRACE 19996 --- [auction] [http-nio-8080-exec-2] o.s.security.web.FilterChainProxy        : Trying to match request against DefaultSecurityFilterChain defined as 'filterChain' in [class path resource [com/project/auction/config/WebSecurityConfig.class]] matching [any request] and having filters [DisableEncodeUrl, WebAsyncManagerIntegration, SecurityContextHolder, HeaderWriter, Logout, AuthToken, RequestCacheAware, SecurityContextHolderAwareRequest, AnonymousAuthentication, SessionManagement, ExceptionTranslation, Authorization] (1/1)
2025-11-30T18:14:35.059+03:00 DEBUG 19996 --- [auction] [http-nio-8080-exec-2] o.s.security.web.FilterChainProxy        : Securing OPTIONS /api/auth/signup
2025-11-30T18:14:35.059+03:00 TRACE 19996 --- [auction] [http-nio-8080-exec-2] o.s.security.web.FilterChainProxy        : Invoking DisableEncodeUrlFilter (1/12)
2025-11-30T18:14:35.060+03:00 TRACE 19996 --- [auction] [http-nio-8080-exec-2] o.s.security.web.FilterChainProxy        : Invoking WebAsyncManagerIntegrationFilter (2/12)
2025-11-30T18:14:35.061+03:00 TRACE 19996 --- [auction] [http-nio-8080-exec-2] o.s.security.web.FilterChainProxy        : Invoking SecurityContextHolderFilter (3/12)
2025-11-30T18:14:35.068+03:00 TRACE 19996 --- [auction] [http-nio-8080-exec-2] o.s.security.web.FilterChainProxy        : Invoking HeaderWriterFilter (4/12)
2025-11-30T18:14:35.070+03:00 TRACE 19996 --- [auction] [http-nio-8080-exec-2] o.s.security.web.FilterChainProxy        : Invoking LogoutFilter (5/12)
2025-11-30T18:14:35.071+03:00 TRACE 19996 --- [auction] [http-nio-8080-exec-2] o.s.s.w.a.logout.LogoutFilter            : Did not match request to Or [PathPattern [GET /logout], PathPattern [POST /logout], PathPattern [PUT /logout], PathPattern [DELETE /logout]]
2025-11-30T18:14:35.072+03:00 TRACE 19996 --- [auction] [http-nio-8080-exec-2] o.s.security.web.FilterChainProxy        : Invoking AuthTokenFilter (6/12)
2025-11-30T18:14:35.073+03:00 TRACE 19996 --- [auction] [http-nio-8080-exec-2] o.s.s.w.header.writers.HstsHeaderWriter  : Not injecting HSTS header since it did not match request to [Is Secure]
2025-11-30T18:15:07.429+03:00  INFO 19996 --- [auction] [SpringApplicationShutdownHook] o.s.boot.tomcat.GracefulShutdown         : Commencing graceful shutdown. Waiting for active requests to complete
2025-11-30T18:15:07.511+03:00  INFO 19996 --- [auction] [tomcat-shutdown] o.s.boot.tomcat.GracefulShutdown         : Graceful shutdown complete
2025-11-30T18:15:07.518+03:00  INFO 19996 --- [auction] [SpringApplicationShutdownHook] j.LocalContainerEntityManagerFactoryBean : Closing JPA EntityManagerFactory for persistence unit 'default'
2025-11-30T18:15:07.522+03:00  INFO 19996 --- [auction] [SpringApplicationShutdownHook] com.zaxxer.hikari.HikariDataSource       : HikariPool-1 - Shutdown initiated...
2025-11-30T18:15:07.529+03:00  INFO 19996 --- [auction] [SpringApplicationShutdownHook] com.zaxxer.hikari.HikariDataSource       : HikariPool-1 - Shutdown completed.
2025-11-30T18:15:14.662+03:00  INFO 20432 --- [auction] [main] com.project.auction.AuctionApplication   : Starting AuctionApplication using Java 17.0.16 with PID 20432 (C:\progect\auction\auction\server\target\classes started by User in C:\progect\auction\auction\server)
2025-11-30T18:15:14.665+03:00  INFO 20432 --- [auction] [main] com.project.auction.AuctionApplication   : No active profile set, falling back to 1 default profile: "default"
2025-11-30T18:15:15.189+03:00  INFO 20432 --- [auction] [main] .s.d.r.c.RepositoryConfigurationDelegate : Bootstrapping Spring Data JPA repositories in DEFAULT mode.
2025-11-30T18:15:15.247+03:00  INFO 20432 --- [auction] [main] .s.d.r.c.RepositoryConfigurationDelegate : Finished Spring Data repository scanning in 51 ms. Found 1 JPA repository interface.
2025-11-30T18:15:15.709+03:00  INFO 20432 --- [auction] [main] o.s.boot.tomcat.TomcatWebServer          : Tomcat initialized with port 8080 (http)
2025-11-30T18:15:15.720+03:00  INFO 20432 --- [auction] [main] o.apache.catalina.core.StandardService   : Starting service [Tomcat]
2025-11-30T18:15:15.721+03:00  INFO 20432 --- [auction] [main] o.apache.catalina.core.StandardEngine    : Starting Servlet engine: [Apache Tomcat/11.0.14]
2025-11-30T18:15:15.765+03:00  INFO 20432 --- [auction] [main] b.w.c.s.WebApplicationContextInitializer : Root WebApplicationContext: initialization completed in 1060 ms
2025-11-30T18:15:15.848+03:00  INFO 20432 --- [auction] [main] com.zaxxer.hikari.HikariDataSource       : HikariPool-1 - Starting...
2025-11-30T18:15:15.935+03:00  INFO 20432 --- [auction] [main] com.zaxxer.hikari.pool.HikariPool        : HikariPool-1 - Added connection org.postgresql.jdbc.PgConnection@19da993b
2025-11-30T18:15:15.936+03:00  INFO 20432 --- [auction] [main] com.zaxxer.hikari.HikariDataSource       : HikariPool-1 - Start completed.
2025-11-30T18:15:15.955+03:00  INFO 20432 --- [auction] [main] o.hibernate.jpa.internal.util.LogHelper  : HHH000204: Processing PersistenceUnitInfo [name: default]
2025-11-30T18:15:15.991+03:00  INFO 20432 --- [auction] [main] org.hibernate.Version                    : HHH000412: Hibernate ORM core version 7.1.8.Final
2025-11-30T18:15:16.371+03:00  INFO 20432 --- [auction] [main] o.s.o.j.p.SpringPersistenceUnitInfo      : No LoadTimeWeaver setup: ignoring JPA class transformer
2025-11-30T18:15:16.990+03:00  INFO 20432 --- [auction] [main] org.hibernate.orm.connections.pooling    : HHH10001005: Database info:
	Database JDBC URL [jdbc:postgresql://localhost:5432/auction]
	Database driver: PostgreSQL JDBC Driver
	Database dialect: PostgreSQLDialect
	Database version: 18.1
	Default catalog/schema: auction/public
	Autocommit mode: undefined/unknown
	Isolation level: READ_COMMITTED [default READ_COMMITTED]
	JDBC fetch size: none
	Pool: DatasourceConnectionProviderImpl
	Minimum pool size: undefined/unknown
	Maximum pool size: undefined/unknown
2025-11-30T18:15:17.664+03:00  INFO 20432 --- [auction] [main] o.h.e.t.j.p.i.JtaPlatformInitiator       : HHH000489: No JTA platform available (set 'hibernate.transaction.jta.platform' to enable JTA platform integration)
2025-11-30T18:15:17.671+03:00  INFO 20432 --- [auction] [main] j.LocalContainerEntityManagerFactoryBean : Initialized JPA EntityManagerFactory for persistence unit 'default'
2025-11-30T18:15:17.728+03:00  INFO 20432 --- [auction] [main] o.s.d.j.r.query.QueryEnhancerFactories   : Hibernate is in classpath; If applicable, HQL parser will be used.
2025-11-30T18:15:17.939+03:00  INFO 20432 --- [auction] [main] r$InitializeUserDetailsManagerConfigurer : Global AuthenticationManager configured with UserDetailsService bean with name userDetailsServiceImpl
2025-11-30T18:15:17.981+03:00  WARN 20432 --- [auction] [main] JpaBaseConfiguration$JpaWebConfiguration : spring.jpa.open-in-view is enabled by default. Therefore, database queries may be performed during view rendering. Explicitly configure spring.jpa.open-in-view to disable this warning
2025-11-30T18:15:18.130+03:00 DEBUG 20432 --- [auction] [main] o.s.s.web.DefaultSecurityFilterChain     : Will secure any request with filters: DisableEncodeUrlFilter, WebAsyncManagerIntegrationFilter, SecurityContextHolderFilter, HeaderWriterFilter, CorsFilter, LogoutFilter, AuthTokenFilter, RequestCacheAwareFilter, SecurityContextHolderAwareRequestFilter, AnonymousAuthenticationFilter, SessionManagementFilter, ExceptionTranslationFilter, AuthorizationFilter
2025-11-30T18:15:18.172+03:00  INFO 20432 --- [auction] [main] o.s.b.w.a.WelcomePageHandlerMapping      : Adding welcome page: class path resource [static/index.html]
2025-11-30T18:15:18.393+03:00  INFO 20432 --- [auction] [main] o.s.boot.tomcat.TomcatWebServer          : Tomcat started on port 8080 (http) with context path '/'
2025-11-30T18:15:18.400+03:00  INFO 20432 --- [auction] [main] com.project.auction.AuctionApplication   : Started AuctionApplication in 4.109 seconds (process running for 4.368)
2025-11-30T18:15:21.071+03:00  INFO 20432 --- [auction] [http-nio-8080-exec-1] o.a.c.c.C.[Tomcat].[localhost].[/]       : Initializing Spring DispatcherServlet 'dispatcherServlet'
2025-11-30T18:15:21.072+03:00  INFO 20432 --- [auction] [http-nio-8080-exec-1] o.s.web.servlet.DispatcherServlet        : Initializing Servlet 'dispatcherServlet'
2025-11-30T18:15:21.074+03:00  INFO 20432 --- [auction] [http-nio-8080-exec-1] o.s.web.servlet.DispatcherServlet        : Completed initialization in 0 ms
2025-11-30T18:15:21.081+03:00 TRACE 20432 --- [auction] [http-nio-8080-exec-1] o.s.security.web.FilterChainProxy        : Trying to match request against DefaultSecurityFilterChain defined as 'filterChain' in [class path resource [com/project/auction/config/WebSecurityConfig.class]] matching [any request] and having filters [DisableEncodeUrl, WebAsyncManagerIntegration, SecurityContextHolder, HeaderWriter, Cors, Logout, AuthToken, RequestCacheAware, SecurityContextHolderAwareRequest, AnonymousAuthentication, SessionManagement, ExceptionTranslation, Authorization] (1/1)
2025-11-30T18:15:21.083+03:00 DEBUG 20432 --- [auction] [http-nio-8080-exec-1] o.s.security.web.FilterChainProxy        : Securing OPTIONS /api/auth/signup
2025-11-30T18:15:21.084+03:00 TRACE 20432 --- [auction] [http-nio-8080-exec-1] o.s.security.web.FilterChainProxy        : Invoking DisableEncodeUrlFilter (1/13)
2025-11-30T18:15:21.085+03:00 TRACE 20432 --- [auction] [http-nio-8080-exec-1] o.s.security.web.FilterChainProxy        : Invoking WebAsyncManagerIntegrationFilter (2/13)
2025-11-30T18:15:21.088+03:00 TRACE 20432 --- [auction] [http-nio-8080-exec-1] o.s.security.web.FilterChainProxy        : Invoking SecurityContextHolderFilter (3/13)
2025-11-30T18:15:21.092+03:00 TRACE 20432 --- [auction] [http-nio-8080-exec-1] o.s.security.web.FilterChainProxy        : Invoking HeaderWriterFilter (4/13)
2025-11-30T18:15:21.095+03:00 TRACE 20432 --- [auction] [http-nio-8080-exec-1] o.s.security.web.FilterChainProxy        : Invoking CorsFilter (5/13)
2025-11-30T18:15:21.113+03:00 TRACE 20432 --- [auction] [http-nio-8080-exec-1] o.s.s.w.header.writers.HstsHeaderWriter  : Not injecting HSTS header since it did not match request to [Is Secure]
2025-11-30T18:15:21.119+03:00 TRACE 20432 --- [auction] [http-nio-8080-exec-2] o.s.security.web.FilterChainProxy        : Trying to match request against DefaultSecurityFilterChain defined as 'filterChain' in [class path resource [com/project/auction/config/WebSecurityConfig.class]] matching [any request] and having filters [DisableEncodeUrl, WebAsyncManagerIntegration, SecurityContextHolder, HeaderWriter, Cors, Logout, AuthToken, RequestCacheAware, SecurityContextHolderAwareRequest, AnonymousAuthentication, SessionManagement, ExceptionTranslation, Authorization] (1/1)
2025-11-30T18:15:21.119+03:00 DEBUG 20432 --- [auction] [http-nio-8080-exec-2] o.s.security.web.FilterChainProxy        : Securing POST /api/auth/signup
2025-11-30T18:15:21.120+03:00 TRACE 20432 --- [auction] [http-nio-8080-exec-2] o.s.security.web.FilterChainProxy        : Invoking DisableEncodeUrlFilter (1/13)
2025-11-30T18:15:21.120+03:00 TRACE 20432 --- [auction] [http-nio-8080-exec-2] o.s.security.web.FilterChainProxy        : Invoking WebAsyncManagerIntegrationFilter (2/13)
2025-11-30T18:15:21.121+03:00 TRACE 20432 --- [auction] [http-nio-8080-exec-2] o.s.security.web.FilterChainProxy        : Invoking SecurityContextHolderFilter (3/13)
2025-11-30T18:15:21.121+03:00 TRACE 20432 --- [auction] [http-nio-8080-exec-2] o.s.security.web.FilterChainProxy        : Invoking HeaderWriterFilter (4/13)
2025-11-30T18:15:21.122+03:00 TRACE 20432 --- [auction] [http-nio-8080-exec-2] o.s.security.web.FilterChainProxy        : Invoking CorsFilter (5/13)
2025-11-30T18:15:21.124+03:00 TRACE 20432 --- [auction] [http-nio-8080-exec-2] o.s.security.web.FilterChainProxy        : Invoking LogoutFilter (6/13)
2025-11-30T18:15:21.125+03:00 TRACE 20432 --- [auction] [http-nio-8080-exec-2] o.s.s.w.a.logout.LogoutFilter            : Did not match request to Or [PathPattern [GET /logout], PathPattern [POST /logout], PathPattern [PUT /logout], PathPattern [DELETE /logout]]
2025-11-30T18:15:21.126+03:00 TRACE 20432 --- [auction] [http-nio-8080-exec-2] o.s.security.web.FilterChainProxy        : Invoking AuthTokenFilter (7/13)
2025-11-30T18:15:21.127+03:00 TRACE 20432 --- [auction] [http-nio-8080-exec-2] o.s.s.w.header.writers.HstsHeaderWriter  : Not injecting HSTS header since it did not match request to [Is Secure]
2025-11-30T18:16:16.965+03:00  INFO 20432 --- [auction] [SpringApplicationShutdownHook] o.s.boot.tomcat.GracefulShutdown         : Commencing graceful shutdown. Waiting for active requests to complete
2025-11-30T18:16:17.024+03:00  INFO 20432 --- [auction] [tomcat-shutdown] o.s.boot.tomcat.GracefulShutdown         : Graceful shutdown complete
2025-11-30T18:16:17.029+03:00  INFO 20432 --- [auction] [SpringApplicationShutdownHook] j.LocalContainerEntityManagerFactoryBean : Closing JPA EntityManagerFactory for persistence unit 'default'
2025-11-30T18:16:17.031+03:00  INFO 20432 --- [auction] [SpringApplicationShutdownHook] com.zaxxer.hikari.HikariDataSource       : HikariPool-1 - Shutdown initiated...
2025-11-30T18:16:17.036+03:00  INFO 20432 --- [auction] [SpringApplicationShutdownHook] com.zaxxer.hikari.HikariDataSource       : HikariPool-1 - Shutdown completed.
2025-11-30T18:16:24.315+03:00  INFO 11960 --- [auction] [main] com.project.auction.AuctionApplication   : Starting AuctionApplication using Java 17.0.16 with PID 11960 (C:\progect\auction\auction\server\target\classes started by User in C:\progect\auction\auction\server)
2025-11-30T18:16:24.315+03:00  INFO 11960 --- [auction] [main] com.project.auction.AuctionApplication   : No active profile set, falling back to 1 default profile: "default"
2025-11-30T18:16:24.797+03:00  INFO 11960 --- [auction] [main] .s.d.r.c.RepositoryConfigurationDelegate : Bootstrapping Spring Data JPA repositories in DEFAULT mode.
2025-11-30T18:16:24.848+03:00  INFO 11960 --- [auction] [main] .s.d.r.c.RepositoryConfigurationDelegate : Finished Spring Data repository scanning in 36 ms. Found 1 JPA repository interface.
2025-11-30T18:16:25.210+03:00  INFO 11960 --- [auction] [main] o.s.boot.tomcat.TomcatWebServer          : Tomcat initialized with port 8080 (http)
2025-11-30T18:16:25.227+03:00  INFO 11960 --- [auction] [main] o.apache.catalina.core.StandardService   : Starting service [Tomcat]
2025-11-30T18:16:25.227+03:00  INFO 11960 --- [auction] [main] o.apache.catalina.core.StandardEngine    : Starting Servlet engine: [Apache Tomcat/11.0.14]
2025-11-30T18:16:25.280+03:00  INFO 11960 --- [auction] [main] b.w.c.s.WebApplicationContextInitializer : Root WebApplicationContext: initialization completed in 909 ms
2025-11-30T18:16:25.384+03:00  INFO 11960 --- [auction] [main] com.zaxxer.hikari.HikariDataSource       : HikariPool-1 - Starting...
2025-11-30T18:16:25.468+03:00  INFO 11960 --- [auction] [main] com.zaxxer.hikari.pool.HikariPool        : HikariPool-1 - Added connection org.postgresql.jdbc.PgConnection@740b6628
2025-11-30T18:16:25.470+03:00  INFO 11960 --- [auction] [main] com.zaxxer.hikari.HikariDataSource       : HikariPool-1 - Start completed.
2025-11-30T18:16:25.476+03:00  INFO 11960 --- [auction] [main] o.hibernate.jpa.internal.util.LogHelper  : HHH000204: Processing PersistenceUnitInfo [name: default]
2025-11-30T18:16:25.524+03:00  INFO 11960 --- [auction] [main] org.hibernate.Version                    : HHH000412: Hibernate ORM core version 7.1.8.Final
2025-11-30T18:16:25.869+03:00  INFO 11960 --- [auction] [main] o.s.o.j.p.SpringPersistenceUnitInfo      : No LoadTimeWeaver setup: ignoring JPA class transformer
2025-11-30T18:16:26.453+03:00  INFO 11960 --- [auction] [main] org.hibernate.orm.connections.pooling    : HHH10001005: Database info:
	Database JDBC URL [jdbc:postgresql://localhost:5432/auction]
	Database driver: PostgreSQL JDBC Driver
	Database dialect: PostgreSQLDialect
	Database version: 18.1
	Default catalog/schema: auction/public
	Autocommit mode: undefined/unknown
	Isolation level: READ_COMMITTED [default READ_COMMITTED]
	JDBC fetch size: none
	Pool: DatasourceConnectionProviderImpl
	Minimum pool size: undefined/unknown
	Maximum pool size: undefined/unknown
2025-11-30T18:16:27.109+03:00  INFO 11960 --- [auction] [main] o.h.e.t.j.p.i.JtaPlatformInitiator       : HHH000489: No JTA platform available (set 'hibernate.transaction.jta.platform' to enable JTA platform integration)
2025-11-30T18:16:27.114+03:00  INFO 11960 --- [auction] [main] j.LocalContainerEntityManagerFactoryBean : Initialized JPA EntityManagerFactory for persistence unit 'default'
2025-11-30T18:16:27.131+03:00  WARN 11960 --- [auction] [main] ConfigServletWebServerApplicationContext : Exception encountered during context initialization - cancelling refresh attempt: org.springframework.beans.factory.UnsatisfiedDependencyException: Error creating bean with name 'authController': Unsatisfied dependency expressed through field 'authenticationManager': No qualifying bean of type 'org.springframework.security.authentication.AuthenticationManager' available: expected at least 1 bean which qualifies as autowire candidate. Dependency annotations: {@org.springframework.beans.factory.annotation.Autowired(required=true)}
2025-11-30T18:16:27.147+03:00  INFO 11960 --- [auction] [main] j.LocalContainerEntityManagerFactoryBean : Closing JPA EntityManagerFactory for persistence unit 'default'
2025-11-30T18:16:27.149+03:00  INFO 11960 --- [auction] [main] com.zaxxer.hikari.HikariDataSource       : HikariPool-1 - Shutdown initiated...
2025-11-30T18:16:27.153+03:00  INFO 11960 --- [auction] [main] com.zaxxer.hikari.HikariDataSource       : HikariPool-1 - Shutdown completed.
2025-11-30T18:16:27.161+03:00  INFO 11960 --- [auction] [main] o.apache.catalina.core.StandardService   : Stopping service [Tomcat]
2025-11-30T18:16:27.176+03:00  INFO 11960 --- [auction] [main] .s.b.a.l.ConditionEvaluationReportLogger : 

Error starting ApplicationContext. To display the condition evaluation report re-run your application with 'debug' enabled.
2025-11-30T18:16:27.189+03:00 ERROR 11960 --- [auction] [main] o.s.b.d.LoggingFailureAnalysisReporter   : 

***************************
APPLICATION FAILED TO START
***************************

Description:

Field authenticationManager in com.project.auction.controller.AuthController required a bean of type 'org.springframework.security.authentication.AuthenticationManager' that could not be found.

The injection point has the following annotations:
	- @org.springframework.beans.factory.annotation.Autowired(required=true)


Action:

Consider defining a bean of type 'org.springframework.security.authentication.AuthenticationManager' in your configuration.

2025-11-30T18:21:48.704+03:00  INFO 9064 --- [auction] [main] com.project.auction.AuctionApplication   : Starting AuctionApplication using Java 17.0.16 with PID 9064 (C:\progect\auction\auction\server\target\classes started by User in C:\progect\auction\auction\server)
2025-11-30T18:21:48.708+03:00  INFO 9064 --- [auction] [main] com.project.auction.AuctionApplication   : No active profile set, falling back to 1 default profile: "default"
2025-11-30T18:21:49.198+03:00  INFO 9064 --- [auction] [main] .s.d.r.c.RepositoryConfigurationDelegate : Bootstrapping Spring Data JPA repositories in DEFAULT mode.
2025-11-30T18:21:49.254+03:00  INFO 9064 --- [auction] [main] .s.d.r.c.RepositoryConfigurationDelegate : Finished Spring Data repository scanning in 41 ms. Found 1 JPA repository interface.
2025-11-30T18:21:49.613+03:00  INFO 9064 --- [auction] [main] o.s.boot.tomcat.TomcatWebServer          : Tomcat initialized with port 8080 (http)
2025-11-30T18:21:49.630+03:00  INFO 9064 --- [auction] [main] o.apache.catalina.core.StandardService   : Starting service [Tomcat]
2025-11-30T18:21:49.639+03:00  INFO 9064 --- [auction] [main] o.apache.catalina.core.StandardEngine    : Starting Servlet engine: [Apache Tomcat/11.0.14]
2025-11-30T18:21:49.695+03:00  INFO 9064 --- [auction] [main] b.w.c.s.WebApplicationContextInitializer : Root WebApplicationContext: initialization completed in 931 ms
2025-11-30T18:21:49.805+03:00  INFO 9064 --- [auction] [main] com.zaxxer.hikari.HikariDataSource       : HikariPool-1 - Starting...
2025-11-30T18:21:49.891+03:00  INFO 9064 --- [auction] [main] com.zaxxer.hikari.pool.HikariPool        : HikariPool-1 - Added connection org.postgresql.jdbc.PgConnection@58fd1214
2025-11-30T18:21:49.892+03:00  INFO 9064 --- [auction] [main] com.zaxxer.hikari.HikariDataSource       : HikariPool-1 - Start completed.
2025-11-30T18:21:49.901+03:00  INFO 9064 --- [auction] [main] o.hibernate.jpa.internal.util.LogHelper  : HHH000204: Processing PersistenceUnitInfo [name: default]
2025-11-30T18:21:49.955+03:00  INFO 9064 --- [auction] [main] org.hibernate.Version                    : HHH000412: Hibernate ORM core version 7.1.8.Final
2025-11-30T18:21:50.327+03:00  INFO 9064 --- [auction] [main] o.s.o.j.p.SpringPersistenceUnitInfo      : No LoadTimeWeaver setup: ignoring JPA class transformer
2025-11-30T18:21:50.904+03:00  INFO 9064 --- [auction] [main] org.hibernate.orm.connections.pooling    : HHH10001005: Database info:
	Database JDBC URL [jdbc:postgresql://localhost:5432/auction]
	Database driver: PostgreSQL JDBC Driver
	Database dialect: PostgreSQLDialect
	Database version: 18.1
	Default catalog/schema: auction/public
	Autocommit mode: undefined/unknown
	Isolation level: READ_COMMITTED [default READ_COMMITTED]
	JDBC fetch size: none
	Pool: DatasourceConnectionProviderImpl
	Minimum pool size: undefined/unknown
	Maximum pool size: undefined/unknown
2025-11-30T18:21:51.582+03:00  INFO 9064 --- [auction] [main] o.h.e.t.j.p.i.JtaPlatformInitiator       : HHH000489: No JTA platform available (set 'hibernate.transaction.jta.platform' to enable JTA platform integration)
2025-11-30T18:21:51.591+03:00  INFO 9064 --- [auction] [main] j.LocalContainerEntityManagerFactoryBean : Initialized JPA EntityManagerFactory for persistence unit 'default'
2025-11-30T18:21:51.621+03:00  WARN 9064 --- [auction] [main] ConfigServletWebServerApplicationContext : Exception encountered during context initialization - cancelling refresh attempt: org.springframework.beans.factory.UnsatisfiedDependencyException: Error creating bean with name 'authController': Unsatisfied dependency expressed through field 'authenticationManager': No qualifying bean of type 'org.springframework.security.authentication.AuthenticationManager' available: expected at least 1 bean which qualifies as autowire candidate. Dependency annotations: {@org.springframework.beans.factory.annotation.Autowired(required=true)}
2025-11-30T18:21:51.624+03:00  INFO 9064 --- [auction] [main] j.LocalContainerEntityManagerFactoryBean : Closing JPA EntityManagerFactory for persistence unit 'default'
2025-11-30T18:21:51.626+03:00  INFO 9064 --- [auction] [main] com.zaxxer.hikari.HikariDataSource       : HikariPool-1 - Shutdown initiated...
2025-11-30T18:21:51.630+03:00  INFO 9064 --- [auction] [main] com.zaxxer.hikari.HikariDataSource       : HikariPool-1 - Shutdown completed.
2025-11-30T18:21:51.638+03:00  INFO 9064 --- [auction] [main] o.apache.catalina.core.StandardService   : Stopping service [Tomcat]
2025-11-30T18:21:51.642+03:00  INFO 9064 --- [auction] [main] .s.b.a.l.ConditionEvaluationReportLogger : 

Error starting ApplicationContext. To display the condition evaluation report re-run your application with 'debug' enabled.
2025-11-30T18:21:51.663+03:00 ERROR 9064 --- [auction] [main] o.s.b.d.LoggingFailureAnalysisReporter   : 

***************************
APPLICATION FAILED TO START
***************************

Description:

Field authenticationManager in com.project.auction.controller.AuthController required a bean of type 'org.springframework.security.authentication.AuthenticationManager' that could not be found.

The injection point has the following annotations:
	- @org.springframework.beans.factory.annotation.Autowired(required=true)


Action:

Consider defining a bean of type 'org.springframework.security.authentication.AuthenticationManager' in your configuration.

2025-11-30T18:22:06.992+03:00  INFO 19192 --- [auction] [main] com.project.auction.AuctionApplication   : Starting AuctionApplication using Java 17.0.16 with PID 19192 (C:\progect\auction\auction\server\target\classes started by User in C:\progect\auction\auction\server)
2025-11-30T18:22:06.995+03:00  INFO 19192 --- [auction] [main] com.project.auction.AuctionApplication   : No active profile set, falling back to 1 default profile: "default"
2025-11-30T18:22:07.497+03:00  INFO 19192 --- [auction] [main] .s.d.r.c.RepositoryConfigurationDelegate : Bootstrapping Spring Data JPA repositories in DEFAULT mode.
2025-11-30T18:22:07.549+03:00  INFO 19192 --- [auction] [main] .s.d.r.c.RepositoryConfigurationDelegate : Finished Spring Data repository scanning in 35 ms. Found 1 JPA repository interface.
2025-11-30T18:22:08.008+03:00  INFO 19192 --- [auction] [main] o.s.boot.tomcat.TomcatWebServer          : Tomcat initialized with port 8080 (http)
2025-11-30T18:22:08.008+03:00  INFO 19192 --- [auction] [main] o.apache.catalina.core.StandardService   : Starting service [Tomcat]
2025-11-30T18:22:08.008+03:00  INFO 19192 --- [auction] [main] o.apache.catalina.core.StandardEngine    : Starting Servlet engine: [Apache Tomcat/11.0.14]
2025-11-30T18:22:08.064+03:00  INFO 19192 --- [auction] [main] b.w.c.s.WebApplicationContextInitializer : Root WebApplicationContext: initialization completed in 1025 ms
2025-11-30T18:22:08.146+03:00  INFO 19192 --- [auction] [main] com.zaxxer.hikari.HikariDataSource       : HikariPool-1 - Starting...
2025-11-30T18:22:08.237+03:00  INFO 19192 --- [auction] [main] com.zaxxer.hikari.pool.HikariPool        : HikariPool-1 - Added connection org.postgresql.jdbc.PgConnection@23310248
2025-11-30T18:22:08.237+03:00  INFO 19192 --- [auction] [main] com.zaxxer.hikari.HikariDataSource       : HikariPool-1 - Start completed.
2025-11-30T18:22:08.255+03:00  INFO 19192 --- [auction] [main] o.hibernate.jpa.internal.util.LogHelper  : HHH000204: Processing PersistenceUnitInfo [name: default]
2025-11-30T18:22:08.296+03:00  INFO 19192 --- [auction] [main] org.hibernate.Version                    : HHH000412: Hibernate ORM core version 7.1.8.Final
2025-11-30T18:22:08.647+03:00  INFO 19192 --- [auction] [main] o.s.o.j.p.SpringPersistenceUnitInfo      : No LoadTimeWeaver setup: ignoring JPA class transformer
2025-11-30T18:22:09.225+03:00  INFO 19192 --- [auction] [main] org.hibernate.orm.connections.pooling    : HHH10001005: Database info:
	Database JDBC URL [jdbc:postgresql://localhost:5432/auction]
	Database driver: PostgreSQL JDBC Driver
	Database dialect: PostgreSQLDialect
	Database version: 18.1
	Default catalog/schema: auction/public
	Autocommit mode: undefined/unknown
	Isolation level: READ_COMMITTED [default READ_COMMITTED]
	JDBC fetch size: none
	Pool: DatasourceConnectionProviderImpl
	Minimum pool size: undefined/unknown
	Maximum pool size: undefined/unknown
2025-11-30T18:22:09.878+03:00  INFO 19192 --- [auction] [main] o.h.e.t.j.p.i.JtaPlatformInitiator       : HHH000489: No JTA platform available (set 'hibernate.transaction.jta.platform' to enable JTA platform integration)
2025-11-30T18:22:09.885+03:00  INFO 19192 --- [auction] [main] j.LocalContainerEntityManagerFactoryBean : Initialized JPA EntityManagerFactory for persistence unit 'default'
2025-11-30T18:22:09.945+03:00  INFO 19192 --- [auction] [main] o.s.d.j.r.query.QueryEnhancerFactories   : Hibernate is in classpath; If applicable, HQL parser will be used.
2025-11-30T18:22:10.179+03:00  INFO 19192 --- [auction] [main] r$InitializeUserDetailsManagerConfigurer : Global AuthenticationManager configured with UserDetailsService bean with name userDetailsServiceImpl
2025-11-30T18:22:10.205+03:00  WARN 19192 --- [auction] [main] JpaBaseConfiguration$JpaWebConfiguration : spring.jpa.open-in-view is enabled by default. Therefore, database queries may be performed during view rendering. Explicitly configure spring.jpa.open-in-view to disable this warning
2025-11-30T18:22:10.359+03:00 DEBUG 19192 --- [auction] [main] o.s.s.web.DefaultSecurityFilterChain     : Will secure any request with filters: DisableEncodeUrlFilter, WebAsyncManagerIntegrationFilter, SecurityContextHolderFilter, HeaderWriterFilter, CorsFilter, LogoutFilter, AuthTokenFilter, RequestCacheAwareFilter, SecurityContextHolderAwareRequestFilter, AnonymousAuthenticationFilter, SessionManagementFilter, ExceptionTranslationFilter, AuthorizationFilter
2025-11-30T18:22:10.404+03:00  INFO 19192 --- [auction] [main] o.s.b.w.a.WelcomePageHandlerMapping      : Adding welcome page: class path resource [static/index.html]
2025-11-30T18:22:10.622+03:00  INFO 19192 --- [auction] [main] o.s.boot.tomcat.TomcatWebServer          : Tomcat started on port 8080 (http) with context path '/'
2025-11-30T18:22:10.629+03:00  INFO 19192 --- [auction] [main] com.project.auction.AuctionApplication   : Started AuctionApplication in 3.975 seconds (process running for 4.229)
2025-11-30T18:22:18.827+03:00  INFO 19192 --- [auction] [http-nio-8080-exec-1] o.a.c.c.C.[Tomcat].[localhost].[/]       : Initializing Spring DispatcherServlet 'dispatcherServlet'
2025-11-30T18:22:18.827+03:00  INFO 19192 --- [auction] [http-nio-8080-exec-1] o.s.web.servlet.DispatcherServlet        : Initializing Servlet 'dispatcherServlet'
2025-11-30T18:22:18.829+03:00  INFO 19192 --- [auction] [http-nio-8080-exec-1] o.s.web.servlet.DispatcherServlet        : Completed initialization in 1 ms
2025-11-30T18:22:18.835+03:00 TRACE 19192 --- [auction] [http-nio-8080-exec-1] o.s.security.web.FilterChainProxy        : Trying to match request against DefaultSecurityFilterChain defined as 'filterChain' in [class path resource [com/project/auction/config/WebSecurityConfig.class]] matching [any request] and having filters [DisableEncodeUrl, WebAsyncManagerIntegration, SecurityContextHolder, HeaderWriter, Cors, Logout, AuthToken, RequestCacheAware, SecurityContextHolderAwareRequest, AnonymousAuthentication, SessionManagement, ExceptionTranslation, Authorization] (1/1)
2025-11-30T18:22:18.836+03:00 DEBUG 19192 --- [auction] [http-nio-8080-exec-1] o.s.security.web.FilterChainProxy        : Securing POST /api/auth/signup
2025-11-30T18:22:18.837+03:00 TRACE 19192 --- [auction] [http-nio-8080-exec-1] o.s.security.web.FilterChainProxy        : Invoking DisableEncodeUrlFilter (1/13)
2025-11-30T18:22:18.839+03:00 TRACE 19192 --- [auction] [http-nio-8080-exec-1] o.s.security.web.FilterChainProxy        : Invoking WebAsyncManagerIntegrationFilter (2/13)
2025-11-30T18:22:18.841+03:00 TRACE 19192 --- [auction] [http-nio-8080-exec-1] o.s.security.web.FilterChainProxy        : Invoking SecurityContextHolderFilter (3/13)
2025-11-30T18:22:18.843+03:00 TRACE 19192 --- [auction] [http-nio-8080-exec-1] o.s.security.web.FilterChainProxy        : Invoking HeaderWriterFilter (4/13)
2025-11-30T18:22:18.845+03:00 TRACE 19192 --- [auction] [http-nio-8080-exec-1] o.s.security.web.FilterChainProxy        : Invoking CorsFilter (5/13)
2025-11-30T18:22:18.862+03:00 TRACE 19192 --- [auction] [http-nio-8080-exec-1] o.s.security.web.FilterChainProxy        : Invoking LogoutFilter (6/13)
2025-11-30T18:22:18.862+03:00 TRACE 19192 --- [auction] [http-nio-8080-exec-1] o.s.s.w.a.logout.LogoutFilter            : Did not match request to Or [PathPattern [GET /logout], PathPattern [POST /logout], PathPattern [PUT /logout], PathPattern [DELETE /logout]]
2025-11-30T18:22:18.863+03:00 TRACE 19192 --- [auction] [http-nio-8080-exec-1] o.s.security.web.FilterChainProxy        : Invoking AuthTokenFilter (7/13)
2025-11-30T18:22:18.863+03:00 TRACE 19192 --- [auction] [http-nio-8080-exec-1] o.s.s.w.header.writers.HstsHeaderWriter  : Not injecting HSTS header since it did not match request to [Is Secure]
2025-11-30T18:22:20.398+03:00 TRACE 19192 --- [auction] [http-nio-8080-exec-2] o.s.security.web.FilterChainProxy        : Trying to match request against DefaultSecurityFilterChain defined as 'filterChain' in [class path resource [com/project/auction/config/WebSecurityConfig.class]] matching [any request] and having filters [DisableEncodeUrl, WebAsyncManagerIntegration, SecurityContextHolder, HeaderWriter, Cors, Logout, AuthToken, RequestCacheAware, SecurityContextHolderAwareRequest, AnonymousAuthentication, SessionManagement, ExceptionTranslation, Authorization] (1/1)
2025-11-30T18:22:20.399+03:00 DEBUG 19192 --- [auction] [http-nio-8080-exec-2] o.s.security.web.FilterChainProxy        : Securing GET /api/auth/signup
2025-11-30T18:22:20.400+03:00 TRACE 19192 --- [auction] [http-nio-8080-exec-2] o.s.security.web.FilterChainProxy        : Invoking DisableEncodeUrlFilter (1/13)
2025-11-30T18:22:20.401+03:00 TRACE 19192 --- [auction] [http-nio-8080-exec-2] o.s.security.web.FilterChainProxy        : Invoking WebAsyncManagerIntegrationFilter (2/13)
2025-11-30T18:22:20.401+03:00 TRACE 19192 --- [auction] [http-nio-8080-exec-2] o.s.security.web.FilterChainProxy        : Invoking SecurityContextHolderFilter (3/13)
2025-11-30T18:22:20.403+03:00 TRACE 19192 --- [auction] [http-nio-8080-exec-2] o.s.security.web.FilterChainProxy        : Invoking HeaderWriterFilter (4/13)
2025-11-30T18:22:20.403+03:00 TRACE 19192 --- [auction] [http-nio-8080-exec-2] o.s.security.web.FilterChainProxy        : Invoking CorsFilter (5/13)
2025-11-30T18:22:20.403+03:00 TRACE 19192 --- [auction] [http-nio-8080-exec-2] o.s.security.web.FilterChainProxy        : Invoking LogoutFilter (6/13)
2025-11-30T18:22:20.403+03:00 TRACE 19192 --- [auction] [http-nio-8080-exec-2] o.s.s.w.a.logout.LogoutFilter            : Did not match request to Or [PathPattern [GET /logout], PathPattern [POST /logout], PathPattern [PUT /logout], PathPattern [DELETE /logout]]
2025-11-30T18:22:20.403+03:00 TRACE 19192 --- [auction] [http-nio-8080-exec-2] o.s.security.web.FilterChainProxy        : Invoking AuthTokenFilter (7/13)
2025-11-30T18:22:20.403+03:00 TRACE 19192 --- [auction] [http-nio-8080-exec-2] o.s.s.w.header.writers.HstsHeaderWriter  : Not injecting HSTS header since it did not match request to [Is Secure]
2025-11-30T18:22:20.419+03:00 TRACE 19192 --- [auction] [http-nio-8080-exec-3] o.s.security.web.FilterChainProxy        : Trying to match request against DefaultSecurityFilterChain defined as 'filterChain' in [class path resource [com/project/auction/config/WebSecurityConfig.class]] matching [any request] and having filters [DisableEncodeUrl, WebAsyncManagerIntegration, SecurityContextHolder, HeaderWriter, Cors, Logout, AuthToken, RequestCacheAware, SecurityContextHolderAwareRequest, AnonymousAuthentication, SessionManagement, ExceptionTranslation, Authorization] (1/1)
2025-11-30T18:22:20.419+03:00 DEBUG 19192 --- [auction] [http-nio-8080-exec-3] o.s.security.web.FilterChainProxy        : Securing GET /favicon.ico
2025-11-30T18:22:20.419+03:00 TRACE 19192 --- [auction] [http-nio-8080-exec-3] o.s.security.web.FilterChainProxy        : Invoking DisableEncodeUrlFilter (1/13)
2025-11-30T18:22:20.419+03:00 TRACE 19192 --- [auction] [http-nio-8080-exec-3] o.s.security.web.FilterChainProxy        : Invoking WebAsyncManagerIntegrationFilter (2/13)
2025-11-30T18:22:20.419+03:00 TRACE 19192 --- [auction] [http-nio-8080-exec-3] o.s.security.web.FilterChainProxy        : Invoking SecurityContextHolderFilter (3/13)
2025-11-30T18:22:20.419+03:00 TRACE 19192 --- [auction] [http-nio-8080-exec-3] o.s.security.web.FilterChainProxy        : Invoking HeaderWriterFilter (4/13)
2025-11-30T18:22:20.427+03:00 TRACE 19192 --- [auction] [http-nio-8080-exec-3] o.s.security.web.FilterChainProxy        : Invoking CorsFilter (5/13)
2025-11-30T18:22:20.427+03:00 TRACE 19192 --- [auction] [http-nio-8080-exec-3] o.s.security.web.FilterChainProxy        : Invoking LogoutFilter (6/13)
2025-11-30T18:22:20.427+03:00 TRACE 19192 --- [auction] [http-nio-8080-exec-3] o.s.s.w.a.logout.LogoutFilter            : Did not match request to Or [PathPattern [GET /logout], PathPattern [POST /logout], PathPattern [PUT /logout], PathPattern [DELETE /logout]]
2025-11-30T18:22:20.427+03:00 TRACE 19192 --- [auction] [http-nio-8080-exec-3] o.s.security.web.FilterChainProxy        : Invoking AuthTokenFilter (7/13)
2025-11-30T18:22:20.427+03:00 TRACE 19192 --- [auction] [http-nio-8080-exec-3] o.s.s.w.header.writers.HstsHeaderWriter  : Not injecting HSTS header since it did not match request to [Is Secure]
2025-11-30T18:23:55.620+03:00  INFO 19192 --- [auction] [SpringApplicationShutdownHook] o.s.boot.tomcat.GracefulShutdown         : Commencing graceful shutdown. Waiting for active requests to complete
2025-11-30T18:23:55.700+03:00  INFO 19192 --- [auction] [tomcat-shutdown] o.s.boot.tomcat.GracefulShutdown         : Graceful shutdown complete
2025-11-30T18:23:55.706+03:00  INFO 19192 --- [auction] [SpringApplicationShutdownHook] j.LocalContainerEntityManagerFactoryBean : Closing JPA EntityManagerFactory for persistence unit 'default'
2025-11-30T18:23:55.709+03:00  INFO 19192 --- [auction] [SpringApplicationShutdownHook] com.zaxxer.hikari.HikariDataSource       : HikariPool-1 - Shutdown initiated...
2025-11-30T18:23:55.709+03:00  INFO 19192 --- [auction] [SpringApplicationShutdownHook] com.zaxxer.hikari.HikariDataSource       : HikariPool-1 - Shutdown completed.
2025-11-30T18:24:09.628+03:00  INFO 3916 --- [auction] [main] com.project.auction.AuctionApplication   : Starting AuctionApplication using Java 17.0.16 with PID 3916 (C:\progect\auction\auction\server\target\classes started by User in C:\progect\auction\auction\server)
2025-11-30T18:24:09.631+03:00  INFO 3916 --- [auction] [main] com.project.auction.AuctionApplication   : No active profile set, falling back to 1 default profile: "default"
2025-11-30T18:24:10.121+03:00  INFO 3916 --- [auction] [main] .s.d.r.c.RepositoryConfigurationDelegate : Bootstrapping Spring Data JPA repositories in DEFAULT mode.
2025-11-30T18:24:10.175+03:00  INFO 3916 --- [auction] [main] .s.d.r.c.RepositoryConfigurationDelegate : Finished Spring Data repository scanning in 38 ms. Found 1 JPA repository interface.
2025-11-30T18:24:10.665+03:00  INFO 3916 --- [auction] [main] o.s.boot.tomcat.TomcatWebServer          : Tomcat initialized with port 8080 (http)
2025-11-30T18:24:10.674+03:00  INFO 3916 --- [auction] [main] o.apache.catalina.core.StandardService   : Starting service [Tomcat]
2025-11-30T18:24:10.675+03:00  INFO 3916 --- [auction] [main] o.apache.catalina.core.StandardEngine    : Starting Servlet engine: [Apache Tomcat/11.0.14]
2025-11-30T18:24:10.719+03:00  INFO 3916 --- [auction] [main] b.w.c.s.WebApplicationContextInitializer : Root WebApplicationContext: initialization completed in 1047 ms
2025-11-30T18:24:10.797+03:00  INFO 3916 --- [auction] [main] com.zaxxer.hikari.HikariDataSource       : HikariPool-1 - Starting...
2025-11-30T18:24:10.892+03:00  INFO 3916 --- [auction] [main] com.zaxxer.hikari.pool.HikariPool        : HikariPool-1 - Added connection org.postgresql.jdbc.PgConnection@19da993b
2025-11-30T18:24:10.893+03:00  INFO 3916 --- [auction] [main] com.zaxxer.hikari.HikariDataSource       : HikariPool-1 - Start completed.
2025-11-30T18:24:10.912+03:00  INFO 3916 --- [auction] [main] o.hibernate.jpa.internal.util.LogHelper  : HHH000204: Processing PersistenceUnitInfo [name: default]
2025-11-30T18:24:10.955+03:00  INFO 3916 --- [auction] [main] org.hibernate.Version                    : HHH000412: Hibernate ORM core version 7.1.8.Final
2025-11-30T18:24:11.318+03:00  INFO 3916 --- [auction] [main] o.s.o.j.p.SpringPersistenceUnitInfo      : No LoadTimeWeaver setup: ignoring JPA class transformer
2025-11-30T18:24:11.887+03:00  INFO 3916 --- [auction] [main] org.hibernate.orm.connections.pooling    : HHH10001005: Database info:
	Database JDBC URL [jdbc:postgresql://localhost:5432/auction]
	Database driver: PostgreSQL JDBC Driver
	Database dialect: PostgreSQLDialect
	Database version: 18.1
	Default catalog/schema: auction/public
	Autocommit mode: undefined/unknown
	Isolation level: READ_COMMITTED [default READ_COMMITTED]
	JDBC fetch size: none
	Pool: DatasourceConnectionProviderImpl
	Minimum pool size: undefined/unknown
	Maximum pool size: undefined/unknown
2025-11-30T18:24:12.554+03:00  INFO 3916 --- [auction] [main] o.h.e.t.j.p.i.JtaPlatformInitiator       : HHH000489: No JTA platform available (set 'hibernate.transaction.jta.platform' to enable JTA platform integration)
2025-11-30T18:24:12.561+03:00  INFO 3916 --- [auction] [main] j.LocalContainerEntityManagerFactoryBean : Initialized JPA EntityManagerFactory for persistence unit 'default'
2025-11-30T18:24:12.605+03:00  INFO 3916 --- [auction] [main] o.s.d.j.r.query.QueryEnhancerFactories   : Hibernate is in classpath; If applicable, HQL parser will be used.
2025-11-30T18:24:12.836+03:00  INFO 3916 --- [auction] [main] r$InitializeUserDetailsManagerConfigurer : Global AuthenticationManager configured with UserDetailsService bean with name userDetailsServiceImpl
2025-11-30T18:24:12.863+03:00  WARN 3916 --- [auction] [main] JpaBaseConfiguration$JpaWebConfiguration : spring.jpa.open-in-view is enabled by default. Therefore, database queries may be performed during view rendering. Explicitly configure spring.jpa.open-in-view to disable this warning
2025-11-30T18:24:13.012+03:00 DEBUG 3916 --- [auction] [main] o.s.s.web.DefaultSecurityFilterChain     : Will secure any request with filters: DisableEncodeUrlFilter, WebAsyncManagerIntegrationFilter, SecurityContextHolderFilter, HeaderWriterFilter, CorsFilter, LogoutFilter, AuthTokenFilter, RequestCacheAwareFilter, SecurityContextHolderAwareRequestFilter, AnonymousAuthenticationFilter, SessionManagementFilter, ExceptionTranslationFilter, AuthorizationFilter
2025-11-30T18:24:13.058+03:00  INFO 3916 --- [auction] [main] o.s.b.w.a.WelcomePageHandlerMapping      : Adding welcome page: class path resource [static/index.html]
2025-11-30T18:24:13.250+03:00  INFO 3916 --- [auction] [main] o.s.boot.tomcat.TomcatWebServer          : Tomcat started on port 8080 (http) with context path '/'
2025-11-30T18:24:13.266+03:00  INFO 3916 --- [auction] [main] com.project.auction.AuctionApplication   : Started AuctionApplication in 4.01 seconds (process running for 4.273)
2025-11-30T18:24:20.462+03:00  INFO 3916 --- [auction] [http-nio-8080-exec-1] o.a.c.c.C.[Tomcat].[localhost].[/]       : Initializing Spring DispatcherServlet 'dispatcherServlet'
2025-11-30T18:24:20.463+03:00  INFO 3916 --- [auction] [http-nio-8080-exec-1] o.s.web.servlet.DispatcherServlet        : Initializing Servlet 'dispatcherServlet'
2025-11-30T18:24:20.465+03:00  INFO 3916 --- [auction] [http-nio-8080-exec-1] o.s.web.servlet.DispatcherServlet        : Completed initialization in 0 ms
2025-11-30T18:24:20.472+03:00 TRACE 3916 --- [auction] [http-nio-8080-exec-1] o.s.security.web.FilterChainProxy        : Trying to match request against DefaultSecurityFilterChain defined as 'filterChain' in [class path resource [com/project/auction/config/WebSecurityConfig.class]] matching [any request] and having filters [DisableEncodeUrl, WebAsyncManagerIntegration, SecurityContextHolder, HeaderWriter, Cors, Logout, AuthToken, RequestCacheAware, SecurityContextHolderAwareRequest, AnonymousAuthentication, SessionManagement, ExceptionTranslation, Authorization] (1/1)
2025-11-30T18:24:20.473+03:00 DEBUG 3916 --- [auction] [http-nio-8080-exec-1] o.s.security.web.FilterChainProxy        : Securing POST /api/auth/signup
2025-11-30T18:24:20.475+03:00 TRACE 3916 --- [auction] [http-nio-8080-exec-1] o.s.security.web.FilterChainProxy        : Invoking DisableEncodeUrlFilter (1/13)
2025-11-30T18:24:20.476+03:00 TRACE 3916 --- [auction] [http-nio-8080-exec-1] o.s.security.web.FilterChainProxy        : Invoking WebAsyncManagerIntegrationFilter (2/13)
2025-11-30T18:24:20.482+03:00 TRACE 3916 --- [auction] [http-nio-8080-exec-1] o.s.security.web.FilterChainProxy        : Invoking SecurityContextHolderFilter (3/13)
2025-11-30T18:24:20.484+03:00 TRACE 3916 --- [auction] [http-nio-8080-exec-1] o.s.security.web.FilterChainProxy        : Invoking HeaderWriterFilter (4/13)
2025-11-30T18:24:20.487+03:00 TRACE 3916 --- [auction] [http-nio-8080-exec-1] o.s.security.web.FilterChainProxy        : Invoking CorsFilter (5/13)
2025-11-30T18:24:20.506+03:00 TRACE 3916 --- [auction] [http-nio-8080-exec-1] o.s.security.web.FilterChainProxy        : Invoking LogoutFilter (6/13)
2025-11-30T18:24:20.507+03:00 TRACE 3916 --- [auction] [http-nio-8080-exec-1] o.s.s.w.a.logout.LogoutFilter            : Did not match request to Or [PathPattern [GET /logout], PathPattern [POST /logout], PathPattern [PUT /logout], PathPattern [DELETE /logout]]
2025-11-30T18:24:20.508+03:00 TRACE 3916 --- [auction] [http-nio-8080-exec-1] o.s.security.web.FilterChainProxy        : Invoking AuthTokenFilter (7/13)
2025-11-30T18:24:20.509+03:00 TRACE 3916 --- [auction] [http-nio-8080-exec-1] o.s.security.web.FilterChainProxy        : Invoking RequestCacheAwareFilter (8/13)
2025-11-30T18:24:20.510+03:00 TRACE 3916 --- [auction] [http-nio-8080-exec-1] o.s.security.web.FilterChainProxy        : Invoking SecurityContextHolderAwareRequestFilter (9/13)
2025-11-30T18:24:20.511+03:00 TRACE 3916 --- [auction] [http-nio-8080-exec-1] o.s.security.web.FilterChainProxy        : Invoking AnonymousAuthenticationFilter (10/13)
2025-11-30T18:24:20.512+03:00 TRACE 3916 --- [auction] [http-nio-8080-exec-1] o.s.security.web.FilterChainProxy        : Invoking SessionManagementFilter (11/13)
2025-11-30T18:24:20.512+03:00 TRACE 3916 --- [auction] [http-nio-8080-exec-1] .s.s.w.c.SupplierDeferredSecurityContext : Created SecurityContextImpl [Null authentication]
2025-11-30T18:24:20.514+03:00 TRACE 3916 --- [auction] [http-nio-8080-exec-1] o.s.s.w.a.AnonymousAuthenticationFilter  : Set SecurityContextHolder to AnonymousAuthenticationToken [Principal=anonymousUser, Credentials=[PROTECTED], Authenticated=true, Details=WebAuthenticationDetails [RemoteIpAddress=0:0:0:0:0:0:0:1, SessionId=null], Granted Authorities=[ROLE_ANONYMOUS]]
2025-11-30T18:24:20.514+03:00 TRACE 3916 --- [auction] [http-nio-8080-exec-1] o.s.security.web.FilterChainProxy        : Invoking ExceptionTranslationFilter (12/13)
2025-11-30T18:24:20.515+03:00 TRACE 3916 --- [auction] [http-nio-8080-exec-1] o.s.security.web.FilterChainProxy        : Invoking AuthorizationFilter (13/13)
2025-11-30T18:24:20.516+03:00 TRACE 3916 --- [auction] [http-nio-8080-exec-1] estMatcherDelegatingAuthorizationManager : Authorizing POST /api/auth/signup
2025-11-30T18:24:20.517+03:00 TRACE 3916 --- [auction] [http-nio-8080-exec-1] estMatcherDelegatingAuthorizationManager : Checking authorization on POST /api/auth/signup using org.springframework.security.authorization.SingleResultAuthorizationManager@51cd5ea6
2025-11-30T18:24:20.518+03:00 DEBUG 3916 --- [auction] [http-nio-8080-exec-1] o.s.security.web.FilterChainProxy        : Secured POST /api/auth/signup
2025-11-30T18:24:20.612+03:00 TRACE 3916 --- [auction] [http-nio-8080-exec-1] o.s.s.w.header.writers.HstsHeaderWriter  : Not injecting HSTS header since it did not match request to [Is Secure]
2025-11-30T18:24:20.613+03:00 ERROR 3916 --- [auction] [http-nio-8080-exec-1] o.a.c.c.C.[.[.[/].[dispatcherServlet]    : Servlet.service() for servlet [dispatcherServlet] in context with path [] threw exception [Request processing failed: org.springframework.data.core.PropertyReferenceException: No property 'user' found for type 'Long'; Traversed path: User.id] with root cause

org.springframework.data.core.PropertyReferenceException: No property 'user' found for type 'Long'; Traversed path: User.id
	at org.springframework.data.core.SimplePropertyPath.<init>(SimplePropertyPath.java:93) ~[spring-data-commons-4.0.0.jar:4.0.0]
	at org.springframework.data.core.SimplePropertyPath.create(SimplePropertyPath.java:360) ~[spring-data-commons-4.0.0.jar:4.0.0]
	at org.springframework.data.core.SimplePropertyPath.create(SimplePropertyPath.java:335) ~[spring-data-commons-4.0.0.jar:4.0.0]
	at org.springframework.data.core.SimplePropertyPath.create(SimplePropertyPath.java:319) ~[spring-data-commons-4.0.0.jar:4.0.0]
	at org.springframework.data.core.SimplePropertyPath.lambda$from$0(SimplePropertyPath.java:291) ~[spring-data-commons-4.0.0.jar:4.0.0]
	at org.springframework.util.ConcurrentReferenceHashMap$6.execute(ConcurrentReferenceHashMap.java:380) ~[spring-core-7.0.1.jar:7.0.1]
	at org.springframework.util.ConcurrentReferenceHashMap$Segment.doTask(ConcurrentReferenceHashMap.java:667) ~[spring-core-7.0.1.jar:7.0.1]
	at org.springframework.util.ConcurrentReferenceHashMap.doTask(ConcurrentReferenceHashMap.java:551) ~[spring-core-7.0.1.jar:7.0.1]
	at org.springframework.util.ConcurrentReferenceHashMap.computeIfAbsent(ConcurrentReferenceHashMap.java:374) ~[spring-core-7.0.1.jar:7.0.1]
	at org.springframework.data.core.SimplePropertyPath.from(SimplePropertyPath.java:270) ~[spring-data-commons-4.0.0.jar:4.0.0]
	at org.springframework.data.core.PropertyPath.from(PropertyPath.java:210) ~[spring-data-commons-4.0.0.jar:4.0.0]
	at org.springframework.data.core.PropertyPath.from(PropertyPath.java:193) ~[spring-data-commons-4.0.0.jar:4.0.0]
	at org.springframework.data.jpa.repository.query.JpaQueryCreator.doSelect(JpaQueryCreator.java:348) ~[spring-data-jpa-4.0.0.jar:4.0.0]
	at org.springframework.data.jpa.repository.query.JpaQueryCreator.buildQuery(JpaQueryCreator.java:230) ~[spring-data-jpa-4.0.0.jar:4.0.0]
	at org.springframework.data.jpa.repository.query.JpaQueryCreator.createQuery(JpaQueryCreator.java:213) ~[spring-data-jpa-4.0.0.jar:4.0.0]
	at org.springframework.data.jpa.repository.query.JpaQueryCreator.complete(JpaQueryCreator.java:207) ~[spring-data-jpa-4.0.0.jar:4.0.0]
	at org.springframework.data.jpa.repository.query.JpaQueryCreator.complete(JpaQueryCreator.java:1) ~[spring-data-jpa-4.0.0.jar:4.0.0]
	at org.springframework.data.repository.query.parser.AbstractQueryCreator.createQuery(AbstractQueryCreator.java:96) ~[spring-data-commons-4.0.0.jar:4.0.0]
	at org.springframework.data.jpa.repository.query.JpaQueryCreator.createQuery(JpaQueryCreator.java:1) ~[spring-data-jpa-4.0.0.jar:4.0.0]
	at org.springframework.data.jpa.repository.query.PartTreeJpaQuery$QueryPreparer$CacheableJpqlQueryCreator.<init>(PartTreeJpaQuery.java:331) ~[spring-data-jpa-4.0.0.jar:4.0.0]
	at org.springframework.data.jpa.repository.query.PartTreeJpaQuery$QueryPreparer.createCreator(PartTreeJpaQuery.java:311) ~[spring-data-jpa-4.0.0.jar:4.0.0]
	at org.springframework.data.jpa.repository.query.PartTreeJpaQuery$QueryPreparer.createQuery(PartTreeJpaQuery.java:227) ~[spring-data-jpa-4.0.0.jar:4.0.0]
	at org.springframework.data.jpa.repository.query.PartTreeJpaQuery.doCreateQuery(PartTreeJpaQuery.java:122) ~[spring-data-jpa-4.0.0.jar:4.0.0]
	at org.springframework.data.jpa.repository.query.AbstractJpaQuery.createQuery(AbstractJpaQuery.java:264) ~[spring-data-jpa-4.0.0.jar:4.0.0]
	at org.springframework.data.jpa.repository.query.JpaQueryExecution$ExistsExecution.doExecute(JpaQueryExecution.java:440) ~[spring-data-jpa-4.0.0.jar:4.0.0]
	at org.springframework.data.jpa.repository.query.JpaQueryExecution.execute(JpaQueryExecution.java:99) ~[spring-data-jpa-4.0.0.jar:4.0.0]
	at org.springframework.data.jpa.repository.query.AbstractJpaQuery.doExecute(AbstractJpaQuery.java:164) ~[spring-data-jpa-4.0.0.jar:4.0.0]
	at org.springframework.data.jpa.repository.query.AbstractJpaQuery.execute(AbstractJpaQuery.java:154) ~[spring-data-jpa-4.0.0.jar:4.0.0]
	at org.springframework.data.repository.core.support.RepositoryMethodInvoker.doInvoke(RepositoryMethodInvoker.java:169) ~[spring-data-commons-4.0.0.jar:4.0.0]
	at org.springframework.data.repository.core.support.RepositoryMethodInvoker.invoke(RepositoryMethodInvoker.java:158) ~[spring-data-commons-4.0.0.jar:4.0.0]
	at org.springframework.data.repository.core.support.QueryExecutorMethodInterceptor.doInvoke(QueryExecutorMethodInterceptor.java:167) ~[spring-data-commons-4.0.0.jar:4.0.0]
	at org.springframework.data.repository.core.support.QueryExecutorMethodInterceptor.invoke(QueryExecutorMethodInterceptor.java:146) ~[spring-data-commons-4.0.0.jar:4.0.0]
	at org.springframework.aop.framework.ReflectiveMethodInvocation.proceed(ReflectiveMethodInvocation.java:179) ~[spring-aop-7.0.1.jar:7.0.1]
	at org.springframework.data.projection.DefaultMethodInvokingMethodInterceptor.invoke(DefaultMethodInvokingMethodInterceptor.java:69) ~[spring-data-commons-4.0.0.jar:4.0.0]
	at org.springframework.aop.framework.ReflectiveMethodInvocation.proceed(ReflectiveMethodInvocation.java:179) ~[spring-aop-7.0.1.jar:7.0.1]
	at org.springframework.transaction.interceptor.TransactionAspectSupport.invokeWithinTransaction(TransactionAspectSupport.java:370) ~[spring-tx-7.0.1.jar:7.0.1]
	at org.springframework.transaction.interceptor.TransactionInterceptor.invoke(TransactionInterceptor.java:118) ~[spring-tx-7.0.1.jar:7.0.1]
	at org.springframework.aop.framework.ReflectiveMethodInvocation.proceed(ReflectiveMethodInvocation.java:179) ~[spring-aop-7.0.1.jar:7.0.1]
	at org.springframework.dao.support.PersistenceExceptionTranslationInterceptor.invoke(PersistenceExceptionTranslationInterceptor.java:135) ~[spring-tx-7.0.1.jar:7.0.1]
	at org.springframework.aop.framework.ReflectiveMethodInvocation.proceed(ReflectiveMethodInvocation.java:179) ~[spring-aop-7.0.1.jar:7.0.1]
	at org.springframework.data.jpa.repository.support.CrudMethodMetadataPostProcessor$CrudMethodMetadataPopulatingMethodInterceptor.invoke(CrudMethodMetadataPostProcessor.java:137) ~[spring-data-jpa-4.0.0.jar:4.0.0]
	at org.springframework.aop.framework.ReflectiveMethodInvocation.proceed(ReflectiveMethodInvocation.java:179) ~[spring-aop-7.0.1.jar:7.0.1]
	at org.springframework.aop.framework.JdkDynamicAopProxy.invoke(JdkDynamicAopProxy.java:222) ~[spring-aop-7.0.1.jar:7.0.1]
	at jdk.proxy2/jdk.proxy2.$Proxy129.existsByEmail(Unknown Source) ~[na:na]
	at com.project.auction.controller.AuthController.registerUser(AuthController.java:61) ~[classes/:na]
	at java.base/jdk.internal.reflect.NativeMethodAccessorImpl.invoke0(Native Method) ~[na:na]
	at java.base/jdk.internal.reflect.NativeMethodAccessorImpl.invoke(NativeMethodAccessorImpl.java:77) ~[na:na]
	at java.base/jdk.internal.reflect.DelegatingMethodAccessorImpl.invoke(DelegatingMethodAccessorImpl.java:43) ~[na:na]
	at java.base/java.lang.reflect.Method.invoke(Method.java:569) ~[na:na]
	at org.springframework.web.method.support.InvocableHandlerMethod.doInvoke(InvocableHandlerMethod.java:258) ~[spring-web-7.0.1.jar:7.0.1]
	at org.springframework.web.method.support.InvocableHandlerMethod.invokeForRequest(InvocableHandlerMethod.java:190) ~[spring-web-7.0.1.jar:7.0.1]
	at org.springframework.web.servlet.mvc.method.annotation.ServletInvocableHandlerMethod.invokeAndHandle(ServletInvocableHandlerMethod.java:117) ~[spring-webmvc-7.0.1.jar:7.0.1]
	at org.springframework.web.servlet.mvc.method.annotation.RequestMappingHandlerAdapter.invokeHandlerMethod(RequestMappingHandlerAdapter.java:934) ~[spring-webmvc-7.0.1.jar:7.0.1]
	at org.springframework.web.servlet.mvc.method.annotation.RequestMappingHandlerAdapter.handleInternal(RequestMappingHandlerAdapter.java:853) ~[spring-webmvc-7.0.1.jar:7.0.1]
	at org.springframework.web.servlet.mvc.method.AbstractHandlerMethodAdapter.handle(AbstractHandlerMethodAdapter.java:86) ~[spring-webmvc-7.0.1.jar:7.0.1]
	at org.springframework.web.servlet.DispatcherServlet.doDispatch(DispatcherServlet.java:963) ~[spring-webmvc-7.0.1.jar:7.0.1]
	at org.springframework.web.servlet.DispatcherServlet.doService(DispatcherServlet.java:866) ~[spring-webmvc-7.0.1.jar:7.0.1]
	at org.springframework.web.servlet.FrameworkServlet.processRequest(FrameworkServlet.java:1003) ~[spring-webmvc-7.0.1.jar:7.0.1]
	at org.springframework.web.servlet.FrameworkServlet.doPost(FrameworkServlet.java:903) ~[spring-webmvc-7.0.1.jar:7.0.1]
	at jakarta.servlet.http.HttpServlet.service(HttpServlet.java:649) ~[tomcat-embed-core-11.0.14.jar:6.1]
	at org.springframework.web.servlet.FrameworkServlet.service(FrameworkServlet.java:874) ~[spring-webmvc-7.0.1.jar:7.0.1]
	at jakarta.servlet.http.HttpServlet.service(HttpServlet.java:710) ~[tomcat-embed-core-11.0.14.jar:6.1]
	at org.apache.catalina.core.ApplicationFilterChain.doFilter(ApplicationFilterChain.java:128) ~[tomcat-embed-core-11.0.14.jar:11.0.14]
	at org.apache.tomcat.websocket.server.WsFilter.doFilter(WsFilter.java:53) ~[tomcat-embed-websocket-11.0.14.jar:11.0.14]
	at org.apache.catalina.core.ApplicationFilterChain.doFilter(ApplicationFilterChain.java:107) ~[tomcat-embed-core-11.0.14.jar:11.0.14]
	at org.springframework.web.filter.OncePerRequestFilter.doFilter(OncePerRequestFilter.java:110) ~[spring-web-7.0.1.jar:7.0.1]
	at org.apache.catalina.core.ApplicationFilterChain.doFilter(ApplicationFilterChain.java:107) ~[tomcat-embed-core-11.0.14.jar:11.0.14]
	at org.springframework.web.filter.CompositeFilter$VirtualFilterChain.doFilter(CompositeFilter.java:108) ~[spring-web-7.0.1.jar:7.0.1]
	at org.springframework.security.web.FilterChainProxy.lambda$doFilterInternal$3(FilterChainProxy.java:235) ~[spring-security-web-7.0.0.jar:7.0.0]
	at org.springframework.security.web.FilterChainProxy$VirtualFilterChain.doFilter(FilterChainProxy.java:371) ~[spring-security-web-7.0.0.jar:7.0.0]
	at org.springframework.security.web.access.intercept.AuthorizationFilter.doFilter(AuthorizationFilter.java:101) ~[spring-security-web-7.0.0.jar:7.0.0]
	at org.springframework.security.web.FilterChainProxy$VirtualFilterChain.doFilter(FilterChainProxy.java:380) ~[spring-security-web-7.0.0.jar:7.0.0]
	at org.springframework.security.web.access.ExceptionTranslationFilter.doFilter(ExceptionTranslationFilter.java:126) ~[spring-security-web-7.0.0.jar:7.0.0]
	at org.springframework.security.web.access.ExceptionTranslationFilter.doFilter(ExceptionTranslationFilter.java:120) ~[spring-security-web-7.0.0.jar:7.0.0]
	at org.springframework.security.web.FilterChainProxy$VirtualFilterChain.doFilter(FilterChainProxy.java:380) ~[spring-security-web-7.0.0.jar:7.0.0]
	at org.springframework.security.web.session.SessionManagementFilter.doFilter(SessionManagementFilter.java:132) ~[spring-security-web-7.0.0.jar:7.0.0]
	at org.springframework.security.web.session.SessionManagementFilter.doFilter(SessionManagementFilter.java:86) ~[spring-security-web-7.0.0.jar:7.0.0]
	at org.springframework.security.web.FilterChainProxy$VirtualFilterChain.doFilter(FilterChainProxy.java:380) ~[spring-security-web-7.0.0.jar:7.0.0]
	at org.springframework.security.web.authentication.AnonymousAuthenticationFilter.doFilter(AnonymousAuthenticationFilter.java:100) ~[spring-security-web-7.0.0.jar:7.0.0]
	at org.springframework.security.web.FilterChainProxy$VirtualFilterChain.doFilter(FilterChainProxy.java:380) ~[spring-security-web-7.0.0.jar:7.0.0]
	at org.springframework.security.web.servletapi.SecurityContextHolderAwareRequestFilter.doFilter(SecurityContextHolderAwareRequestFilter.java:181) ~[spring-security-web-7.0.0.jar:7.0.0]
	at org.springframework.security.web.FilterChainProxy$VirtualFilterChain.doFilter(FilterChainProxy.java:380) ~[spring-security-web-7.0.0.jar:7.0.0]
	at org.springframework.security.web.savedrequest.RequestCacheAwareFilter.doFilter(RequestCacheAwareFilter.java:63) ~[spring-security-web-7.0.0.jar:7.0.0]
	at org.springframework.security.web.FilterChainProxy$VirtualFilterChain.doFilter(FilterChainProxy.java:380) ~[spring-security-web-7.0.0.jar:7.0.0]
	at com.project.auction.config.jwt.AuthTokenFilter.doFilterInternal(AuthTokenFilter.java:45) ~[classes/:na]
	at org.springframework.web.filter.OncePerRequestFilter.doFilter(OncePerRequestFilter.java:116) ~[spring-web-7.0.1.jar:7.0.1]
	at org.springframework.security.web.FilterChainProxy$VirtualFilterChain.doFilter(FilterChainProxy.java:380) ~[spring-security-web-7.0.0.jar:7.0.0]
	at org.springframework.security.web.authentication.logout.LogoutFilter.doFilter(LogoutFilter.java:110) ~[spring-security-web-7.0.0.jar:7.0.0]
	at org.springframework.security.web.authentication.logout.LogoutFilter.doFilter(LogoutFilter.java:96) ~[spring-security-web-7.0.0.jar:7.0.0]
	at org.springframework.security.web.FilterChainProxy$VirtualFilterChain.doFilter(FilterChainProxy.java:380) ~[spring-security-web-7.0.0.jar:7.0.0]
	at org.springframework.web.filter.CorsFilter.doFilterInternal(CorsFilter.java:91) ~[spring-web-7.0.1.jar:7.0.1]
	at org.springframework.web.filter.OncePerRequestFilter.doFilter(OncePerRequestFilter.java:116) ~[spring-web-7.0.1.jar:7.0.1]
	at org.springframework.security.web.FilterChainProxy$VirtualFilterChain.doFilter(FilterChainProxy.java:380) ~[spring-security-web-7.0.0.jar:7.0.0]
	at org.springframework.security.web.header.HeaderWriterFilter.doHeadersAfter(HeaderWriterFilter.java:90) ~[spring-security-web-7.0.0.jar:7.0.0]
	at org.springframework.security.web.header.HeaderWriterFilter.doFilterInternal(HeaderWriterFilter.java:75) ~[spring-security-web-7.0.0.jar:7.0.0]
	at org.springframework.web.filter.OncePerRequestFilter.doFilter(OncePerRequestFilter.java:116) ~[spring-web-7.0.1.jar:7.0.1]
	at org.springframework.security.web.FilterChainProxy$VirtualFilterChain.doFilter(FilterChainProxy.java:380) ~[spring-security-web-7.0.0.jar:7.0.0]
	at org.springframework.security.web.context.SecurityContextHolderFilter.doFilter(SecurityContextHolderFilter.java:82) ~[spring-security-web-7.0.0.jar:7.0.0]
	at org.springframework.security.web.context.SecurityContextHolderFilter.doFilter(SecurityContextHolderFilter.java:69) ~[spring-security-web-7.0.0.jar:7.0.0]
	at org.springframework.security.web.FilterChainProxy$VirtualFilterChain.doFilter(FilterChainProxy.java:380) ~[spring-security-web-7.0.0.jar:7.0.0]
	at org.springframework.security.web.context.request.async.WebAsyncManagerIntegrationFilter.doFilterInternal(WebAsyncManagerIntegrationFilter.java:62) ~[spring-security-web-7.0.0.jar:7.0.0]
	at org.springframework.web.filter.OncePerRequestFilter.doFilter(OncePerRequestFilter.java:116) ~[spring-web-7.0.1.jar:7.0.1]
	at org.springframework.security.web.FilterChainProxy$VirtualFilterChain.doFilter(FilterChainProxy.java:380) ~[spring-security-web-7.0.0.jar:7.0.0]
	at org.springframework.security.web.session.DisableEncodeUrlFilter.doFilterInternal(DisableEncodeUrlFilter.java:42) ~[spring-security-web-7.0.0.jar:7.0.0]
	at org.springframework.web.filter.OncePerRequestFilter.doFilter(OncePerRequestFilter.java:116) ~[spring-web-7.0.1.jar:7.0.1]
	at org.springframework.security.web.FilterChainProxy$VirtualFilterChain.doFilter(FilterChainProxy.java:380) ~[spring-security-web-7.0.0.jar:7.0.0]
	at org.springframework.security.web.FilterChainProxy.doFilterInternal(FilterChainProxy.java:237) ~[spring-security-web-7.0.0.jar:7.0.0]
	at org.springframework.security.web.FilterChainProxy.doFilter(FilterChainProxy.java:195) ~[spring-security-web-7.0.0.jar:7.0.0]
	at org.springframework.web.filter.CompositeFilter$VirtualFilterChain.doFilter(CompositeFilter.java:113) ~[spring-web-7.0.1.jar:7.0.1]
	at org.springframework.web.filter.ServletRequestPathFilter.doFilter(ServletRequestPathFilter.java:52) ~[spring-web-7.0.1.jar:7.0.1]
	at org.springframework.web.filter.CompositeFilter$VirtualFilterChain.doFilter(CompositeFilter.java:113) ~[spring-web-7.0.1.jar:7.0.1]
	at org.springframework.web.filter.CompositeFilter.doFilter(CompositeFilter.java:74) ~[spring-web-7.0.1.jar:7.0.1]
	at org.springframework.security.config.annotation.web.configuration.WebSecurityConfiguration$CompositeFilterChainProxy.doFilter(WebSecurityConfiguration.java:317) ~[spring-security-config-7.0.0.jar:7.0.0]
	at org.springframework.web.filter.DelegatingFilterProxy.invokeDelegate(DelegatingFilterProxy.java:355) ~[spring-web-7.0.1.jar:7.0.1]
	at org.springframework.web.filter.DelegatingFilterProxy.doFilter(DelegatingFilterProxy.java:272) ~[spring-web-7.0.1.jar:7.0.1]
	at org.apache.catalina.core.ApplicationFilterChain.doFilter(ApplicationFilterChain.java:107) ~[tomcat-embed-core-11.0.14.jar:11.0.14]
	at org.springframework.web.filter.RequestContextFilter.doFilterInternal(RequestContextFilter.java:100) ~[spring-web-7.0.1.jar:7.0.1]
	at org.springframework.web.filter.OncePerRequestFilter.doFilter(OncePerRequestFilter.java:116) ~[spring-web-7.0.1.jar:7.0.1]
	at org.apache.catalina.core.ApplicationFilterChain.doFilter(ApplicationFilterChain.java:107) ~[tomcat-embed-core-11.0.14.jar:11.0.14]
	at org.springframework.web.filter.FormContentFilter.doFilterInternal(FormContentFilter.java:93) ~[spring-web-7.0.1.jar:7.0.1]
	at org.springframework.web.filter.OncePerRequestFilter.doFilter(OncePerRequestFilter.java:116) ~[spring-web-7.0.1.jar:7.0.1]
	at org.apache.catalina.core.ApplicationFilterChain.doFilter(ApplicationFilterChain.java:107) ~[tomcat-embed-core-11.0.14.jar:11.0.14]
	at org.springframework.web.filter.CharacterEncodingFilter.doFilterInternal(CharacterEncodingFilter.java:199) ~[spring-web-7.0.1.jar:7.0.1]
	at org.springframework.web.filter.OncePerRequestFilter.doFilter(OncePerRequestFilter.java:116) ~[spring-web-7.0.1.jar:7.0.1]
	at org.apache.catalina.core.ApplicationFilterChain.doFilter(ApplicationFilterChain.java:107) ~[tomcat-embed-core-11.0.14.jar:11.0.14]
	at org.apache.catalina.core.StandardWrapperValve.invoke(StandardWrapperValve.java:165) ~[tomcat-embed-core-11.0.14.jar:11.0.14]
	at org.apache.catalina.core.StandardContextValve.invoke(StandardContextValve.java:77) ~[tomcat-embed-core-11.0.14.jar:11.0.14]
	at org.apache.catalina.authenticator.AuthenticatorBase.invoke(AuthenticatorBase.java:482) ~[tomcat-embed-core-11.0.14.jar:11.0.14]
	at org.apache.catalina.core.StandardHostValve.invoke(StandardHostValve.java:113) ~[tomcat-embed-core-11.0.14.jar:11.0.14]
	at org.apache.catalina.valves.ErrorReportValve.invoke(ErrorReportValve.java:83) ~[tomcat-embed-core-11.0.14.jar:11.0.14]
	at org.apache.catalina.core.StandardEngineValve.invoke(StandardEngineValve.java:72) ~[tomcat-embed-core-11.0.14.jar:11.0.14]
	at org.apache.catalina.connector.CoyoteAdapter.service(CoyoteAdapter.java:341) ~[tomcat-embed-core-11.0.14.jar:11.0.14]
	at org.apache.coyote.http11.Http11Processor.service(Http11Processor.java:397) ~[tomcat-embed-core-11.0.14.jar:11.0.14]
	at org.apache.coyote.AbstractProcessorLight.process(AbstractProcessorLight.java:63) ~[tomcat-embed-core-11.0.14.jar:11.0.14]
	at org.apache.coyote.AbstractProtocol$ConnectionHandler.process(AbstractProtocol.java:903) ~[tomcat-embed-core-11.0.14.jar:11.0.14]
	at org.apache.tomcat.util.net.NioEndpoint$SocketProcessor.doRun(NioEndpoint.java:1778) ~[tomcat-embed-core-11.0.14.jar:11.0.14]
	at org.apache.tomcat.util.net.SocketProcessorBase.run(SocketProcessorBase.java:52) ~[tomcat-embed-core-11.0.14.jar:11.0.14]
	at org.apache.tomcat.util.threads.ThreadPoolExecutor.runWorker(ThreadPoolExecutor.java:946) ~[tomcat-embed-core-11.0.14.jar:11.0.14]
	at org.apache.tomcat.util.threads.ThreadPoolExecutor$Worker.run(ThreadPoolExecutor.java:480) ~[tomcat-embed-core-11.0.14.jar:11.0.14]
	at org.apache.tomcat.util.threads.TaskThread$WrappingRunnable.run(TaskThread.java:57) ~[tomcat-embed-core-11.0.14.jar:11.0.14]
	at java.base/java.lang.Thread.run(Thread.java:840) ~[na:na]

2025-11-30T18:24:20.630+03:00 TRACE 3916 --- [auction] [http-nio-8080-exec-1] o.s.security.web.FilterChainProxy        : Trying to match request against DefaultSecurityFilterChain defined as 'filterChain' in [class path resource [com/project/auction/config/WebSecurityConfig.class]] matching [any request] and having filters [DisableEncodeUrl, WebAsyncManagerIntegration, SecurityContextHolder, HeaderWriter, Cors, Logout, AuthToken, RequestCacheAware, SecurityContextHolderAwareRequest, AnonymousAuthentication, SessionManagement, ExceptionTranslation, Authorization] (1/1)
2025-11-30T18:24:20.631+03:00 DEBUG 3916 --- [auction] [http-nio-8080-exec-1] o.s.security.web.FilterChainProxy        : Securing GET /error
2025-11-30T18:24:20.632+03:00 TRACE 3916 --- [auction] [http-nio-8080-exec-1] o.s.security.web.FilterChainProxy        : Invoking DisableEncodeUrlFilter (1/13)
2025-11-30T18:24:20.632+03:00 TRACE 3916 --- [auction] [http-nio-8080-exec-1] o.s.security.web.FilterChainProxy        : Invoking WebAsyncManagerIntegrationFilter (2/13)
2025-11-30T18:24:20.633+03:00 TRACE 3916 --- [auction] [http-nio-8080-exec-1] o.s.security.web.FilterChainProxy        : Invoking SecurityContextHolderFilter (3/13)
2025-11-30T18:24:20.633+03:00 TRACE 3916 --- [auction] [http-nio-8080-exec-1] o.s.security.web.FilterChainProxy        : Invoking HeaderWriterFilter (4/13)
2025-11-30T18:24:20.634+03:00 TRACE 3916 --- [auction] [http-nio-8080-exec-1] o.s.security.web.FilterChainProxy        : Invoking CorsFilter (5/13)
2025-11-30T18:24:20.634+03:00 TRACE 3916 --- [auction] [http-nio-8080-exec-1] o.s.security.web.FilterChainProxy        : Invoking LogoutFilter (6/13)
2025-11-30T18:24:20.635+03:00 TRACE 3916 --- [auction] [http-nio-8080-exec-1] o.s.s.w.a.logout.LogoutFilter            : Did not match request to Or [PathPattern [GET /logout], PathPattern [POST /logout], PathPattern [PUT /logout], PathPattern [DELETE /logout]]
2025-11-30T18:24:20.635+03:00 TRACE 3916 --- [auction] [http-nio-8080-exec-1] o.s.security.web.FilterChainProxy        : Invoking AuthTokenFilter (7/13)
2025-11-30T18:24:20.636+03:00 TRACE 3916 --- [auction] [http-nio-8080-exec-1] o.s.security.web.FilterChainProxy        : Invoking RequestCacheAwareFilter (8/13)
2025-11-30T18:24:20.637+03:00 TRACE 3916 --- [auction] [http-nio-8080-exec-1] o.s.security.web.FilterChainProxy        : Invoking SecurityContextHolderAwareRequestFilter (9/13)
2025-11-30T18:24:20.637+03:00 TRACE 3916 --- [auction] [http-nio-8080-exec-1] o.s.security.web.FilterChainProxy        : Invoking AnonymousAuthenticationFilter (10/13)
2025-11-30T18:24:20.638+03:00 TRACE 3916 --- [auction] [http-nio-8080-exec-1] o.s.security.web.FilterChainProxy        : Invoking SessionManagementFilter (11/13)
2025-11-30T18:24:20.639+03:00 TRACE 3916 --- [auction] [http-nio-8080-exec-1] o.s.security.web.FilterChainProxy        : Invoking ExceptionTranslationFilter (12/13)
2025-11-30T18:24:20.639+03:00 TRACE 3916 --- [auction] [http-nio-8080-exec-1] o.s.security.web.FilterChainProxy        : Invoking AuthorizationFilter (13/13)
2025-11-30T18:24:20.639+03:00 TRACE 3916 --- [auction] [http-nio-8080-exec-1] estMatcherDelegatingAuthorizationManager : Authorizing GET /error
2025-11-30T18:24:20.640+03:00 TRACE 3916 --- [auction] [http-nio-8080-exec-1] estMatcherDelegatingAuthorizationManager : Checking authorization on GET /error using org.springframework.security.authorization.AuthenticatedAuthorizationManager@3558f97c
2025-11-30T18:24:20.640+03:00 TRACE 3916 --- [auction] [http-nio-8080-exec-1] .s.s.w.c.SupplierDeferredSecurityContext : Created SecurityContextImpl [Null authentication]
2025-11-30T18:24:20.640+03:00 TRACE 3916 --- [auction] [http-nio-8080-exec-1] o.s.s.w.a.AnonymousAuthenticationFilter  : Set SecurityContextHolder to AnonymousAuthenticationToken [Principal=anonymousUser, Credentials=[PROTECTED], Authenticated=true, Details=WebAuthenticationDetails [RemoteIpAddress=0:0:0:0:0:0:0:1, SessionId=null], Granted Authorities=[ROLE_ANONYMOUS]]
2025-11-30T18:24:20.641+03:00 TRACE 3916 --- [auction] [http-nio-8080-exec-1] o.s.s.w.a.ExceptionTranslationFilter     : Sending AnonymousAuthenticationToken [Principal=anonymousUser, Credentials=[PROTECTED], Authenticated=true, Details=WebAuthenticationDetails [RemoteIpAddress=0:0:0:0:0:0:0:1, SessionId=null], Granted Authorities=[ROLE_ANONYMOUS]] to authentication entry point since access is denied

org.springframework.security.authorization.AuthorizationDeniedException: Access Denied
	at org.springframework.security.web.access.intercept.AuthorizationFilter.doFilter(AuthorizationFilter.java:99) ~[spring-security-web-7.0.0.jar:7.0.0]
	at org.springframework.security.web.FilterChainProxy$VirtualFilterChain.doFilter(FilterChainProxy.java:380) ~[spring-security-web-7.0.0.jar:7.0.0]
	at org.springframework.security.web.access.ExceptionTranslationFilter.doFilter(ExceptionTranslationFilter.java:126) ~[spring-security-web-7.0.0.jar:7.0.0]
	at org.springframework.security.web.access.ExceptionTranslationFilter.doFilter(ExceptionTranslationFilter.java:120) ~[spring-security-web-7.0.0.jar:7.0.0]
	at org.springframework.security.web.FilterChainProxy$VirtualFilterChain.doFilter(FilterChainProxy.java:380) ~[spring-security-web-7.0.0.jar:7.0.0]
	at org.springframework.security.web.session.SessionManagementFilter.doFilter(SessionManagementFilter.java:92) ~[spring-security-web-7.0.0.jar:7.0.0]
	at org.springframework.security.web.session.SessionManagementFilter.doFilter(SessionManagementFilter.java:86) ~[spring-security-web-7.0.0.jar:7.0.0]
	at org.springframework.security.web.FilterChainProxy$VirtualFilterChain.doFilter(FilterChainProxy.java:380) ~[spring-security-web-7.0.0.jar:7.0.0]
	at org.springframework.security.web.authentication.AnonymousAuthenticationFilter.doFilter(AnonymousAuthenticationFilter.java:100) ~[spring-security-web-7.0.0.jar:7.0.0]
	at org.springframework.security.web.FilterChainProxy$VirtualFilterChain.doFilter(FilterChainProxy.java:380) ~[spring-security-web-7.0.0.jar:7.0.0]
	at org.springframework.security.web.servletapi.SecurityContextHolderAwareRequestFilter.doFilter(SecurityContextHolderAwareRequestFilter.java:181) ~[spring-security-web-7.0.0.jar:7.0.0]
	at org.springframework.security.web.FilterChainProxy$VirtualFilterChain.doFilter(FilterChainProxy.java:380) ~[spring-security-web-7.0.0.jar:7.0.0]
	at org.springframework.security.web.savedrequest.RequestCacheAwareFilter.doFilter(RequestCacheAwareFilter.java:63) ~[spring-security-web-7.0.0.jar:7.0.0]
	at org.springframework.security.web.FilterChainProxy$VirtualFilterChain.doFilter(FilterChainProxy.java:380) ~[spring-security-web-7.0.0.jar:7.0.0]
	at org.springframework.web.filter.OncePerRequestFilter.doFilter(OncePerRequestFilter.java:101) ~[spring-web-7.0.1.jar:7.0.1]
	at org.springframework.security.web.FilterChainProxy$VirtualFilterChain.doFilter(FilterChainProxy.java:380) ~[spring-security-web-7.0.0.jar:7.0.0]
	at org.springframework.security.web.authentication.logout.LogoutFilter.doFilter(LogoutFilter.java:110) ~[spring-security-web-7.0.0.jar:7.0.0]
	at org.springframework.security.web.authentication.logout.LogoutFilter.doFilter(LogoutFilter.java:96) ~[spring-security-web-7.0.0.jar:7.0.0]
	at org.springframework.security.web.FilterChainProxy$VirtualFilterChain.doFilter(FilterChainProxy.java:380) ~[spring-security-web-7.0.0.jar:7.0.0]
	at org.springframework.web.filter.OncePerRequestFilter.doFilter(OncePerRequestFilter.java:101) ~[spring-web-7.0.1.jar:7.0.1]
	at org.springframework.security.web.FilterChainProxy$VirtualFilterChain.doFilter(FilterChainProxy.java:380) ~[spring-security-web-7.0.0.jar:7.0.0]
	at org.springframework.web.filter.OncePerRequestFilter.doFilter(OncePerRequestFilter.java:101) ~[spring-web-7.0.1.jar:7.0.1]
	at org.springframework.security.web.FilterChainProxy$VirtualFilterChain.doFilter(FilterChainProxy.java:380) ~[spring-security-web-7.0.0.jar:7.0.0]
	at org.springframework.security.web.context.SecurityContextHolderFilter.doFilter(SecurityContextHolderFilter.java:82) ~[spring-security-web-7.0.0.jar:7.0.0]
	at org.springframework.security.web.context.SecurityContextHolderFilter.doFilter(SecurityContextHolderFilter.java:69) ~[spring-security-web-7.0.0.jar:7.0.0]
	at org.springframework.security.web.FilterChainProxy$VirtualFilterChain.doFilter(FilterChainProxy.java:380) ~[spring-security-web-7.0.0.jar:7.0.0]
	at org.springframework.web.filter.OncePerRequestFilter.doFilter(OncePerRequestFilter.java:101) ~[spring-web-7.0.1.jar:7.0.1]
	at org.springframework.security.web.FilterChainProxy$VirtualFilterChain.doFilter(FilterChainProxy.java:380) ~[spring-security-web-7.0.0.jar:7.0.0]
	at org.springframework.web.filter.OncePerRequestFilter.doFilter(OncePerRequestFilter.java:101) ~[spring-web-7.0.1.jar:7.0.1]
	at org.springframework.security.web.FilterChainProxy$VirtualFilterChain.doFilter(FilterChainProxy.java:380) ~[spring-security-web-7.0.0.jar:7.0.0]
	at org.springframework.security.web.FilterChainProxy.doFilterInternal(FilterChainProxy.java:237) ~[spring-security-web-7.0.0.jar:7.0.0]
	at org.springframework.security.web.FilterChainProxy.doFilter(FilterChainProxy.java:195) ~[spring-security-web-7.0.0.jar:7.0.0]
	at org.springframework.web.filter.CompositeFilter$VirtualFilterChain.doFilter(CompositeFilter.java:113) ~[spring-web-7.0.1.jar:7.0.1]
	at org.springframework.web.filter.ServletRequestPathFilter.doFilter(ServletRequestPathFilter.java:52) ~[spring-web-7.0.1.jar:7.0.1]
	at org.springframework.web.filter.CompositeFilter$VirtualFilterChain.doFilter(CompositeFilter.java:113) ~[spring-web-7.0.1.jar:7.0.1]
	at org.springframework.web.filter.CompositeFilter.doFilter(CompositeFilter.java:74) ~[spring-web-7.0.1.jar:7.0.1]
	at org.springframework.security.config.annotation.web.configuration.WebSecurityConfiguration$CompositeFilterChainProxy.doFilter(WebSecurityConfiguration.java:317) ~[spring-security-config-7.0.0.jar:7.0.0]
	at org.springframework.web.filter.DelegatingFilterProxy.invokeDelegate(DelegatingFilterProxy.java:355) ~[spring-web-7.0.1.jar:7.0.1]
	at org.springframework.web.filter.DelegatingFilterProxy.doFilter(DelegatingFilterProxy.java:272) ~[spring-web-7.0.1.jar:7.0.1]
	at org.apache.catalina.core.ApplicationFilterChain.doFilter(ApplicationFilterChain.java:107) ~[tomcat-embed-core-11.0.14.jar:11.0.14]
	at org.springframework.web.filter.RequestContextFilter.doFilterInternal(RequestContextFilter.java:100) ~[spring-web-7.0.1.jar:7.0.1]
	at org.springframework.web.filter.OncePerRequestFilter.doFilter(OncePerRequestFilter.java:116) ~[spring-web-7.0.1.jar:7.0.1]
	at org.apache.catalina.core.ApplicationFilterChain.doFilter(ApplicationFilterChain.java:107) ~[tomcat-embed-core-11.0.14.jar:11.0.14]
	at org.springframework.web.filter.OncePerRequestFilter.doFilter(OncePerRequestFilter.java:101) ~[spring-web-7.0.1.jar:7.0.1]
	at org.apache.catalina.core.ApplicationFilterChain.doFilter(ApplicationFilterChain.java:107) ~[tomcat-embed-core-11.0.14.jar:11.0.14]
	at org.springframework.web.filter.OncePerRequestFilter.doFilter(OncePerRequestFilter.java:101) ~[spring-web-7.0.1.jar:7.0.1]
	at org.apache.catalina.core.ApplicationFilterChain.doFilter(ApplicationFilterChain.java:107) ~[tomcat-embed-core-11.0.14.jar:11.0.14]
	at org.apache.catalina.core.ApplicationDispatcher.invoke(ApplicationDispatcher.java:513) ~[tomcat-embed-core-11.0.14.jar:11.0.14]
	at org.apache.catalina.core.ApplicationDispatcher.processRequest(ApplicationDispatcher.java:335) ~[tomcat-embed-core-11.0.14.jar:11.0.14]
	at org.apache.catalina.core.ApplicationDispatcher.forward(ApplicationDispatcher.java:262) ~[tomcat-embed-core-11.0.14.jar:11.0.14]
	at org.apache.catalina.core.StandardHostValve.custom(StandardHostValve.java:375) ~[tomcat-embed-core-11.0.14.jar:11.0.14]
	at org.apache.catalina.core.StandardHostValve.status(StandardHostValve.java:206) ~[tomcat-embed-core-11.0.14.jar:11.0.14]
	at org.apache.catalina.core.StandardHostValve.throwable(StandardHostValve.java:282) ~[tomcat-embed-core-11.0.14.jar:11.0.14]
	at org.apache.catalina.core.StandardHostValve.invoke(StandardHostValve.java:147) ~[tomcat-embed-core-11.0.14.jar:11.0.14]
	at org.apache.catalina.valves.ErrorReportValve.invoke(ErrorReportValve.java:83) ~[tomcat-embed-core-11.0.14.jar:11.0.14]
	at org.apache.catalina.core.StandardEngineValve.invoke(StandardEngineValve.java:72) ~[tomcat-embed-core-11.0.14.jar:11.0.14]
	at org.apache.catalina.connector.CoyoteAdapter.service(CoyoteAdapter.java:341) ~[tomcat-embed-core-11.0.14.jar:11.0.14]
	at org.apache.coyote.http11.Http11Processor.service(Http11Processor.java:397) ~[tomcat-embed-core-11.0.14.jar:11.0.14]
	at org.apache.coyote.AbstractProcessorLight.process(AbstractProcessorLight.java:63) ~[tomcat-embed-core-11.0.14.jar:11.0.14]
	at org.apache.coyote.AbstractProtocol$ConnectionHandler.process(AbstractProtocol.java:903) ~[tomcat-embed-core-11.0.14.jar:11.0.14]
	at org.apache.tomcat.util.net.NioEndpoint$SocketProcessor.doRun(NioEndpoint.java:1778) ~[tomcat-embed-core-11.0.14.jar:11.0.14]
	at org.apache.tomcat.util.net.SocketProcessorBase.run(SocketProcessorBase.java:52) ~[tomcat-embed-core-11.0.14.jar:11.0.14]
	at org.apache.tomcat.util.threads.ThreadPoolExecutor.runWorker(ThreadPoolExecutor.java:946) ~[tomcat-embed-core-11.0.14.jar:11.0.14]
	at org.apache.tomcat.util.threads.ThreadPoolExecutor$Worker.run(ThreadPoolExecutor.java:480) ~[tomcat-embed-core-11.0.14.jar:11.0.14]
	at org.apache.tomcat.util.threads.TaskThread$WrappingRunnable.run(TaskThread.java:57) ~[tomcat-embed-core-11.0.14.jar:11.0.14]
	at java.base/java.lang.Thread.run(Thread.java:840) ~[na:na]

2025-11-30T18:24:44.359+03:00  INFO 3916 --- [auction] [SpringApplicationShutdownHook] o.s.boot.tomcat.GracefulShutdown         : Commencing graceful shutdown. Waiting for active requests to complete
2025-11-30T18:24:44.432+03:00  INFO 3916 --- [auction] [tomcat-shutdown] o.s.boot.tomcat.GracefulShutdown         : Graceful shutdown complete
2025-11-30T18:24:44.439+03:00  INFO 3916 --- [auction] [SpringApplicationShutdownHook] j.LocalContainerEntityManagerFactoryBean : Closing JPA EntityManagerFactory for persistence unit 'default'
2025-11-30T18:24:44.443+03:00  INFO 3916 --- [auction] [SpringApplicationShutdownHook] com.zaxxer.hikari.HikariDataSource       : HikariPool-1 - Shutdown initiated...
2025-11-30T18:24:44.450+03:00  INFO 3916 --- [auction] [SpringApplicationShutdownHook] com.zaxxer.hikari.HikariDataSource       : HikariPool-1 - Shutdown completed.
2025-11-30T18:24:53.464+03:00  INFO 10380 --- [auction] [main] com.project.auction.AuctionApplication   : Starting AuctionApplication using Java 17.0.16 with PID 10380 (C:\progect\auction\auction\server\target\classes started by User in C:\progect\auction\auction\server)
2025-11-30T18:24:53.469+03:00  INFO 10380 --- [auction] [main] com.project.auction.AuctionApplication   : No active profile set, falling back to 1 default profile: "default"
2025-11-30T18:24:53.983+03:00  INFO 10380 --- [auction] [main] .s.d.r.c.RepositoryConfigurationDelegate : Bootstrapping Spring Data JPA repositories in DEFAULT mode.
2025-11-30T18:24:54.028+03:00  INFO 10380 --- [auction] [main] .s.d.r.c.RepositoryConfigurationDelegate : Finished Spring Data repository scanning in 38 ms. Found 1 JPA repository interface.
2025-11-30T18:24:54.515+03:00  INFO 10380 --- [auction] [main] o.s.boot.tomcat.TomcatWebServer          : Tomcat initialized with port 8080 (http)
2025-11-30T18:24:54.523+03:00  INFO 10380 --- [auction] [main] o.apache.catalina.core.StandardService   : Starting service [Tomcat]
2025-11-30T18:24:54.523+03:00  INFO 10380 --- [auction] [main] o.apache.catalina.core.StandardEngine    : Starting Servlet engine: [Apache Tomcat/11.0.14]
2025-11-30T18:24:54.569+03:00  INFO 10380 --- [auction] [main] b.w.c.s.WebApplicationContextInitializer : Root WebApplicationContext: initialization completed in 1063 ms
2025-11-30T18:24:54.652+03:00  INFO 10380 --- [auction] [main] com.zaxxer.hikari.HikariDataSource       : HikariPool-1 - Starting...
2025-11-30T18:24:54.731+03:00  INFO 10380 --- [auction] [main] com.zaxxer.hikari.pool.HikariPool        : HikariPool-1 - Added connection org.postgresql.jdbc.PgConnection@415a3f6a
2025-11-30T18:24:54.731+03:00  INFO 10380 --- [auction] [main] com.zaxxer.hikari.HikariDataSource       : HikariPool-1 - Start completed.
2025-11-30T18:24:54.755+03:00  INFO 10380 --- [auction] [main] o.hibernate.jpa.internal.util.LogHelper  : HHH000204: Processing PersistenceUnitInfo [name: default]
2025-11-30T18:24:54.791+03:00  INFO 10380 --- [auction] [main] org.hibernate.Version                    : HHH000412: Hibernate ORM core version 7.1.8.Final
2025-11-30T18:24:55.148+03:00  INFO 10380 --- [auction] [main] o.s.o.j.p.SpringPersistenceUnitInfo      : No LoadTimeWeaver setup: ignoring JPA class transformer
2025-11-30T18:24:55.712+03:00  INFO 10380 --- [auction] [main] org.hibernate.orm.connections.pooling    : HHH10001005: Database info:
	Database JDBC URL [jdbc:postgresql://localhost:5432/auction]
	Database driver: PostgreSQL JDBC Driver
	Database dialect: PostgreSQLDialect
	Database version: 18.1
	Default catalog/schema: auction/public
	Autocommit mode: undefined/unknown
	Isolation level: READ_COMMITTED [default READ_COMMITTED]
	JDBC fetch size: none
	Pool: DatasourceConnectionProviderImpl
	Minimum pool size: undefined/unknown
	Maximum pool size: undefined/unknown
2025-11-30T18:24:56.396+03:00  INFO 10380 --- [auction] [main] o.h.e.t.j.p.i.JtaPlatformInitiator       : HHH000489: No JTA platform available (set 'hibernate.transaction.jta.platform' to enable JTA platform integration)
2025-11-30T18:24:56.403+03:00  INFO 10380 --- [auction] [main] j.LocalContainerEntityManagerFactoryBean : Initialized JPA EntityManagerFactory for persistence unit 'default'
2025-11-30T18:24:56.484+03:00  INFO 10380 --- [auction] [main] o.s.d.j.r.query.QueryEnhancerFactories   : Hibernate is in classpath; If applicable, HQL parser will be used.
2025-11-30T18:24:56.741+03:00  INFO 10380 --- [auction] [main] r$InitializeUserDetailsManagerConfigurer : Global AuthenticationManager configured with UserDetailsService bean with name userDetailsServiceImpl
2025-11-30T18:24:56.772+03:00  WARN 10380 --- [auction] [main] JpaBaseConfiguration$JpaWebConfiguration : spring.jpa.open-in-view is enabled by default. Therefore, database queries may be performed during view rendering. Explicitly configure spring.jpa.open-in-view to disable this warning
2025-11-30T18:24:56.927+03:00 DEBUG 10380 --- [auction] [main] o.s.s.web.DefaultSecurityFilterChain     : Will secure any request with filters: DisableEncodeUrlFilter, WebAsyncManagerIntegrationFilter, SecurityContextHolderFilter, HeaderWriterFilter, LogoutFilter, AuthTokenFilter, RequestCacheAwareFilter, SecurityContextHolderAwareRequestFilter, AnonymousAuthenticationFilter, SessionManagementFilter, ExceptionTranslationFilter, AuthorizationFilter
2025-11-30T18:24:56.977+03:00  INFO 10380 --- [auction] [main] o.s.b.w.a.WelcomePageHandlerMapping      : Adding welcome page: class path resource [static/index.html]
2025-11-30T18:24:57.196+03:00  INFO 10380 --- [auction] [main] o.s.boot.tomcat.TomcatWebServer          : Tomcat started on port 8080 (http) with context path '/'
2025-11-30T18:24:57.204+03:00  INFO 10380 --- [auction] [main] com.project.auction.AuctionApplication   : Started AuctionApplication in 4.122 seconds (process running for 4.382)
2025-11-30T18:25:15.488+03:00  INFO 10380 --- [auction] [http-nio-8080-exec-1] o.a.c.c.C.[Tomcat].[localhost].[/]       : Initializing Spring DispatcherServlet 'dispatcherServlet'
2025-11-30T18:25:15.488+03:00  INFO 10380 --- [auction] [http-nio-8080-exec-1] o.s.web.servlet.DispatcherServlet        : Initializing Servlet 'dispatcherServlet'
2025-11-30T18:25:15.488+03:00  INFO 10380 --- [auction] [http-nio-8080-exec-1] o.s.web.servlet.DispatcherServlet        : Completed initialization in 0 ms
2025-11-30T18:25:15.495+03:00 TRACE 10380 --- [auction] [http-nio-8080-exec-1] o.s.security.web.FilterChainProxy        : Trying to match request against DefaultSecurityFilterChain defined as 'filterChain' in [class path resource [com/project/auction/config/WebSecurityConfig.class]] matching [any request] and having filters [DisableEncodeUrl, WebAsyncManagerIntegration, SecurityContextHolder, HeaderWriter, Logout, AuthToken, RequestCacheAware, SecurityContextHolderAwareRequest, AnonymousAuthentication, SessionManagement, ExceptionTranslation, Authorization] (1/1)
2025-11-30T18:25:15.495+03:00 DEBUG 10380 --- [auction] [http-nio-8080-exec-1] o.s.security.web.FilterChainProxy        : Securing POST /api/auth/signup
2025-11-30T18:25:15.503+03:00 TRACE 10380 --- [auction] [http-nio-8080-exec-1] o.s.security.web.FilterChainProxy        : Invoking DisableEncodeUrlFilter (1/12)
2025-11-30T18:25:15.503+03:00 TRACE 10380 --- [auction] [http-nio-8080-exec-1] o.s.security.web.FilterChainProxy        : Invoking WebAsyncManagerIntegrationFilter (2/12)
2025-11-30T18:25:15.503+03:00 TRACE 10380 --- [auction] [http-nio-8080-exec-1] o.s.security.web.FilterChainProxy        : Invoking SecurityContextHolderFilter (3/12)
2025-11-30T18:25:15.512+03:00 TRACE 10380 --- [auction] [http-nio-8080-exec-1] o.s.security.web.FilterChainProxy        : Invoking HeaderWriterFilter (4/12)
2025-11-30T18:25:15.512+03:00 TRACE 10380 --- [auction] [http-nio-8080-exec-1] o.s.security.web.FilterChainProxy        : Invoking LogoutFilter (5/12)
2025-11-30T18:25:15.519+03:00 TRACE 10380 --- [auction] [http-nio-8080-exec-1] o.s.s.w.a.logout.LogoutFilter            : Did not match request to Or [PathPattern [GET /logout], PathPattern [POST /logout], PathPattern [PUT /logout], PathPattern [DELETE /logout]]
2025-11-30T18:25:15.520+03:00 TRACE 10380 --- [auction] [http-nio-8080-exec-1] o.s.security.web.FilterChainProxy        : Invoking AuthTokenFilter (6/12)
2025-11-30T18:25:15.520+03:00 TRACE 10380 --- [auction] [http-nio-8080-exec-1] o.s.security.web.FilterChainProxy        : Invoking RequestCacheAwareFilter (7/12)
2025-11-30T18:25:15.520+03:00 TRACE 10380 --- [auction] [http-nio-8080-exec-1] o.s.security.web.FilterChainProxy        : Invoking SecurityContextHolderAwareRequestFilter (8/12)
2025-11-30T18:25:15.520+03:00 TRACE 10380 --- [auction] [http-nio-8080-exec-1] o.s.security.web.FilterChainProxy        : Invoking AnonymousAuthenticationFilter (9/12)
2025-11-30T18:25:15.520+03:00 TRACE 10380 --- [auction] [http-nio-8080-exec-1] o.s.security.web.FilterChainProxy        : Invoking SessionManagementFilter (10/12)
2025-11-30T18:25:15.525+03:00 TRACE 10380 --- [auction] [http-nio-8080-exec-1] .s.s.w.c.SupplierDeferredSecurityContext : Created SecurityContextImpl [Null authentication]
2025-11-30T18:25:15.527+03:00 TRACE 10380 --- [auction] [http-nio-8080-exec-1] o.s.s.w.a.AnonymousAuthenticationFilter  : Set SecurityContextHolder to AnonymousAuthenticationToken [Principal=anonymousUser, Credentials=[PROTECTED], Authenticated=true, Details=WebAuthenticationDetails [RemoteIpAddress=0:0:0:0:0:0:0:1, SessionId=null], Granted Authorities=[ROLE_ANONYMOUS]]
2025-11-30T18:25:15.527+03:00 TRACE 10380 --- [auction] [http-nio-8080-exec-1] o.s.security.web.FilterChainProxy        : Invoking ExceptionTranslationFilter (11/12)
2025-11-30T18:25:15.527+03:00 TRACE 10380 --- [auction] [http-nio-8080-exec-1] o.s.security.web.FilterChainProxy        : Invoking AuthorizationFilter (12/12)
2025-11-30T18:25:15.527+03:00 TRACE 10380 --- [auction] [http-nio-8080-exec-1] estMatcherDelegatingAuthorizationManager : Authorizing POST /api/auth/signup
2025-11-30T18:25:15.532+03:00 TRACE 10380 --- [auction] [http-nio-8080-exec-1] estMatcherDelegatingAuthorizationManager : Checking authorization on POST /api/auth/signup using org.springframework.security.authorization.SingleResultAuthorizationManager@1f0b06d9
2025-11-30T18:25:15.532+03:00 DEBUG 10380 --- [auction] [http-nio-8080-exec-1] o.s.security.web.FilterChainProxy        : Secured POST /api/auth/signup
2025-11-30T18:25:15.628+03:00 TRACE 10380 --- [auction] [http-nio-8080-exec-1] o.s.s.w.header.writers.HstsHeaderWriter  : Not injecting HSTS header since it did not match request to [Is Secure]
2025-11-30T18:25:15.629+03:00 ERROR 10380 --- [auction] [http-nio-8080-exec-1] o.a.c.c.C.[.[.[/].[dispatcherServlet]    : Servlet.service() for servlet [dispatcherServlet] in context with path [] threw exception [Request processing failed: org.springframework.data.core.PropertyReferenceException: No property 'user' found for type 'Long'; Traversed path: User.id] with root cause

org.springframework.data.core.PropertyReferenceException: No property 'user' found for type 'Long'; Traversed path: User.id
	at org.springframework.data.core.SimplePropertyPath.<init>(SimplePropertyPath.java:93) ~[spring-data-commons-4.0.0.jar:4.0.0]
	at org.springframework.data.core.SimplePropertyPath.create(SimplePropertyPath.java:360) ~[spring-data-commons-4.0.0.jar:4.0.0]
	at org.springframework.data.core.SimplePropertyPath.create(SimplePropertyPath.java:335) ~[spring-data-commons-4.0.0.jar:4.0.0]
	at org.springframework.data.core.SimplePropertyPath.create(SimplePropertyPath.java:319) ~[spring-data-commons-4.0.0.jar:4.0.0]
	at org.springframework.data.core.SimplePropertyPath.lambda$from$0(SimplePropertyPath.java:291) ~[spring-data-commons-4.0.0.jar:4.0.0]
	at org.springframework.util.ConcurrentReferenceHashMap$6.execute(ConcurrentReferenceHashMap.java:380) ~[spring-core-7.0.1.jar:7.0.1]
	at org.springframework.util.ConcurrentReferenceHashMap$Segment.doTask(ConcurrentReferenceHashMap.java:667) ~[spring-core-7.0.1.jar:7.0.1]
	at org.springframework.util.ConcurrentReferenceHashMap.doTask(ConcurrentReferenceHashMap.java:551) ~[spring-core-7.0.1.jar:7.0.1]
	at org.springframework.util.ConcurrentReferenceHashMap.computeIfAbsent(ConcurrentReferenceHashMap.java:374) ~[spring-core-7.0.1.jar:7.0.1]
	at org.springframework.data.core.SimplePropertyPath.from(SimplePropertyPath.java:270) ~[spring-data-commons-4.0.0.jar:4.0.0]
	at org.springframework.data.core.PropertyPath.from(PropertyPath.java:210) ~[spring-data-commons-4.0.0.jar:4.0.0]
	at org.springframework.data.core.PropertyPath.from(PropertyPath.java:193) ~[spring-data-commons-4.0.0.jar:4.0.0]
	at org.springframework.data.jpa.repository.query.JpaQueryCreator.doSelect(JpaQueryCreator.java:348) ~[spring-data-jpa-4.0.0.jar:4.0.0]
	at org.springframework.data.jpa.repository.query.JpaQueryCreator.buildQuery(JpaQueryCreator.java:230) ~[spring-data-jpa-4.0.0.jar:4.0.0]
	at org.springframework.data.jpa.repository.query.JpaQueryCreator.createQuery(JpaQueryCreator.java:213) ~[spring-data-jpa-4.0.0.jar:4.0.0]
	at org.springframework.data.jpa.repository.query.JpaQueryCreator.complete(JpaQueryCreator.java:207) ~[spring-data-jpa-4.0.0.jar:4.0.0]
	at org.springframework.data.jpa.repository.query.JpaQueryCreator.complete(JpaQueryCreator.java:1) ~[spring-data-jpa-4.0.0.jar:4.0.0]
	at org.springframework.data.repository.query.parser.AbstractQueryCreator.createQuery(AbstractQueryCreator.java:96) ~[spring-data-commons-4.0.0.jar:4.0.0]
	at org.springframework.data.jpa.repository.query.JpaQueryCreator.createQuery(JpaQueryCreator.java:1) ~[spring-data-jpa-4.0.0.jar:4.0.0]
	at org.springframework.data.jpa.repository.query.PartTreeJpaQuery$QueryPreparer$CacheableJpqlQueryCreator.<init>(PartTreeJpaQuery.java:331) ~[spring-data-jpa-4.0.0.jar:4.0.0]
	at org.springframework.data.jpa.repository.query.PartTreeJpaQuery$QueryPreparer.createCreator(PartTreeJpaQuery.java:311) ~[spring-data-jpa-4.0.0.jar:4.0.0]
	at org.springframework.data.jpa.repository.query.PartTreeJpaQuery$QueryPreparer.createQuery(PartTreeJpaQuery.java:227) ~[spring-data-jpa-4.0.0.jar:4.0.0]
	at org.springframework.data.jpa.repository.query.PartTreeJpaQuery.doCreateQuery(PartTreeJpaQuery.java:122) ~[spring-data-jpa-4.0.0.jar:4.0.0]
	at org.springframework.data.jpa.repository.query.AbstractJpaQuery.createQuery(AbstractJpaQuery.java:264) ~[spring-data-jpa-4.0.0.jar:4.0.0]
	at org.springframework.data.jpa.repository.query.JpaQueryExecution$ExistsExecution.doExecute(JpaQueryExecution.java:440) ~[spring-data-jpa-4.0.0.jar:4.0.0]
	at org.springframework.data.jpa.repository.query.JpaQueryExecution.execute(JpaQueryExecution.java:99) ~[spring-data-jpa-4.0.0.jar:4.0.0]
	at org.springframework.data.jpa.repository.query.AbstractJpaQuery.doExecute(AbstractJpaQuery.java:164) ~[spring-data-jpa-4.0.0.jar:4.0.0]
	at org.springframework.data.jpa.repository.query.AbstractJpaQuery.execute(AbstractJpaQuery.java:154) ~[spring-data-jpa-4.0.0.jar:4.0.0]
	at org.springframework.data.repository.core.support.RepositoryMethodInvoker.doInvoke(RepositoryMethodInvoker.java:169) ~[spring-data-commons-4.0.0.jar:4.0.0]
	at org.springframework.data.repository.core.support.RepositoryMethodInvoker.invoke(RepositoryMethodInvoker.java:158) ~[spring-data-commons-4.0.0.jar:4.0.0]
	at org.springframework.data.repository.core.support.QueryExecutorMethodInterceptor.doInvoke(QueryExecutorMethodInterceptor.java:167) ~[spring-data-commons-4.0.0.jar:4.0.0]
	at org.springframework.data.repository.core.support.QueryExecutorMethodInterceptor.invoke(QueryExecutorMethodInterceptor.java:146) ~[spring-data-commons-4.0.0.jar:4.0.0]
	at org.springframework.aop.framework.ReflectiveMethodInvocation.proceed(ReflectiveMethodInvocation.java:179) ~[spring-aop-7.0.1.jar:7.0.1]
	at org.springframework.data.projection.DefaultMethodInvokingMethodInterceptor.invoke(DefaultMethodInvokingMethodInterceptor.java:69) ~[spring-data-commons-4.0.0.jar:4.0.0]
	at org.springframework.aop.framework.ReflectiveMethodInvocation.proceed(ReflectiveMethodInvocation.java:179) ~[spring-aop-7.0.1.jar:7.0.1]
	at org.springframework.transaction.interceptor.TransactionAspectSupport.invokeWithinTransaction(TransactionAspectSupport.java:370) ~[spring-tx-7.0.1.jar:7.0.1]
	at org.springframework.transaction.interceptor.TransactionInterceptor.invoke(TransactionInterceptor.java:118) ~[spring-tx-7.0.1.jar:7.0.1]
	at org.springframework.aop.framework.ReflectiveMethodInvocation.proceed(ReflectiveMethodInvocation.java:179) ~[spring-aop-7.0.1.jar:7.0.1]
	at org.springframework.dao.support.PersistenceExceptionTranslationInterceptor.invoke(PersistenceExceptionTranslationInterceptor.java:135) ~[spring-tx-7.0.1.jar:7.0.1]
	at org.springframework.aop.framework.ReflectiveMethodInvocation.proceed(ReflectiveMethodInvocation.java:179) ~[spring-aop-7.0.1.jar:7.0.1]
	at org.springframework.data.jpa.repository.support.CrudMethodMetadataPostProcessor$CrudMethodMetadataPopulatingMethodInterceptor.invoke(CrudMethodMetadataPostProcessor.java:137) ~[spring-data-jpa-4.0.0.jar:4.0.0]
	at org.springframework.aop.framework.ReflectiveMethodInvocation.proceed(ReflectiveMethodInvocation.java:179) ~[spring-aop-7.0.1.jar:7.0.1]
	at org.springframework.aop.framework.JdkDynamicAopProxy.invoke(JdkDynamicAopProxy.java:222) ~[spring-aop-7.0.1.jar:7.0.1]
	at jdk.proxy2/jdk.proxy2.$Proxy129.existsByEmail(Unknown Source) ~[na:na]
	at com.project.auction.controller.AuthController.registerUser(AuthController.java:61) ~[classes/:na]
	at java.base/jdk.internal.reflect.NativeMethodAccessorImpl.invoke0(Native Method) ~[na:na]
	at java.base/jdk.internal.reflect.NativeMethodAccessorImpl.invoke(NativeMethodAccessorImpl.java:77) ~[na:na]
	at java.base/jdk.internal.reflect.DelegatingMethodAccessorImpl.invoke(DelegatingMethodAccessorImpl.java:43) ~[na:na]
	at java.base/java.lang.reflect.Method.invoke(Method.java:569) ~[na:na]
	at org.springframework.web.method.support.InvocableHandlerMethod.doInvoke(InvocableHandlerMethod.java:258) ~[spring-web-7.0.1.jar:7.0.1]
	at org.springframework.web.method.support.InvocableHandlerMethod.invokeForRequest(InvocableHandlerMethod.java:190) ~[spring-web-7.0.1.jar:7.0.1]
	at org.springframework.web.servlet.mvc.method.annotation.ServletInvocableHandlerMethod.invokeAndHandle(ServletInvocableHandlerMethod.java:117) ~[spring-webmvc-7.0.1.jar:7.0.1]
	at org.springframework.web.servlet.mvc.method.annotation.RequestMappingHandlerAdapter.invokeHandlerMethod(RequestMappingHandlerAdapter.java:934) ~[spring-webmvc-7.0.1.jar:7.0.1]
	at org.springframework.web.servlet.mvc.method.annotation.RequestMappingHandlerAdapter.handleInternal(RequestMappingHandlerAdapter.java:853) ~[spring-webmvc-7.0.1.jar:7.0.1]
	at org.springframework.web.servlet.mvc.method.AbstractHandlerMethodAdapter.handle(AbstractHandlerMethodAdapter.java:86) ~[spring-webmvc-7.0.1.jar:7.0.1]
	at org.springframework.web.servlet.DispatcherServlet.doDispatch(DispatcherServlet.java:963) ~[spring-webmvc-7.0.1.jar:7.0.1]
	at org.springframework.web.servlet.DispatcherServlet.doService(DispatcherServlet.java:866) ~[spring-webmvc-7.0.1.jar:7.0.1]
	at org.springframework.web.servlet.FrameworkServlet.processRequest(FrameworkServlet.java:1003) ~[spring-webmvc-7.0.1.jar:7.0.1]
	at org.springframework.web.servlet.FrameworkServlet.doPost(FrameworkServlet.java:903) ~[spring-webmvc-7.0.1.jar:7.0.1]
	at jakarta.servlet.http.HttpServlet.service(HttpServlet.java:649) ~[tomcat-embed-core-11.0.14.jar:6.1]
	at org.springframework.web.servlet.FrameworkServlet.service(FrameworkServlet.java:874) ~[spring-webmvc-7.0.1.jar:7.0.1]
	at jakarta.servlet.http.HttpServlet.service(HttpServlet.java:710) ~[tomcat-embed-core-11.0.14.jar:6.1]
	at org.apache.catalina.core.ApplicationFilterChain.doFilter(ApplicationFilterChain.java:128) ~[tomcat-embed-core-11.0.14.jar:11.0.14]
	at org.apache.tomcat.websocket.server.WsFilter.doFilter(WsFilter.java:53) ~[tomcat-embed-websocket-11.0.14.jar:11.0.14]
	at org.apache.catalina.core.ApplicationFilterChain.doFilter(ApplicationFilterChain.java:107) ~[tomcat-embed-core-11.0.14.jar:11.0.14]
	at org.springframework.web.filter.OncePerRequestFilter.doFilter(OncePerRequestFilter.java:110) ~[spring-web-7.0.1.jar:7.0.1]
	at org.apache.catalina.core.ApplicationFilterChain.doFilter(ApplicationFilterChain.java:107) ~[tomcat-embed-core-11.0.14.jar:11.0.14]
	at org.springframework.web.filter.CompositeFilter$VirtualFilterChain.doFilter(CompositeFilter.java:108) ~[spring-web-7.0.1.jar:7.0.1]
	at org.springframework.security.web.FilterChainProxy.lambda$doFilterInternal$3(FilterChainProxy.java:235) ~[spring-security-web-7.0.0.jar:7.0.0]
	at org.springframework.security.web.FilterChainProxy$VirtualFilterChain.doFilter(FilterChainProxy.java:371) ~[spring-security-web-7.0.0.jar:7.0.0]
	at org.springframework.security.web.access.intercept.AuthorizationFilter.doFilter(AuthorizationFilter.java:101) ~[spring-security-web-7.0.0.jar:7.0.0]
	at org.springframework.security.web.FilterChainProxy$VirtualFilterChain.doFilter(FilterChainProxy.java:380) ~[spring-security-web-7.0.0.jar:7.0.0]
	at org.springframework.security.web.access.ExceptionTranslationFilter.doFilter(ExceptionTranslationFilter.java:126) ~[spring-security-web-7.0.0.jar:7.0.0]
	at org.springframework.security.web.access.ExceptionTranslationFilter.doFilter(ExceptionTranslationFilter.java:120) ~[spring-security-web-7.0.0.jar:7.0.0]
	at org.springframework.security.web.FilterChainProxy$VirtualFilterChain.doFilter(FilterChainProxy.java:380) ~[spring-security-web-7.0.0.jar:7.0.0]
	at org.springframework.security.web.session.SessionManagementFilter.doFilter(SessionManagementFilter.java:132) ~[spring-security-web-7.0.0.jar:7.0.0]
	at org.springframework.security.web.session.SessionManagementFilter.doFilter(SessionManagementFilter.java:86) ~[spring-security-web-7.0.0.jar:7.0.0]
	at org.springframework.security.web.FilterChainProxy$VirtualFilterChain.doFilter(FilterChainProxy.java:380) ~[spring-security-web-7.0.0.jar:7.0.0]
	at org.springframework.security.web.authentication.AnonymousAuthenticationFilter.doFilter(AnonymousAuthenticationFilter.java:100) ~[spring-security-web-7.0.0.jar:7.0.0]
	at org.springframework.security.web.FilterChainProxy$VirtualFilterChain.doFilter(FilterChainProxy.java:380) ~[spring-security-web-7.0.0.jar:7.0.0]
	at org.springframework.security.web.servletapi.SecurityContextHolderAwareRequestFilter.doFilter(SecurityContextHolderAwareRequestFilter.java:181) ~[spring-security-web-7.0.0.jar:7.0.0]
	at org.springframework.security.web.FilterChainProxy$VirtualFilterChain.doFilter(FilterChainProxy.java:380) ~[spring-security-web-7.0.0.jar:7.0.0]
	at org.springframework.security.web.savedrequest.RequestCacheAwareFilter.doFilter(RequestCacheAwareFilter.java:63) ~[spring-security-web-7.0.0.jar:7.0.0]
	at org.springframework.security.web.FilterChainProxy$VirtualFilterChain.doFilter(FilterChainProxy.java:380) ~[spring-security-web-7.0.0.jar:7.0.0]
	at com.project.auction.config.jwt.AuthTokenFilter.doFilterInternal(AuthTokenFilter.java:45) ~[classes/:na]
	at org.springframework.web.filter.OncePerRequestFilter.doFilter(OncePerRequestFilter.java:116) ~[spring-web-7.0.1.jar:7.0.1]
	at org.springframework.security.web.FilterChainProxy$VirtualFilterChain.doFilter(FilterChainProxy.java:380) ~[spring-security-web-7.0.0.jar:7.0.0]
	at org.springframework.security.web.authentication.logout.LogoutFilter.doFilter(LogoutFilter.java:110) ~[spring-security-web-7.0.0.jar:7.0.0]
	at org.springframework.security.web.authentication.logout.LogoutFilter.doFilter(LogoutFilter.java:96) ~[spring-security-web-7.0.0.jar:7.0.0]
	at org.springframework.security.web.FilterChainProxy$VirtualFilterChain.doFilter(FilterChainProxy.java:380) ~[spring-security-web-7.0.0.jar:7.0.0]
	at org.springframework.security.web.header.HeaderWriterFilter.doHeadersAfter(HeaderWriterFilter.java:90) ~[spring-security-web-7.0.0.jar:7.0.0]
	at org.springframework.security.web.header.HeaderWriterFilter.doFilterInternal(HeaderWriterFilter.java:75) ~[spring-security-web-7.0.0.jar:7.0.0]
	at org.springframework.web.filter.OncePerRequestFilter.doFilter(OncePerRequestFilter.java:116) ~[spring-web-7.0.1.jar:7.0.1]
	at org.springframework.security.web.FilterChainProxy$VirtualFilterChain.doFilter(FilterChainProxy.java:380) ~[spring-security-web-7.0.0.jar:7.0.0]
	at org.springframework.security.web.context.SecurityContextHolderFilter.doFilter(SecurityContextHolderFilter.java:82) ~[spring-security-web-7.0.0.jar:7.0.0]
	at org.springframework.security.web.context.SecurityContextHolderFilter.doFilter(SecurityContextHolderFilter.java:69) ~[spring-security-web-7.0.0.jar:7.0.0]
	at org.springframework.security.web.FilterChainProxy$VirtualFilterChain.doFilter(FilterChainProxy.java:380) ~[spring-security-web-7.0.0.jar:7.0.0]
	at org.springframework.security.web.context.request.async.WebAsyncManagerIntegrationFilter.doFilterInternal(WebAsyncManagerIntegrationFilter.java:62) ~[spring-security-web-7.0.0.jar:7.0.0]
	at org.springframework.web.filter.OncePerRequestFilter.doFilter(OncePerRequestFilter.java:116) ~[spring-web-7.0.1.jar:7.0.1]
	at org.springframework.security.web.FilterChainProxy$VirtualFilterChain.doFilter(FilterChainProxy.java:380) ~[spring-security-web-7.0.0.jar:7.0.0]
	at org.springframework.security.web.session.DisableEncodeUrlFilter.doFilterInternal(DisableEncodeUrlFilter.java:42) ~[spring-security-web-7.0.0.jar:7.0.0]
	at org.springframework.web.filter.OncePerRequestFilter.doFilter(OncePerRequestFilter.java:116) ~[spring-web-7.0.1.jar:7.0.1]
	at org.springframework.security.web.FilterChainProxy$VirtualFilterChain.doFilter(FilterChainProxy.java:380) ~[spring-security-web-7.0.0.jar:7.0.0]
	at org.springframework.security.web.FilterChainProxy.doFilterInternal(FilterChainProxy.java:237) ~[spring-security-web-7.0.0.jar:7.0.0]
	at org.springframework.security.web.FilterChainProxy.doFilter(FilterChainProxy.java:195) ~[spring-security-web-7.0.0.jar:7.0.0]
	at org.springframework.web.filter.CompositeFilter$VirtualFilterChain.doFilter(CompositeFilter.java:113) ~[spring-web-7.0.1.jar:7.0.1]
	at org.springframework.web.filter.ServletRequestPathFilter.doFilter(ServletRequestPathFilter.java:52) ~[spring-web-7.0.1.jar:7.0.1]
	at org.springframework.web.filter.CompositeFilter$VirtualFilterChain.doFilter(CompositeFilter.java:113) ~[spring-web-7.0.1.jar:7.0.1]
	at org.springframework.web.filter.CompositeFilter.doFilter(CompositeFilter.java:74) ~[spring-web-7.0.1.jar:7.0.1]
	at org.springframework.security.config.annotation.web.configuration.WebSecurityConfiguration$CompositeFilterChainProxy.doFilter(WebSecurityConfiguration.java:317) ~[spring-security-config-7.0.0.jar:7.0.0]
	at org.springframework.web.filter.DelegatingFilterProxy.invokeDelegate(DelegatingFilterProxy.java:355) ~[spring-web-7.0.1.jar:7.0.1]
	at org.springframework.web.filter.DelegatingFilterProxy.doFilter(DelegatingFilterProxy.java:272) ~[spring-web-7.0.1.jar:7.0.1]
	at org.apache.catalina.core.ApplicationFilterChain.doFilter(ApplicationFilterChain.java:107) ~[tomcat-embed-core-11.0.14.jar:11.0.14]
	at org.springframework.web.filter.RequestContextFilter.doFilterInternal(RequestContextFilter.java:100) ~[spring-web-7.0.1.jar:7.0.1]
	at org.springframework.web.filter.OncePerRequestFilter.doFilter(OncePerRequestFilter.java:116) ~[spring-web-7.0.1.jar:7.0.1]
	at org.apache.catalina.core.ApplicationFilterChain.doFilter(ApplicationFilterChain.java:107) ~[tomcat-embed-core-11.0.14.jar:11.0.14]
	at org.springframework.web.filter.FormContentFilter.doFilterInternal(FormContentFilter.java:93) ~[spring-web-7.0.1.jar:7.0.1]
	at org.springframework.web.filter.OncePerRequestFilter.doFilter(OncePerRequestFilter.java:116) ~[spring-web-7.0.1.jar:7.0.1]
	at org.apache.catalina.core.ApplicationFilterChain.doFilter(ApplicationFilterChain.java:107) ~[tomcat-embed-core-11.0.14.jar:11.0.14]
	at org.springframework.web.filter.CharacterEncodingFilter.doFilterInternal(CharacterEncodingFilter.java:199) ~[spring-web-7.0.1.jar:7.0.1]
	at org.springframework.web.filter.OncePerRequestFilter.doFilter(OncePerRequestFilter.java:116) ~[spring-web-7.0.1.jar:7.0.1]
	at org.apache.catalina.core.ApplicationFilterChain.doFilter(ApplicationFilterChain.java:107) ~[tomcat-embed-core-11.0.14.jar:11.0.14]
	at org.apache.catalina.core.StandardWrapperValve.invoke(StandardWrapperValve.java:165) ~[tomcat-embed-core-11.0.14.jar:11.0.14]
	at org.apache.catalina.core.StandardContextValve.invoke(StandardContextValve.java:77) ~[tomcat-embed-core-11.0.14.jar:11.0.14]
	at org.apache.catalina.authenticator.AuthenticatorBase.invoke(AuthenticatorBase.java:482) ~[tomcat-embed-core-11.0.14.jar:11.0.14]
	at org.apache.catalina.core.StandardHostValve.invoke(StandardHostValve.java:113) ~[tomcat-embed-core-11.0.14.jar:11.0.14]
	at org.apache.catalina.valves.ErrorReportValve.invoke(ErrorReportValve.java:83) ~[tomcat-embed-core-11.0.14.jar:11.0.14]
	at org.apache.catalina.core.StandardEngineValve.invoke(StandardEngineValve.java:72) ~[tomcat-embed-core-11.0.14.jar:11.0.14]
	at org.apache.catalina.connector.CoyoteAdapter.service(CoyoteAdapter.java:341) ~[tomcat-embed-core-11.0.14.jar:11.0.14]
	at org.apache.coyote.http11.Http11Processor.service(Http11Processor.java:397) ~[tomcat-embed-core-11.0.14.jar:11.0.14]
	at org.apache.coyote.AbstractProcessorLight.process(AbstractProcessorLight.java:63) ~[tomcat-embed-core-11.0.14.jar:11.0.14]
	at org.apache.coyote.AbstractProtocol$ConnectionHandler.process(AbstractProtocol.java:903) ~[tomcat-embed-core-11.0.14.jar:11.0.14]
	at org.apache.tomcat.util.net.NioEndpoint$SocketProcessor.doRun(NioEndpoint.java:1778) ~[tomcat-embed-core-11.0.14.jar:11.0.14]
	at org.apache.tomcat.util.net.SocketProcessorBase.run(SocketProcessorBase.java:52) ~[tomcat-embed-core-11.0.14.jar:11.0.14]
	at org.apache.tomcat.util.threads.ThreadPoolExecutor.runWorker(ThreadPoolExecutor.java:946) ~[tomcat-embed-core-11.0.14.jar:11.0.14]
	at org.apache.tomcat.util.threads.ThreadPoolExecutor$Worker.run(ThreadPoolExecutor.java:480) ~[tomcat-embed-core-11.0.14.jar:11.0.14]
	at org.apache.tomcat.util.threads.TaskThread$WrappingRunnable.run(TaskThread.java:57) ~[tomcat-embed-core-11.0.14.jar:11.0.14]
	at java.base/java.lang.Thread.run(Thread.java:840) ~[na:na]

2025-11-30T18:25:15.648+03:00 TRACE 10380 --- [auction] [http-nio-8080-exec-1] o.s.security.web.FilterChainProxy        : Trying to match request against DefaultSecurityFilterChain defined as 'filterChain' in [class path resource [com/project/auction/config/WebSecurityConfig.class]] matching [any request] and having filters [DisableEncodeUrl, WebAsyncManagerIntegration, SecurityContextHolder, HeaderWriter, Logout, AuthToken, RequestCacheAware, SecurityContextHolderAwareRequest, AnonymousAuthentication, SessionManagement, ExceptionTranslation, Authorization] (1/1)
2025-11-30T18:25:15.649+03:00 DEBUG 10380 --- [auction] [http-nio-8080-exec-1] o.s.security.web.FilterChainProxy        : Securing GET /error
2025-11-30T18:25:15.650+03:00 TRACE 10380 --- [auction] [http-nio-8080-exec-1] o.s.security.web.FilterChainProxy        : Invoking DisableEncodeUrlFilter (1/12)
2025-11-30T18:25:15.651+03:00 TRACE 10380 --- [auction] [http-nio-8080-exec-1] o.s.security.web.FilterChainProxy        : Invoking WebAsyncManagerIntegrationFilter (2/12)
2025-11-30T18:25:15.653+03:00 TRACE 10380 --- [auction] [http-nio-8080-exec-1] o.s.security.web.FilterChainProxy        : Invoking SecurityContextHolderFilter (3/12)
2025-11-30T18:25:15.654+03:00 TRACE 10380 --- [auction] [http-nio-8080-exec-1] o.s.security.web.FilterChainProxy        : Invoking HeaderWriterFilter (4/12)
2025-11-30T18:25:15.655+03:00 TRACE 10380 --- [auction] [http-nio-8080-exec-1] o.s.security.web.FilterChainProxy        : Invoking LogoutFilter (5/12)
2025-11-30T18:25:15.655+03:00 TRACE 10380 --- [auction] [http-nio-8080-exec-1] o.s.s.w.a.logout.LogoutFilter            : Did not match request to Or [PathPattern [GET /logout], PathPattern [POST /logout], PathPattern [PUT /logout], PathPattern [DELETE /logout]]
2025-11-30T18:25:15.657+03:00 TRACE 10380 --- [auction] [http-nio-8080-exec-1] o.s.security.web.FilterChainProxy        : Invoking AuthTokenFilter (6/12)
2025-11-30T18:25:15.658+03:00 TRACE 10380 --- [auction] [http-nio-8080-exec-1] o.s.security.web.FilterChainProxy        : Invoking RequestCacheAwareFilter (7/12)
2025-11-30T18:25:15.658+03:00 TRACE 10380 --- [auction] [http-nio-8080-exec-1] o.s.security.web.FilterChainProxy        : Invoking SecurityContextHolderAwareRequestFilter (8/12)
2025-11-30T18:25:15.659+03:00 TRACE 10380 --- [auction] [http-nio-8080-exec-1] o.s.security.web.FilterChainProxy        : Invoking AnonymousAuthenticationFilter (9/12)
2025-11-30T18:25:15.661+03:00 TRACE 10380 --- [auction] [http-nio-8080-exec-1] o.s.security.web.FilterChainProxy        : Invoking SessionManagementFilter (10/12)
2025-11-30T18:25:15.663+03:00 TRACE 10380 --- [auction] [http-nio-8080-exec-1] o.s.security.web.FilterChainProxy        : Invoking ExceptionTranslationFilter (11/12)
2025-11-30T18:25:15.664+03:00 TRACE 10380 --- [auction] [http-nio-8080-exec-1] o.s.security.web.FilterChainProxy        : Invoking AuthorizationFilter (12/12)
2025-11-30T18:25:15.666+03:00 TRACE 10380 --- [auction] [http-nio-8080-exec-1] estMatcherDelegatingAuthorizationManager : Authorizing GET /error
2025-11-30T18:25:15.668+03:00 TRACE 10380 --- [auction] [http-nio-8080-exec-1] estMatcherDelegatingAuthorizationManager : Checking authorization on GET /error using org.springframework.security.authorization.AuthenticatedAuthorizationManager@104cd359
2025-11-30T18:25:15.669+03:00 TRACE 10380 --- [auction] [http-nio-8080-exec-1] .s.s.w.c.SupplierDeferredSecurityContext : Created SecurityContextImpl [Null authentication]
2025-11-30T18:25:15.669+03:00 TRACE 10380 --- [auction] [http-nio-8080-exec-1] o.s.s.w.a.AnonymousAuthenticationFilter  : Set SecurityContextHolder to AnonymousAuthenticationToken [Principal=anonymousUser, Credentials=[PROTECTED], Authenticated=true, Details=WebAuthenticationDetails [RemoteIpAddress=0:0:0:0:0:0:0:1, SessionId=null], Granted Authorities=[ROLE_ANONYMOUS]]
2025-11-30T18:25:15.671+03:00 TRACE 10380 --- [auction] [http-nio-8080-exec-1] o.s.s.w.a.ExceptionTranslationFilter     : Sending AnonymousAuthenticationToken [Principal=anonymousUser, Credentials=[PROTECTED], Authenticated=true, Details=WebAuthenticationDetails [RemoteIpAddress=0:0:0:0:0:0:0:1, SessionId=null], Granted Authorities=[ROLE_ANONYMOUS]] to authentication entry point since access is denied

org.springframework.security.authorization.AuthorizationDeniedException: Access Denied
	at org.springframework.security.web.access.intercept.AuthorizationFilter.doFilter(AuthorizationFilter.java:99) ~[spring-security-web-7.0.0.jar:7.0.0]
	at org.springframework.security.web.FilterChainProxy$VirtualFilterChain.doFilter(FilterChainProxy.java:380) ~[spring-security-web-7.0.0.jar:7.0.0]
	at org.springframework.security.web.access.ExceptionTranslationFilter.doFilter(ExceptionTranslationFilter.java:126) ~[spring-security-web-7.0.0.jar:7.0.0]
	at org.springframework.security.web.access.ExceptionTranslationFilter.doFilter(ExceptionTranslationFilter.java:120) ~[spring-security-web-7.0.0.jar:7.0.0]
	at org.springframework.security.web.FilterChainProxy$VirtualFilterChain.doFilter(FilterChainProxy.java:380) ~[spring-security-web-7.0.0.jar:7.0.0]
	at org.springframework.security.web.session.SessionManagementFilter.doFilter(SessionManagementFilter.java:92) ~[spring-security-web-7.0.0.jar:7.0.0]
	at org.springframework.security.web.session.SessionManagementFilter.doFilter(SessionManagementFilter.java:86) ~[spring-security-web-7.0.0.jar:7.0.0]
	at org.springframework.security.web.FilterChainProxy$VirtualFilterChain.doFilter(FilterChainProxy.java:380) ~[spring-security-web-7.0.0.jar:7.0.0]
	at org.springframework.security.web.authentication.AnonymousAuthenticationFilter.doFilter(AnonymousAuthenticationFilter.java:100) ~[spring-security-web-7.0.0.jar:7.0.0]
	at org.springframework.security.web.FilterChainProxy$VirtualFilterChain.doFilter(FilterChainProxy.java:380) ~[spring-security-web-7.0.0.jar:7.0.0]
	at org.springframework.security.web.servletapi.SecurityContextHolderAwareRequestFilter.doFilter(SecurityContextHolderAwareRequestFilter.java:181) ~[spring-security-web-7.0.0.jar:7.0.0]
	at org.springframework.security.web.FilterChainProxy$VirtualFilterChain.doFilter(FilterChainProxy.java:380) ~[spring-security-web-7.0.0.jar:7.0.0]
	at org.springframework.security.web.savedrequest.RequestCacheAwareFilter.doFilter(RequestCacheAwareFilter.java:63) ~[spring-security-web-7.0.0.jar:7.0.0]
	at org.springframework.security.web.FilterChainProxy$VirtualFilterChain.doFilter(FilterChainProxy.java:380) ~[spring-security-web-7.0.0.jar:7.0.0]
	at org.springframework.web.filter.OncePerRequestFilter.doFilter(OncePerRequestFilter.java:101) ~[spring-web-7.0.1.jar:7.0.1]
	at org.springframework.security.web.FilterChainProxy$VirtualFilterChain.doFilter(FilterChainProxy.java:380) ~[spring-security-web-7.0.0.jar:7.0.0]
	at org.springframework.security.web.authentication.logout.LogoutFilter.doFilter(LogoutFilter.java:110) ~[spring-security-web-7.0.0.jar:7.0.0]
	at org.springframework.security.web.authentication.logout.LogoutFilter.doFilter(LogoutFilter.java:96) ~[spring-security-web-7.0.0.jar:7.0.0]
	at org.springframework.security.web.FilterChainProxy$VirtualFilterChain.doFilter(FilterChainProxy.java:380) ~[spring-security-web-7.0.0.jar:7.0.0]
	at org.springframework.web.filter.OncePerRequestFilter.doFilter(OncePerRequestFilter.java:101) ~[spring-web-7.0.1.jar:7.0.1]
	at org.springframework.security.web.FilterChainProxy$VirtualFilterChain.doFilter(FilterChainProxy.java:380) ~[spring-security-web-7.0.0.jar:7.0.0]
	at org.springframework.security.web.context.SecurityContextHolderFilter.doFilter(SecurityContextHolderFilter.java:82) ~[spring-security-web-7.0.0.jar:7.0.0]
	at org.springframework.security.web.context.SecurityContextHolderFilter.doFilter(SecurityContextHolderFilter.java:69) ~[spring-security-web-7.0.0.jar:7.0.0]
	at org.springframework.security.web.FilterChainProxy$VirtualFilterChain.doFilter(FilterChainProxy.java:380) ~[spring-security-web-7.0.0.jar:7.0.0]
	at org.springframework.web.filter.OncePerRequestFilter.doFilter(OncePerRequestFilter.java:101) ~[spring-web-7.0.1.jar:7.0.1]
	at org.springframework.security.web.FilterChainProxy$VirtualFilterChain.doFilter(FilterChainProxy.java:380) ~[spring-security-web-7.0.0.jar:7.0.0]
	at org.springframework.web.filter.OncePerRequestFilter.doFilter(OncePerRequestFilter.java:101) ~[spring-web-7.0.1.jar:7.0.1]
	at org.springframework.security.web.FilterChainProxy$VirtualFilterChain.doFilter(FilterChainProxy.java:380) ~[spring-security-web-7.0.0.jar:7.0.0]
	at org.springframework.security.web.FilterChainProxy.doFilterInternal(FilterChainProxy.java:237) ~[spring-security-web-7.0.0.jar:7.0.0]
	at org.springframework.security.web.FilterChainProxy.doFilter(FilterChainProxy.java:195) ~[spring-security-web-7.0.0.jar:7.0.0]
	at org.springframework.web.filter.CompositeFilter$VirtualFilterChain.doFilter(CompositeFilter.java:113) ~[spring-web-7.0.1.jar:7.0.1]
	at org.springframework.web.filter.ServletRequestPathFilter.doFilter(ServletRequestPathFilter.java:52) ~[spring-web-7.0.1.jar:7.0.1]
	at org.springframework.web.filter.CompositeFilter$VirtualFilterChain.doFilter(CompositeFilter.java:113) ~[spring-web-7.0.1.jar:7.0.1]
	at org.springframework.web.filter.CompositeFilter.doFilter(CompositeFilter.java:74) ~[spring-web-7.0.1.jar:7.0.1]
	at org.springframework.security.config.annotation.web.configuration.WebSecurityConfiguration$CompositeFilterChainProxy.doFilter(WebSecurityConfiguration.java:317) ~[spring-security-config-7.0.0.jar:7.0.0]
	at org.springframework.web.filter.DelegatingFilterProxy.invokeDelegate(DelegatingFilterProxy.java:355) ~[spring-web-7.0.1.jar:7.0.1]
	at org.springframework.web.filter.DelegatingFilterProxy.doFilter(DelegatingFilterProxy.java:272) ~[spring-web-7.0.1.jar:7.0.1]
	at org.apache.catalina.core.ApplicationFilterChain.doFilter(ApplicationFilterChain.java:107) ~[tomcat-embed-core-11.0.14.jar:11.0.14]
	at org.springframework.web.filter.RequestContextFilter.doFilterInternal(RequestContextFilter.java:100) ~[spring-web-7.0.1.jar:7.0.1]
	at org.springframework.web.filter.OncePerRequestFilter.doFilter(OncePerRequestFilter.java:116) ~[spring-web-7.0.1.jar:7.0.1]
	at org.apache.catalina.core.ApplicationFilterChain.doFilter(ApplicationFilterChain.java:107) ~[tomcat-embed-core-11.0.14.jar:11.0.14]
	at org.springframework.web.filter.OncePerRequestFilter.doFilter(OncePerRequestFilter.java:101) ~[spring-web-7.0.1.jar:7.0.1]
	at org.apache.catalina.core.ApplicationFilterChain.doFilter(ApplicationFilterChain.java:107) ~[tomcat-embed-core-11.0.14.jar:11.0.14]
	at org.springframework.web.filter.OncePerRequestFilter.doFilter(OncePerRequestFilter.java:101) ~[spring-web-7.0.1.jar:7.0.1]
	at org.apache.catalina.core.ApplicationFilterChain.doFilter(ApplicationFilterChain.java:107) ~[tomcat-embed-core-11.0.14.jar:11.0.14]
	at org.apache.catalina.core.ApplicationDispatcher.invoke(ApplicationDispatcher.java:513) ~[tomcat-embed-core-11.0.14.jar:11.0.14]
	at org.apache.catalina.core.ApplicationDispatcher.processRequest(ApplicationDispatcher.java:335) ~[tomcat-embed-core-11.0.14.jar:11.0.14]
	at org.apache.catalina.core.ApplicationDispatcher.forward(ApplicationDispatcher.java:262) ~[tomcat-embed-core-11.0.14.jar:11.0.14]
	at org.apache.catalina.core.StandardHostValve.custom(StandardHostValve.java:375) ~[tomcat-embed-core-11.0.14.jar:11.0.14]
	at org.apache.catalina.core.StandardHostValve.status(StandardHostValve.java:206) ~[tomcat-embed-core-11.0.14.jar:11.0.14]
	at org.apache.catalina.core.StandardHostValve.throwable(StandardHostValve.java:282) ~[tomcat-embed-core-11.0.14.jar:11.0.14]
	at org.apache.catalina.core.StandardHostValve.invoke(StandardHostValve.java:147) ~[tomcat-embed-core-11.0.14.jar:11.0.14]
	at org.apache.catalina.valves.ErrorReportValve.invoke(ErrorReportValve.java:83) ~[tomcat-embed-core-11.0.14.jar:11.0.14]
	at org.apache.catalina.core.StandardEngineValve.invoke(StandardEngineValve.java:72) ~[tomcat-embed-core-11.0.14.jar:11.0.14]
	at org.apache.catalina.connector.CoyoteAdapter.service(CoyoteAdapter.java:341) ~[tomcat-embed-core-11.0.14.jar:11.0.14]
	at org.apache.coyote.http11.Http11Processor.service(Http11Processor.java:397) ~[tomcat-embed-core-11.0.14.jar:11.0.14]
	at org.apache.coyote.AbstractProcessorLight.process(AbstractProcessorLight.java:63) ~[tomcat-embed-core-11.0.14.jar:11.0.14]
	at org.apache.coyote.AbstractProtocol$ConnectionHandler.process(AbstractProtocol.java:903) ~[tomcat-embed-core-11.0.14.jar:11.0.14]
	at org.apache.tomcat.util.net.NioEndpoint$SocketProcessor.doRun(NioEndpoint.java:1778) ~[tomcat-embed-core-11.0.14.jar:11.0.14]
	at org.apache.tomcat.util.net.SocketProcessorBase.run(SocketProcessorBase.java:52) ~[tomcat-embed-core-11.0.14.jar:11.0.14]
	at org.apache.tomcat.util.threads.ThreadPoolExecutor.runWorker(ThreadPoolExecutor.java:946) ~[tomcat-embed-core-11.0.14.jar:11.0.14]
	at org.apache.tomcat.util.threads.ThreadPoolExecutor$Worker.run(ThreadPoolExecutor.java:480) ~[tomcat-embed-core-11.0.14.jar:11.0.14]
	at org.apache.tomcat.util.threads.TaskThread$WrappingRunnable.run(TaskThread.java:57) ~[tomcat-embed-core-11.0.14.jar:11.0.14]
	at java.base/java.lang.Thread.run(Thread.java:840) ~[na:na]

2025-11-30T18:28:14.155+03:00  INFO 10380 --- [auction] [SpringApplicationShutdownHook] o.s.boot.tomcat.GracefulShutdown         : Commencing graceful shutdown. Waiting for active requests to complete
2025-11-30T18:28:14.180+03:00  INFO 10380 --- [auction] [tomcat-shutdown] o.s.boot.tomcat.GracefulShutdown         : Graceful shutdown complete
2025-11-30T18:28:14.184+03:00  INFO 10380 --- [auction] [SpringApplicationShutdownHook] j.LocalContainerEntityManagerFactoryBean : Closing JPA EntityManagerFactory for persistence unit 'default'
2025-11-30T18:28:14.186+03:00  INFO 10380 --- [auction] [SpringApplicationShutdownHook] com.zaxxer.hikari.HikariDataSource       : HikariPool-1 - Shutdown initiated...
2025-11-30T18:28:14.191+03:00  INFO 10380 --- [auction] [SpringApplicationShutdownHook] com.zaxxer.hikari.HikariDataSource       : HikariPool-1 - Shutdown completed.
2025-11-30T18:28:47.481+03:00  INFO 11196 --- [auction] [main] com.project.auction.AuctionApplication   : Starting AuctionApplication using Java 17.0.16 with PID 11196 (C:\progect\auction\auction\server\target\classes started by User in C:\progect\auction\auction\server)
2025-11-30T18:28:47.485+03:00  INFO 11196 --- [auction] [main] com.project.auction.AuctionApplication   : No active profile set, falling back to 1 default profile: "default"
2025-11-30T18:28:47.987+03:00  INFO 11196 --- [auction] [main] .s.d.r.c.RepositoryConfigurationDelegate : Bootstrapping Spring Data JPA repositories in DEFAULT mode.
2025-11-30T18:28:48.030+03:00  INFO 11196 --- [auction] [main] .s.d.r.c.RepositoryConfigurationDelegate : Finished Spring Data repository scanning in 36 ms. Found 1 JPA repository interface.
2025-11-30T18:28:48.468+03:00  INFO 11196 --- [auction] [main] o.s.boot.tomcat.TomcatWebServer          : Tomcat initialized with port 8080 (http)
2025-11-30T18:28:48.484+03:00  INFO 11196 --- [auction] [main] o.apache.catalina.core.StandardService   : Starting service [Tomcat]
2025-11-30T18:28:48.484+03:00  INFO 11196 --- [auction] [main] o.apache.catalina.core.StandardEngine    : Starting Servlet engine: [Apache Tomcat/11.0.14]
2025-11-30T18:28:48.528+03:00  INFO 11196 --- [auction] [main] b.w.c.s.WebApplicationContextInitializer : Root WebApplicationContext: initialization completed in 1003 ms
2025-11-30T18:28:48.610+03:00  INFO 11196 --- [auction] [main] com.zaxxer.hikari.HikariDataSource       : HikariPool-1 - Starting...
2025-11-30T18:28:48.695+03:00  INFO 11196 --- [auction] [main] com.zaxxer.hikari.pool.HikariPool        : HikariPool-1 - Added connection org.postgresql.jdbc.PgConnection@72028a45
2025-11-30T18:28:48.703+03:00  INFO 11196 --- [auction] [main] com.zaxxer.hikari.HikariDataSource       : HikariPool-1 - Start completed.
2025-11-30T18:28:48.722+03:00  INFO 11196 --- [auction] [main] o.hibernate.jpa.internal.util.LogHelper  : HHH000204: Processing PersistenceUnitInfo [name: default]
2025-11-30T18:28:48.753+03:00  INFO 11196 --- [auction] [main] org.hibernate.Version                    : HHH000412: Hibernate ORM core version 7.1.8.Final
2025-11-30T18:28:49.107+03:00  INFO 11196 --- [auction] [main] o.s.o.j.p.SpringPersistenceUnitInfo      : No LoadTimeWeaver setup: ignoring JPA class transformer
2025-11-30T18:28:49.678+03:00  INFO 11196 --- [auction] [main] org.hibernate.orm.connections.pooling    : HHH10001005: Database info:
	Database JDBC URL [jdbc:postgresql://localhost:5432/auction]
	Database driver: PostgreSQL JDBC Driver
	Database dialect: PostgreSQLDialect
	Database version: 18.1
	Default catalog/schema: auction/public
	Autocommit mode: undefined/unknown
	Isolation level: READ_COMMITTED [default READ_COMMITTED]
	JDBC fetch size: none
	Pool: DatasourceConnectionProviderImpl
	Minimum pool size: undefined/unknown
	Maximum pool size: undefined/unknown
2025-11-30T18:28:50.364+03:00  INFO 11196 --- [auction] [main] o.h.e.t.j.p.i.JtaPlatformInitiator       : HHH000489: No JTA platform available (set 'hibernate.transaction.jta.platform' to enable JTA platform integration)
2025-11-30T18:28:50.371+03:00  INFO 11196 --- [auction] [main] j.LocalContainerEntityManagerFactoryBean : Initialized JPA EntityManagerFactory for persistence unit 'default'
2025-11-30T18:28:50.419+03:00  INFO 11196 --- [auction] [main] o.s.d.j.r.query.QueryEnhancerFactories   : Hibernate is in classpath; If applicable, HQL parser will be used.
2025-11-30T18:28:50.653+03:00  INFO 11196 --- [auction] [main] r$InitializeUserDetailsManagerConfigurer : Global AuthenticationManager configured with UserDetailsService bean with name userDetailsServiceImpl
2025-11-30T18:28:50.683+03:00  WARN 11196 --- [auction] [main] JpaBaseConfiguration$JpaWebConfiguration : spring.jpa.open-in-view is enabled by default. Therefore, database queries may be performed during view rendering. Explicitly configure spring.jpa.open-in-view to disable this warning
2025-11-30T18:28:50.832+03:00 DEBUG 11196 --- [auction] [main] o.s.s.web.DefaultSecurityFilterChain     : Will secure any request with filters: DisableEncodeUrlFilter, WebAsyncManagerIntegrationFilter, SecurityContextHolderFilter, HeaderWriterFilter, LogoutFilter, AuthTokenFilter, RequestCacheAwareFilter, SecurityContextHolderAwareRequestFilter, AnonymousAuthenticationFilter, SessionManagementFilter, ExceptionTranslationFilter, AuthorizationFilter
2025-11-30T18:28:50.880+03:00  INFO 11196 --- [auction] [main] o.s.b.w.a.WelcomePageHandlerMapping      : Adding welcome page: class path resource [static/index.html]
2025-11-30T18:28:51.085+03:00  INFO 11196 --- [auction] [main] o.s.boot.tomcat.TomcatWebServer          : Tomcat started on port 8080 (http) with context path '/'
2025-11-30T18:28:51.085+03:00  INFO 11196 --- [auction] [main] com.project.auction.AuctionApplication   : Started AuctionApplication in 3.963 seconds (process running for 4.242)
2025-11-30T18:29:00.167+03:00  INFO 11196 --- [auction] [http-nio-8080-exec-1] o.a.c.c.C.[Tomcat].[localhost].[/]       : Initializing Spring DispatcherServlet 'dispatcherServlet'
2025-11-30T18:29:00.167+03:00  INFO 11196 --- [auction] [http-nio-8080-exec-1] o.s.web.servlet.DispatcherServlet        : Initializing Servlet 'dispatcherServlet'
2025-11-30T18:29:00.167+03:00  INFO 11196 --- [auction] [http-nio-8080-exec-1] o.s.web.servlet.DispatcherServlet        : Completed initialization in 0 ms
2025-11-30T18:29:00.179+03:00 TRACE 11196 --- [auction] [http-nio-8080-exec-1] o.s.security.web.FilterChainProxy        : Trying to match request against DefaultSecurityFilterChain defined as 'filterChain' in [class path resource [com/project/auction/config/WebSecurityConfig.class]] matching [any request] and having filters [DisableEncodeUrl, WebAsyncManagerIntegration, SecurityContextHolder, HeaderWriter, Logout, AuthToken, RequestCacheAware, SecurityContextHolderAwareRequest, AnonymousAuthentication, SessionManagement, ExceptionTranslation, Authorization] (1/1)
2025-11-30T18:29:00.180+03:00 DEBUG 11196 --- [auction] [http-nio-8080-exec-1] o.s.security.web.FilterChainProxy        : Securing POST /api/auth/signup
2025-11-30T18:29:00.182+03:00 TRACE 11196 --- [auction] [http-nio-8080-exec-1] o.s.security.web.FilterChainProxy        : Invoking DisableEncodeUrlFilter (1/12)
2025-11-30T18:29:00.183+03:00 TRACE 11196 --- [auction] [http-nio-8080-exec-1] o.s.security.web.FilterChainProxy        : Invoking WebAsyncManagerIntegrationFilter (2/12)
2025-11-30T18:29:00.186+03:00 TRACE 11196 --- [auction] [http-nio-8080-exec-1] o.s.security.web.FilterChainProxy        : Invoking SecurityContextHolderFilter (3/12)
2025-11-30T18:29:00.187+03:00 TRACE 11196 --- [auction] [http-nio-8080-exec-1] o.s.security.web.FilterChainProxy        : Invoking HeaderWriterFilter (4/12)
2025-11-30T18:29:00.189+03:00 TRACE 11196 --- [auction] [http-nio-8080-exec-1] o.s.security.web.FilterChainProxy        : Invoking LogoutFilter (5/12)
2025-11-30T18:29:00.191+03:00 TRACE 11196 --- [auction] [http-nio-8080-exec-1] o.s.s.w.a.logout.LogoutFilter            : Did not match request to Or [PathPattern [GET /logout], PathPattern [POST /logout], PathPattern [PUT /logout], PathPattern [DELETE /logout]]
2025-11-30T18:29:00.191+03:00 TRACE 11196 --- [auction] [http-nio-8080-exec-1] o.s.security.web.FilterChainProxy        : Invoking AuthTokenFilter (6/12)
2025-11-30T18:29:00.193+03:00 TRACE 11196 --- [auction] [http-nio-8080-exec-1] o.s.security.web.FilterChainProxy        : Invoking RequestCacheAwareFilter (7/12)
2025-11-30T18:29:00.193+03:00 TRACE 11196 --- [auction] [http-nio-8080-exec-1] o.s.security.web.FilterChainProxy        : Invoking SecurityContextHolderAwareRequestFilter (8/12)
2025-11-30T18:29:00.194+03:00 TRACE 11196 --- [auction] [http-nio-8080-exec-1] o.s.security.web.FilterChainProxy        : Invoking AnonymousAuthenticationFilter (9/12)
2025-11-30T18:29:00.195+03:00 TRACE 11196 --- [auction] [http-nio-8080-exec-1] o.s.security.web.FilterChainProxy        : Invoking SessionManagementFilter (10/12)
2025-11-30T18:29:00.196+03:00 TRACE 11196 --- [auction] [http-nio-8080-exec-1] .s.s.w.c.SupplierDeferredSecurityContext : Created SecurityContextImpl [Null authentication]
2025-11-30T18:29:00.197+03:00 TRACE 11196 --- [auction] [http-nio-8080-exec-1] o.s.s.w.a.AnonymousAuthenticationFilter  : Set SecurityContextHolder to AnonymousAuthenticationToken [Principal=anonymousUser, Credentials=[PROTECTED], Authenticated=true, Details=WebAuthenticationDetails [RemoteIpAddress=0:0:0:0:0:0:0:1, SessionId=null], Granted Authorities=[ROLE_ANONYMOUS]]
2025-11-30T18:29:00.198+03:00 TRACE 11196 --- [auction] [http-nio-8080-exec-1] o.s.security.web.FilterChainProxy        : Invoking ExceptionTranslationFilter (11/12)
2025-11-30T18:29:00.198+03:00 TRACE 11196 --- [auction] [http-nio-8080-exec-1] o.s.security.web.FilterChainProxy        : Invoking AuthorizationFilter (12/12)
2025-11-30T18:29:00.200+03:00 TRACE 11196 --- [auction] [http-nio-8080-exec-1] estMatcherDelegatingAuthorizationManager : Authorizing POST /api/auth/signup
2025-11-30T18:29:00.201+03:00 TRACE 11196 --- [auction] [http-nio-8080-exec-1] estMatcherDelegatingAuthorizationManager : Checking authorization on POST /api/auth/signup using org.springframework.security.authorization.SingleResultAuthorizationManager@7f2bacc8
2025-11-30T18:29:00.202+03:00 DEBUG 11196 --- [auction] [http-nio-8080-exec-1] o.s.security.web.FilterChainProxy        : Secured POST /api/auth/signup
2025-11-30T18:29:00.689+03:00 TRACE 11196 --- [auction] [http-nio-8080-exec-1] o.s.s.w.header.writers.HstsHeaderWriter  : Not injecting HSTS header since it did not match request to [Is Secure]
